solid OpenSCAD_Model
  facet normal 0.0653646 -0.997861 0
    outer loop
      vertex 56 -56 0
      vertex 56.5221 -55.9658 46
      vertex 56 -56 46
    endloop
  endfacet
  facet normal 0.0653646 -0.997861 0
    outer loop
      vertex 56.5221 -55.9658 46
      vertex 56 -56 0
      vertex 56.5221 -55.9658 0
    endloop
  endfacet
  facet normal 0.321498 -0.94691 0
    outer loop
      vertex 57.0353 -55.8637 0
      vertex 57.5307 -55.6955 46
      vertex 57.0353 -55.8637 46
    endloop
  endfacet
  facet normal 0.321498 -0.94691 0
    outer loop
      vertex 57.5307 -55.6955 46
      vertex 57.0353 -55.8637 0
      vertex 57.5307 -55.6955 0
    endloop
  endfacet
  facet normal 0 -1 0
    outer loop
      vertex 45.5 -56 8
      vertex 48.5 -56 32
      vertex 45.5 -56 32
    endloop
  endfacet
  facet normal 0 -1 -0
    outer loop
      vertex 48.5 -56 32
      vertex 45.5 -56 8
      vertex 48.5 -56 8
    endloop
  endfacet
  facet normal 0 -1 0
    outer loop
      vertex 39.5 -56 8
      vertex 42.5 -56 32
      vertex 39.5 -56 32
    endloop
  endfacet
  facet normal 0 -1 -0
    outer loop
      vertex 42.5 -56 32
      vertex 39.5 -56 8
      vertex 42.5 -56 8
    endloop
  endfacet
  facet normal 0 -1 0
    outer loop
      vertex 33.5 -56 8
      vertex 36.5 -56 32
      vertex 33.5 -56 32
    endloop
  endfacet
  facet normal 0 -1 -0
    outer loop
      vertex 36.5 -56 32
      vertex 33.5 -56 8
      vertex 36.5 -56 8
    endloop
  endfacet
  facet normal 0 -1 0
    outer loop
      vertex 27.5 -56 8
      vertex 30.5 -56 32
      vertex 27.5 -56 32
    endloop
  endfacet
  facet normal 0 -1 -0
    outer loop
      vertex 30.5 -56 32
      vertex 27.5 -56 8
      vertex 30.5 -56 8
    endloop
  endfacet
  facet normal 0 -1 0
    outer loop
      vertex -24.5 -56 32
      vertex -7 -56 14
      vertex 24.5 -56 32
    endloop
  endfacet
  facet normal 0 -1 0
    outer loop
      vertex -24.5 -56 8
      vertex -7 -56 14
      vertex -24.5 -56 32
    endloop
  endfacet
  facet normal 0 -1 -0
    outer loop
      vertex -7 -56 14
      vertex -24.5 -56 8
      vertex -7 -56 4
    endloop
  endfacet
  facet normal 0 -1 0
    outer loop
      vertex -30.5 -56 8
      vertex -27.5 -56 32
      vertex -30.5 -56 32
    endloop
  endfacet
  facet normal 0 -1 -0
    outer loop
      vertex -27.5 -56 32
      vertex -30.5 -56 8
      vertex -27.5 -56 8
    endloop
  endfacet
  facet normal 0 -1 0
    outer loop
      vertex -36.5 -56 8
      vertex -33.5 -56 32
      vertex -36.5 -56 32
    endloop
  endfacet
  facet normal 0 -1 -0
    outer loop
      vertex -33.5 -56 32
      vertex -36.5 -56 8
      vertex -33.5 -56 8
    endloop
  endfacet
  facet normal 0 -1 0
    outer loop
      vertex -42.5 -56 8
      vertex -39.5 -56 32
      vertex -42.5 -56 32
    endloop
  endfacet
  facet normal 0 -1 -0
    outer loop
      vertex -39.5 -56 32
      vertex -42.5 -56 8
      vertex -39.5 -56 8
    endloop
  endfacet
  facet normal 0 -1 0
    outer loop
      vertex -48.5 -56 8
      vertex -45.5 -56 32
      vertex -48.5 -56 32
    endloop
  endfacet
  facet normal 0 -1 -0
    outer loop
      vertex -45.5 -56 32
      vertex -48.5 -56 8
      vertex -45.5 -56 8
    endloop
  endfacet
  facet normal 0 -1 0
    outer loop
      vertex -48.5 -56 32
      vertex -56 -56 46
      vertex -51.5 -56 32
    endloop
  endfacet
  facet normal 0 -1 0
    outer loop
      vertex -56 -56 0
      vertex -51.5 -56 32
      vertex -56 -56 46
    endloop
  endfacet
  facet normal 0 -1 0
    outer loop
      vertex -56 -56 0
      vertex -48.5 -56 8
      vertex -51.5 -56 8
    endloop
  endfacet
  facet normal 0 -1 -0
    outer loop
      vertex -48.5 -56 8
      vertex -56 -56 0
      vertex -45.5 -56 8
    endloop
  endfacet
  facet normal 0 -1 -0
    outer loop
      vertex -45.5 -56 8
      vertex -56 -56 0
      vertex -42.5 -56 8
    endloop
  endfacet
  facet normal 0 -1 -0
    outer loop
      vertex -42.5 -56 8
      vertex -56 -56 0
      vertex -39.5 -56 8
    endloop
  endfacet
  facet normal 0 -1 -0
    outer loop
      vertex -39.5 -56 8
      vertex -56 -56 0
      vertex -36.5 -56 8
    endloop
  endfacet
  facet normal 0 -1 -0
    outer loop
      vertex -36.5 -56 8
      vertex -56 -56 0
      vertex -33.5 -56 8
    endloop
  endfacet
  facet normal 0 -1 -0
    outer loop
      vertex -33.5 -56 8
      vertex -56 -56 0
      vertex -30.5 -56 8
    endloop
  endfacet
  facet normal 0 -1 -0
    outer loop
      vertex -30.5 -56 8
      vertex -56 -56 0
      vertex -27.5 -56 8
    endloop
  endfacet
  facet normal -0 -1 0
    outer loop
      vertex -7 -56 4
      vertex -27.5 -56 8
      vertex -56 -56 0
    endloop
  endfacet
  facet normal 0 -1 -0
    outer loop
      vertex -7 -56 4
      vertex -56 -56 0
      vertex 7 -56 4
    endloop
  endfacet
  facet normal 0 -1 0
    outer loop
      vertex -27.5 -56 8
      vertex -7 -56 4
      vertex -24.5 -56 8
    endloop
  endfacet
  facet normal 0 -1 -0
    outer loop
      vertex -51.5 -56 32
      vertex -56 -56 0
      vertex -51.5 -56 8
    endloop
  endfacet
  facet normal 0 -1 0
    outer loop
      vertex -45.5 -56 32
      vertex -56 -56 46
      vertex -48.5 -56 32
    endloop
  endfacet
  facet normal 0 -1 0
    outer loop
      vertex -42.5 -56 32
      vertex -56 -56 46
      vertex -45.5 -56 32
    endloop
  endfacet
  facet normal 0 -1 0
    outer loop
      vertex -39.5 -56 32
      vertex -56 -56 46
      vertex -42.5 -56 32
    endloop
  endfacet
  facet normal 0 -1 0
    outer loop
      vertex -36.5 -56 32
      vertex -56 -56 46
      vertex -39.5 -56 32
    endloop
  endfacet
  facet normal 0 -1 0
    outer loop
      vertex -33.5 -56 32
      vertex -56 -56 46
      vertex -36.5 -56 32
    endloop
  endfacet
  facet normal 0 -1 0
    outer loop
      vertex -30.5 -56 32
      vertex -56 -56 46
      vertex -33.5 -56 32
    endloop
  endfacet
  facet normal 0 -1 0
    outer loop
      vertex -27.5 -56 32
      vertex -56 -56 46
      vertex -30.5 -56 32
    endloop
  endfacet
  facet normal 0 -1 0
    outer loop
      vertex -24.5 -56 32
      vertex -56 -56 46
      vertex -27.5 -56 32
    endloop
  endfacet
  facet normal 0 -1 0
    outer loop
      vertex -56 -56 46
      vertex -24.5 -56 32
      vertex 56 -56 46
    endloop
  endfacet
  facet normal 0 -1 0
    outer loop
      vertex 24.5 -56 32
      vertex 56 -56 46
      vertex -24.5 -56 32
    endloop
  endfacet
  facet normal 0 -1 0
    outer loop
      vertex 27.5 -56 32
      vertex 56 -56 46
      vertex 24.5 -56 32
    endloop
  endfacet
  facet normal 0 -1 0
    outer loop
      vertex 30.5 -56 32
      vertex 56 -56 46
      vertex 27.5 -56 32
    endloop
  endfacet
  facet normal 0 -1 0
    outer loop
      vertex 33.5 -56 32
      vertex 56 -56 46
      vertex 30.5 -56 32
    endloop
  endfacet
  facet normal 0 -1 0
    outer loop
      vertex 36.5 -56 32
      vertex 56 -56 46
      vertex 33.5 -56 32
    endloop
  endfacet
  facet normal 0 -1 0
    outer loop
      vertex 39.5 -56 32
      vertex 56 -56 46
      vertex 36.5 -56 32
    endloop
  endfacet
  facet normal 0 -1 0
    outer loop
      vertex 42.5 -56 32
      vertex 56 -56 46
      vertex 39.5 -56 32
    endloop
  endfacet
  facet normal 0 -1 0
    outer loop
      vertex 45.5 -56 32
      vertex 56 -56 46
      vertex 42.5 -56 32
    endloop
  endfacet
  facet normal 0 -1 0
    outer loop
      vertex 48.5 -56 32
      vertex 56 -56 46
      vertex 45.5 -56 32
    endloop
  endfacet
  facet normal 0 -1 0
    outer loop
      vertex 51.5 -56 32
      vertex 56 -56 46
      vertex 48.5 -56 32
    endloop
  endfacet
  facet normal 0 -1 0
    outer loop
      vertex 56 -56 0
      vertex 51.5 -56 32
      vertex 51.5 -56 8
    endloop
  endfacet
  facet normal 0 -1 0
    outer loop
      vertex 51.5 -56 32
      vertex 56 -56 0
      vertex 56 -56 46
    endloop
  endfacet
  facet normal 0 -1 0
    outer loop
      vertex 48.5 -56 8
      vertex 56 -56 0
      vertex 51.5 -56 8
    endloop
  endfacet
  facet normal 0 -1 0
    outer loop
      vertex 56 -56 0
      vertex 7 -56 4
      vertex -56 -56 0
    endloop
  endfacet
  facet normal 0 -1 0
    outer loop
      vertex 7 -56 14
      vertex 24.5 -56 32
      vertex -7 -56 14
    endloop
  endfacet
  facet normal 0 -1 0
    outer loop
      vertex 7 -56 14
      vertex 24.5 -56 8
      vertex 24.5 -56 32
    endloop
  endfacet
  facet normal 0 -1 0
    outer loop
      vertex 7 -56 4
      vertex 27.5 -56 8
      vertex 24.5 -56 8
    endloop
  endfacet
  facet normal 0 -1 0
    outer loop
      vertex 56 -56 0
      vertex 27.5 -56 8
      vertex 7 -56 4
    endloop
  endfacet
  facet normal 0 -1 0
    outer loop
      vertex 27.5 -56 8
      vertex 56 -56 0
      vertex 30.5 -56 8
    endloop
  endfacet
  facet normal 0 -1 0
    outer loop
      vertex 30.5 -56 8
      vertex 56 -56 0
      vertex 33.5 -56 8
    endloop
  endfacet
  facet normal 0 -1 0
    outer loop
      vertex 33.5 -56 8
      vertex 56 -56 0
      vertex 36.5 -56 8
    endloop
  endfacet
  facet normal 0 -1 0
    outer loop
      vertex 36.5 -56 8
      vertex 56 -56 0
      vertex 39.5 -56 8
    endloop
  endfacet
  facet normal 0 -1 0
    outer loop
      vertex 39.5 -56 8
      vertex 56 -56 0
      vertex 42.5 -56 8
    endloop
  endfacet
  facet normal 0 -1 0
    outer loop
      vertex 42.5 -56 8
      vertex 56 -56 0
      vertex 45.5 -56 8
    endloop
  endfacet
  facet normal 0 -1 0
    outer loop
      vertex 45.5 -56 8
      vertex 56 -56 0
      vertex 48.5 -56 8
    endloop
  endfacet
  facet normal 0 -1 0
    outer loop
      vertex 7 -56 4
      vertex 24.5 -56 8
      vertex 7 -56 14
    endloop
  endfacet
  facet normal 0.195124 -0.980779 0
    outer loop
      vertex 56.5221 -55.9658 0
      vertex 57.0353 -55.8637 46
      vertex 56.5221 -55.9658 46
    endloop
  endfacet
  facet normal 0.195124 -0.980779 0
    outer loop
      vertex 57.0353 -55.8637 46
      vertex 56.5221 -55.9658 0
      vertex 57.0353 -55.8637 0
    endloop
  endfacet
  facet normal -0.555626 -0.831432 0
    outer loop
      vertex -58.435 -55.1734 0
      vertex -58 -55.4641 46
      vertex -58.435 -55.1734 46
    endloop
  endfacet
  facet normal -0.555626 -0.831432 -0
    outer loop
      vertex -58 -55.4641 46
      vertex -58.435 -55.1734 0
      vertex -58 -55.4641 0
    endloop
  endfacet
  facet normal 0.659343 -0.751842 0
    outer loop
      vertex 58.435 -55.1734 0
      vertex 58.8284 -54.8284 46
      vertex 58.435 -55.1734 46
    endloop
  endfacet
  facet normal 0.659343 -0.751842 0
    outer loop
      vertex 58.8284 -54.8284 46
      vertex 58.435 -55.1734 0
      vertex 58.8284 -54.8284 0
    endloop
  endfacet
  facet normal -1 0 0
    outer loop
      vertex -60 -52 0
      vertex -60 52 46
      vertex -60 52 0
    endloop
  endfacet
  facet normal -1 -0 0
    outer loop
      vertex -60 52 46
      vertex -60 -52 0
      vertex -60 -52 46
    endloop
  endfacet
  facet normal 0.321498 0.94691 -0
    outer loop
      vertex 57.5307 55.6955 0
      vertex 57.0353 55.8637 46
      vertex 57.5307 55.6955 46
    endloop
  endfacet
  facet normal 0.321498 0.94691 0
    outer loop
      vertex 57.0353 55.8637 46
      vertex 57.5307 55.6955 0
      vertex 57.0353 55.8637 0
    endloop
  endfacet
  facet normal 1 -0 0
    outer loop
      vertex 60 -52 46
      vertex 60 52 0
      vertex 60 52 46
    endloop
  endfacet
  facet normal 1 0 0
    outer loop
      vertex 60 52 0
      vertex 60 -52 46
      vertex 60 -52 0
    endloop
  endfacet
  facet normal -0.831432 -0.555626 0
    outer loop
      vertex -59.1734 -54.435 0
      vertex -59.4641 -54 46
      vertex -59.4641 -54 0
    endloop
  endfacet
  facet normal -0.831432 -0.555626 0
    outer loop
      vertex -59.4641 -54 46
      vertex -59.1734 -54.435 0
      vertex -59.1734 -54.435 46
    endloop
  endfacet
  facet normal 0 1 -0
    outer loop
      vertex 30.5 56 8
      vertex 27.5 56 32
      vertex 30.5 56 32
    endloop
  endfacet
  facet normal 0 1 0
    outer loop
      vertex 27.5 56 32
      vertex 30.5 56 8
      vertex 27.5 56 8
    endloop
  endfacet
  facet normal 0 1 -0
    outer loop
      vertex 36.5 56 8
      vertex 33.5 56 32
      vertex 36.5 56 32
    endloop
  endfacet
  facet normal 0 1 0
    outer loop
      vertex 33.5 56 32
      vertex 36.5 56 8
      vertex 33.5 56 8
    endloop
  endfacet
  facet normal 0 1 -0
    outer loop
      vertex 42.5 56 8
      vertex 39.5 56 32
      vertex 42.5 56 32
    endloop
  endfacet
  facet normal 0 1 0
    outer loop
      vertex 39.5 56 32
      vertex 42.5 56 8
      vertex 39.5 56 8
    endloop
  endfacet
  facet normal 0 1 -0
    outer loop
      vertex 48.5 56 8
      vertex 45.5 56 32
      vertex 48.5 56 32
    endloop
  endfacet
  facet normal 0 1 0
    outer loop
      vertex 45.5 56 32
      vertex 48.5 56 8
      vertex 45.5 56 8
    endloop
  endfacet
  facet normal 0 1 0
    outer loop
      vertex 48.5 56 32
      vertex 56 56 46
      vertex 51.5 56 32
    endloop
  endfacet
  facet normal 0 1 -0
    outer loop
      vertex 56 56 0
      vertex 51.5 56 32
      vertex 56 56 46
    endloop
  endfacet
  facet normal 0 1 0
    outer loop
      vertex 56 56 0
      vertex 48.5 56 8
      vertex 51.5 56 8
    endloop
  endfacet
  facet normal 0 1 0
    outer loop
      vertex 48.5 56 8
      vertex 56 56 0
      vertex 45.5 56 8
    endloop
  endfacet
  facet normal 0 1 0
    outer loop
      vertex 45.5 56 8
      vertex 56 56 0
      vertex 42.5 56 8
    endloop
  endfacet
  facet normal 0 1 0
    outer loop
      vertex 42.5 56 8
      vertex 56 56 0
      vertex 39.5 56 8
    endloop
  endfacet
  facet normal 0 1 0
    outer loop
      vertex 39.5 56 8
      vertex 56 56 0
      vertex 36.5 56 8
    endloop
  endfacet
  facet normal 0 1 0
    outer loop
      vertex 36.5 56 8
      vertex 56 56 0
      vertex 33.5 56 8
    endloop
  endfacet
  facet normal 0 1 0
    outer loop
      vertex 33.5 56 8
      vertex 56 56 0
      vertex 30.5 56 8
    endloop
  endfacet
  facet normal 0 1 0
    outer loop
      vertex 30.5 56 8
      vertex 56 56 0
      vertex 27.5 56 8
    endloop
  endfacet
  facet normal 0 1 0
    outer loop
      vertex 27.5 56 8
      vertex 56 56 0
      vertex 24.5 56 8
    endloop
  endfacet
  facet normal 0 1 0
    outer loop
      vertex 51.5 56 32
      vertex 56 56 0
      vertex 51.5 56 8
    endloop
  endfacet
  facet normal 0 1 0
    outer loop
      vertex 45.5 56 32
      vertex 56 56 46
      vertex 48.5 56 32
    endloop
  endfacet
  facet normal 0 1 0
    outer loop
      vertex 42.5 56 32
      vertex 56 56 46
      vertex 45.5 56 32
    endloop
  endfacet
  facet normal 0 1 0
    outer loop
      vertex 39.5 56 32
      vertex 56 56 46
      vertex 42.5 56 32
    endloop
  endfacet
  facet normal 0 1 0
    outer loop
      vertex 36.5 56 32
      vertex 56 56 46
      vertex 39.5 56 32
    endloop
  endfacet
  facet normal 0 1 0
    outer loop
      vertex 33.5 56 32
      vertex 56 56 46
      vertex 36.5 56 32
    endloop
  endfacet
  facet normal 0 1 0
    outer loop
      vertex 30.5 56 32
      vertex 56 56 46
      vertex 33.5 56 32
    endloop
  endfacet
  facet normal 0 1 0
    outer loop
      vertex 27.5 56 32
      vertex 56 56 46
      vertex 30.5 56 32
    endloop
  endfacet
  facet normal 0 1 0
    outer loop
      vertex 24.5 56 32
      vertex 56 56 46
      vertex 27.5 56 32
    endloop
  endfacet
  facet normal 0 1 0
    outer loop
      vertex 56 56 46
      vertex 24.5 56 32
      vertex -56 56 46
    endloop
  endfacet
  facet normal 0 1 0
    outer loop
      vertex -56 56 0
      vertex 24.5 56 32
      vertex 24.5 56 8
    endloop
  endfacet
  facet normal 0 1 0
    outer loop
      vertex 24.5 56 32
      vertex -56 56 0
      vertex -56 56 46
    endloop
  endfacet
  facet normal 0 1 0
    outer loop
      vertex -56 56 0
      vertex 24.5 56 8
      vertex 56 56 0
    endloop
  endfacet
  facet normal -0.321498 0.94691 0
    outer loop
      vertex -57.0353 55.8637 0
      vertex -57.5307 55.6955 46
      vertex -57.0353 55.8637 46
    endloop
  endfacet
  facet normal -0.321498 0.94691 0
    outer loop
      vertex -57.5307 55.6955 46
      vertex -57.0353 55.8637 0
      vertex -57.5307 55.6955 0
    endloop
  endfacet
  facet normal -0.321498 -0.94691 0
    outer loop
      vertex -57.5307 -55.6955 0
      vertex -57.0353 -55.8637 46
      vertex -57.5307 -55.6955 46
    endloop
  endfacet
  facet normal -0.321498 -0.94691 -0
    outer loop
      vertex -57.0353 -55.8637 46
      vertex -57.5307 -55.6955 0
      vertex -57.0353 -55.8637 0
    endloop
  endfacet
  facet normal -0.997861 -0.0653646 0
    outer loop
      vertex -59.9658 -52.5221 0
      vertex -60 -52 46
      vertex -60 -52 0
    endloop
  endfacet
  facet normal -0.997861 -0.0653646 0
    outer loop
      vertex -60 -52 46
      vertex -59.9658 -52.5221 0
      vertex -59.9658 -52.5221 46
    endloop
  endfacet
  facet normal 0.831432 -0.555626 0
    outer loop
      vertex 59.1734 -54.435 46
      vertex 59.4641 -54 0
      vertex 59.4641 -54 46
    endloop
  endfacet
  facet normal 0.831432 -0.555626 0
    outer loop
      vertex 59.4641 -54 0
      vertex 59.1734 -54.435 46
      vertex 59.1734 -54.435 0
    endloop
  endfacet
  facet normal -0.442238 -0.896898 0
    outer loop
      vertex -58 -55.4641 0
      vertex -57.5307 -55.6955 46
      vertex -58 -55.4641 46
    endloop
  endfacet
  facet normal -0.442238 -0.896898 -0
    outer loop
      vertex -57.5307 -55.6955 46
      vertex -58 -55.4641 0
      vertex -57.5307 -55.6955 0
    endloop
  endfacet
  facet normal -0.195124 0.980779 0
    outer loop
      vertex -56.5221 55.9658 0
      vertex -57.0353 55.8637 46
      vertex -56.5221 55.9658 46
    endloop
  endfacet
  facet normal -0.195124 0.980779 0
    outer loop
      vertex -57.0353 55.8637 46
      vertex -56.5221 55.9658 0
      vertex -57.0353 55.8637 0
    endloop
  endfacet
  facet normal -0.442238 0.896898 0
    outer loop
      vertex -57.5307 55.6955 0
      vertex -58 55.4641 46
      vertex -57.5307 55.6955 46
    endloop
  endfacet
  facet normal -0.442238 0.896898 0
    outer loop
      vertex -58 55.4641 46
      vertex -57.5307 55.6955 0
      vertex -58 55.4641 0
    endloop
  endfacet
  facet normal -0.659343 -0.751842 0
    outer loop
      vertex -58.8284 -54.8284 0
      vertex -58.435 -55.1734 46
      vertex -58.8284 -54.8284 46
    endloop
  endfacet
  facet normal -0.659343 -0.751842 -0
    outer loop
      vertex -58.435 -55.1734 46
      vertex -58.8284 -54.8284 0
      vertex -58.435 -55.1734 0
    endloop
  endfacet
  facet normal 0.442238 -0.896898 0
    outer loop
      vertex 57.5307 -55.6955 0
      vertex 58 -55.4641 46
      vertex 57.5307 -55.6955 46
    endloop
  endfacet
  facet normal 0.442238 -0.896898 0
    outer loop
      vertex 58 -55.4641 46
      vertex 57.5307 -55.6955 0
      vertex 58 -55.4641 0
    endloop
  endfacet
  facet normal -0.896898 0.442238 0
    outer loop
      vertex -59.6955 53.5307 0
      vertex -59.4641 54 46
      vertex -59.4641 54 0
    endloop
  endfacet
  facet normal -0.896898 0.442238 0
    outer loop
      vertex -59.4641 54 46
      vertex -59.6955 53.5307 0
      vertex -59.6955 53.5307 46
    endloop
  endfacet
  facet normal 0.94691 -0.321498 0
    outer loop
      vertex 59.6955 -53.5307 46
      vertex 59.8637 -53.0353 0
      vertex 59.8637 -53.0353 46
    endloop
  endfacet
  facet normal 0.94691 -0.321498 0
    outer loop
      vertex 59.8637 -53.0353 0
      vertex 59.6955 -53.5307 46
      vertex 59.6955 -53.5307 0
    endloop
  endfacet
  facet normal -0.659343 0.751842 0
    outer loop
      vertex -58.435 55.1734 0
      vertex -58.8284 54.8284 46
      vertex -58.435 55.1734 46
    endloop
  endfacet
  facet normal -0.659343 0.751842 0
    outer loop
      vertex -58.8284 54.8284 46
      vertex -58.435 55.1734 0
      vertex -58.8284 54.8284 0
    endloop
  endfacet
  facet normal -0.751842 -0.659343 0
    outer loop
      vertex -58.8284 -54.8284 0
      vertex -59.1734 -54.435 46
      vertex -59.1734 -54.435 0
    endloop
  endfacet
  facet normal -0.751842 -0.659343 0
    outer loop
      vertex -59.1734 -54.435 46
      vertex -58.8284 -54.8284 0
      vertex -58.8284 -54.8284 46
    endloop
  endfacet
  facet normal -0.94691 0.321498 0
    outer loop
      vertex -59.8637 53.0353 0
      vertex -59.6955 53.5307 46
      vertex -59.6955 53.5307 0
    endloop
  endfacet
  facet normal -0.94691 0.321498 0
    outer loop
      vertex -59.6955 53.5307 46
      vertex -59.8637 53.0353 0
      vertex -59.8637 53.0353 46
    endloop
  endfacet
  facet normal 0.555626 -0.831432 0
    outer loop
      vertex 58 -55.4641 0
      vertex 58.435 -55.1734 46
      vertex 58 -55.4641 46
    endloop
  endfacet
  facet normal 0.555626 -0.831432 0
    outer loop
      vertex 58.435 -55.1734 46
      vertex 58 -55.4641 0
      vertex 58.435 -55.1734 0
    endloop
  endfacet
  facet normal 0.555626 0.831432 -0
    outer loop
      vertex 58.435 55.1734 0
      vertex 58 55.4641 46
      vertex 58.435 55.1734 46
    endloop
  endfacet
  facet normal 0.555626 0.831432 0
    outer loop
      vertex 58 55.4641 46
      vertex 58.435 55.1734 0
      vertex 58 55.4641 0
    endloop
  endfacet
  facet normal -0.0653646 0.997861 0
    outer loop
      vertex -56 56 0
      vertex -56.5221 55.9658 46
      vertex -56 56 46
    endloop
  endfacet
  facet normal -0.0653646 0.997861 0
    outer loop
      vertex -56.5221 55.9658 46
      vertex -56 56 0
      vertex -56.5221 55.9658 0
    endloop
  endfacet
  facet normal -0.555626 0.831432 0
    outer loop
      vertex -58 55.4641 0
      vertex -58.435 55.1734 46
      vertex -58 55.4641 46
    endloop
  endfacet
  facet normal -0.555626 0.831432 0
    outer loop
      vertex -58.435 55.1734 46
      vertex -58 55.4641 0
      vertex -58.435 55.1734 0
    endloop
  endfacet
  facet normal 0.94691 0.321498 0
    outer loop
      vertex 59.8637 53.0353 46
      vertex 59.6955 53.5307 0
      vertex 59.6955 53.5307 46
    endloop
  endfacet
  facet normal 0.94691 0.321498 0
    outer loop
      vertex 59.6955 53.5307 0
      vertex 59.8637 53.0353 46
      vertex 59.8637 53.0353 0
    endloop
  endfacet
  facet normal 0.896898 0.442238 0
    outer loop
      vertex 59.6955 53.5307 46
      vertex 59.4641 54 0
      vertex 59.4641 54 46
    endloop
  endfacet
  facet normal 0.896898 0.442238 0
    outer loop
      vertex 59.4641 54 0
      vertex 59.6955 53.5307 46
      vertex 59.6955 53.5307 0
    endloop
  endfacet
  facet normal 0 0 -1
    outer loop
      vertex 56 -56 0
      vertex 60 -52 0
      vertex 59.9658 -52.5221 0
    endloop
  endfacet
  facet normal 0 0 -1
    outer loop
      vertex 60 -52 0
      vertex 31.9486 25.875 0
      vertex 60 52 0
    endloop
  endfacet
  facet normal 0 0 -1
    outer loop
      vertex 56 -56 0
      vertex 59.9658 -52.5221 0
      vertex 59.8637 -53.0353 0
    endloop
  endfacet
  facet normal 0 -0 -1
    outer loop
      vertex 32.0787 26.139 0
      vertex 60 52 0
      vertex 31.9486 25.875 0
    endloop
  endfacet
  facet normal 0 0 -1
    outer loop
      vertex 56 -56 0
      vertex 59.8637 -53.0353 0
      vertex 59.6955 -53.5307 0
    endloop
  endfacet
  facet normal 0 -0 -1
    outer loop
      vertex 32.2308 26.7063 0
      vertex 60 52 0
      vertex 32.1733 26.4177 0
    endloop
  endfacet
  facet normal 0 0 -1
    outer loop
      vertex 56 -56 0
      vertex 59.6955 -53.5307 0
      vertex 59.4641 -54 0
    endloop
  endfacet
  facet normal 0 -0 -1
    outer loop
      vertex 34.1575 33.2779 0
      vertex 60 52 0
      vertex 32.2308 26.7063 0
    endloop
  endfacet
  facet normal 0 0 -1
    outer loop
      vertex 56 -56 0
      vertex 59.4641 -54 0
      vertex 59.1734 -54.435 0
    endloop
  endfacet
  facet normal 0 -0 -1
    outer loop
      vertex 34.3467 33.8353 0
      vertex 60 52 0
      vertex 34.1575 33.2779 0
    endloop
  endfacet
  facet normal 0 0 -1
    outer loop
      vertex 56 -56 0
      vertex 59.1734 -54.435 0
      vertex 58.8284 -54.8284 0
    endloop
  endfacet
  facet normal 0 -0 -1
    outer loop
      vertex 34.4615 34.4126 0
      vertex 60 52 0
      vertex 34.3467 33.8353 0
    endloop
  endfacet
  facet normal 0 0 -1
    outer loop
      vertex 56 -56 0
      vertex 58.8284 -54.8284 0
      vertex 58.435 -55.1734 0
    endloop
  endfacet
  facet normal 0 -0 -1
    outer loop
      vertex 34.5 35 0
      vertex 60 52 0
      vertex 34.4615 34.4126 0
    endloop
  endfacet
  facet normal 0 0 -1
    outer loop
      vertex 56 -56 0
      vertex 58.435 -55.1734 0
      vertex 58 -55.4641 0
    endloop
  endfacet
  facet normal 0 0 -1
    outer loop
      vertex 34.4615 35.5874 0
      vertex 60 52 0
      vertex 34.5 35 0
    endloop
  endfacet
  facet normal 0 0 -1
    outer loop
      vertex 56 -56 0
      vertex 58 -55.4641 0
      vertex 57.5307 -55.6955 0
    endloop
  endfacet
  facet normal 0 0 -1
    outer loop
      vertex 34.3467 36.1647 0
      vertex 60 52 0
      vertex 34.4615 35.5874 0
    endloop
  endfacet
  facet normal 0 0 -1
    outer loop
      vertex 56 -56 0
      vertex 57.5307 -55.6955 0
      vertex 57.0353 -55.8637 0
    endloop
  endfacet
  facet normal 0 -0 -1
    outer loop
      vertex 56 56 0
      vertex 60 52 0
      vertex 34.1575 36.7221 0
    endloop
  endfacet
  facet normal 0 0 -1
    outer loop
      vertex 56 -56 0
      vertex 57.0353 -55.8637 0
      vertex 56.5221 -55.9658 0
    endloop
  endfacet
  facet normal 0 0 -1
    outer loop
      vertex 60 52 0
      vertex 56 56 0
      vertex 59.9658 52.5221 0
    endloop
  endfacet
  facet normal 0 0 -1
    outer loop
      vertex 29.7063 24.7692 0
      vertex 60 -52 0
      vertex 56 -56 0
    endloop
  endfacet
  facet normal 0 0 -1
    outer loop
      vertex 59.9658 52.5221 0
      vertex 56 56 0
      vertex 59.8637 53.0353 0
    endloop
  endfacet
  facet normal 0 0 -1
    outer loop
      vertex 59.6955 53.5307 0
      vertex 56 56 0
      vertex 59.4641 54 0
    endloop
  endfacet
  facet normal 0 0 -1
    outer loop
      vertex 57.0353 55.8637 0
      vertex 56 56 0
      vertex 56.5221 55.9658 0
    endloop
  endfacet
  facet normal 0 0 -1
    outer loop
      vertex 57.5307 55.6955 0
      vertex 56 56 0
      vertex 57.0353 55.8637 0
    endloop
  endfacet
  facet normal 0 0 -1
    outer loop
      vertex 58.435 55.1734 0
      vertex 56 56 0
      vertex 58 55.4641 0
    endloop
  endfacet
  facet normal 0 0 -1
    outer loop
      vertex 58.8284 54.8284 0
      vertex 56 56 0
      vertex 58.435 55.1734 0
    endloop
  endfacet
  facet normal 0 0 -1
    outer loop
      vertex 34.1575 36.7221 0
      vertex 60 52 0
      vertex 34.3467 36.1647 0
    endloop
  endfacet
  facet normal 0 -0 -1
    outer loop
      vertex 32.25 27 0
      vertex 33.8971 32.75 0
      vertex 32.2308 26.7063 0
    endloop
  endfacet
  facet normal 0 0 -1
    outer loop
      vertex 33.8971 32.75 0
      vertex 32.25 27 0
      vertex 33.5701 32.2606 0
    endloop
  endfacet
  facet normal 0 0 -1
    outer loop
      vertex 33.5701 32.2606 0
      vertex 32.25 27 0
      vertex 33.182 31.818 0
    endloop
  endfacet
  facet normal 0 0 -1
    outer loop
      vertex 33.182 31.818 0
      vertex 32.25 27 0
      vertex 32.7394 31.4299 0
    endloop
  endfacet
  facet normal 0 0 -1
    outer loop
      vertex 34.1575 33.2779 0
      vertex 32.2308 26.7063 0
      vertex 33.8971 32.75 0
    endloop
  endfacet
  facet normal 0 0 -1
    outer loop
      vertex 59.4641 54 0
      vertex 56 56 0
      vertex 59.1734 54.435 0
    endloop
  endfacet
  facet normal 0 -0 -1
    outer loop
      vertex 32.1733 26.4177 0
      vertex 60 52 0
      vertex 32.0787 26.139 0
    endloop
  endfacet
  facet normal 0 0 -1
    outer loop
      vertex 60 -52 0
      vertex 31.785 25.6303 0
      vertex 31.9486 25.875 0
    endloop
  endfacet
  facet normal 0 0 -1
    outer loop
      vertex 60 -52 0
      vertex 31.591 25.409 0
      vertex 31.785 25.6303 0
    endloop
  endfacet
  facet normal 0 0 -1
    outer loop
      vertex 60 -52 0
      vertex 31.3697 25.215 0
      vertex 31.591 25.409 0
    endloop
  endfacet
  facet normal 0 0 -1
    outer loop
      vertex 60 -52 0
      vertex 31.125 25.0514 0
      vertex 31.3697 25.215 0
    endloop
  endfacet
  facet normal 0 0 -1
    outer loop
      vertex 60 -52 0
      vertex 30.861 24.9213 0
      vertex 31.125 25.0514 0
    endloop
  endfacet
  facet normal 0 0 -1
    outer loop
      vertex 60 -52 0
      vertex 30.5823 24.8267 0
      vertex 30.861 24.9213 0
    endloop
  endfacet
  facet normal 0 0 -1
    outer loop
      vertex 60 -52 0
      vertex 30.2937 24.7692 0
      vertex 30.5823 24.8267 0
    endloop
  endfacet
  facet normal 0 0 -1
    outer loop
      vertex 60 -52 0
      vertex 30 24.75 0
      vertex 30.2937 24.7692 0
    endloop
  endfacet
  facet normal 0 0 -1
    outer loop
      vertex 60 -52 0
      vertex 29.7063 24.7692 0
      vertex 30 24.75 0
    endloop
  endfacet
  facet normal 0 0 -1
    outer loop
      vertex 56 -56 0
      vertex 29.4177 24.8267 0
      vertex 29.7063 24.7692 0
    endloop
  endfacet
  facet normal 0 0 -1
    outer loop
      vertex 56 -56 0
      vertex 29.139 24.9213 0
      vertex 29.4177 24.8267 0
    endloop
  endfacet
  facet normal 0 0 -1
    outer loop
      vertex 56 -56 0
      vertex 28.875 25.0514 0
      vertex 29.139 24.9213 0
    endloop
  endfacet
  facet normal 0 0 -1
    outer loop
      vertex -28.875 25.0514 0
      vertex 28.875 25.0514 0
      vertex 56 -56 0
    endloop
  endfacet
  facet normal 0 0 -1
    outer loop
      vertex 28.875 25.0514 0
      vertex -28.875 25.0514 0
      vertex 28.6303 25.215 0
    endloop
  endfacet
  facet normal 0 -0 -1
    outer loop
      vertex -28.6303 25.215 0
      vertex 28.6303 25.215 0
      vertex -28.875 25.0514 0
    endloop
  endfacet
  facet normal 0 0 -1
    outer loop
      vertex 28.6303 25.215 0
      vertex -28.6303 25.215 0
      vertex 28.409 25.409 0
    endloop
  endfacet
  facet normal 0 -0 -1
    outer loop
      vertex -28.409 25.409 0
      vertex 28.409 25.409 0
      vertex -28.6303 25.215 0
    endloop
  endfacet
  facet normal 0 0 -1
    outer loop
      vertex 27.75 27 0
      vertex 27.2606 31.4299 0
      vertex 27.75 31.1029 0
    endloop
  endfacet
  facet normal 0 0 -1
    outer loop
      vertex 26.1029 32.75 0
      vertex 27.75 27 0
      vertex 27.7692 26.7063 0
    endloop
  endfacet
  facet normal 0 0 -1
    outer loop
      vertex 27.75 27 0
      vertex 26.818 31.818 0
      vertex 27.2606 31.4299 0
    endloop
  endfacet
  facet normal 0 0 -1
    outer loop
      vertex 27.75 27 0
      vertex 26.4299 32.2606 0
      vertex 26.818 31.818 0
    endloop
  endfacet
  facet normal 0 0 -1
    outer loop
      vertex -27.7692 26.7063 0
      vertex 27.7692 26.7063 0
      vertex 27.8267 26.4177 0
    endloop
  endfacet
  facet normal 0 0 -1
    outer loop
      vertex 27.75 27 0
      vertex 26.1029 32.75 0
      vertex 26.4299 32.2606 0
    endloop
  endfacet
  facet normal 0 0 -1
    outer loop
      vertex 27.7692 26.7063 0
      vertex 25.8425 33.2779 0
      vertex 26.1029 32.75 0
    endloop
  endfacet
  facet normal 0 0 -1
    outer loop
      vertex 27.7692 26.7063 0
      vertex -25.8425 33.2779 0
      vertex 25.8425 33.2779 0
    endloop
  endfacet
  facet normal 0 0 -1
    outer loop
      vertex 25.5385 34.4126 0
      vertex -25.5 35 0
      vertex 25.5 35 0
    endloop
  endfacet
  facet normal 0 0 -1
    outer loop
      vertex -25.5385 34.4126 0
      vertex 25.5385 34.4126 0
      vertex 25.6533 33.8353 0
    endloop
  endfacet
  facet normal 0 0 -1
    outer loop
      vertex 25.8425 33.2779 0
      vertex -25.8425 33.2779 0
      vertex 25.6533 33.8353 0
    endloop
  endfacet
  facet normal 0 0 -1
    outer loop
      vertex -27.8267 26.4177 0
      vertex 27.8267 26.4177 0
      vertex 27.9213 26.139 0
    endloop
  endfacet
  facet normal 0 0 -1
    outer loop
      vertex 28.409 25.409 0
      vertex -28.409 25.409 0
      vertex 28.215 25.6303 0
    endloop
  endfacet
  facet normal 0 0 -1
    outer loop
      vertex 25.5385 34.4126 0
      vertex -25.5385 34.4126 0
      vertex -25.5 35 0
    endloop
  endfacet
  facet normal 0 0 -1
    outer loop
      vertex 25.6533 33.8353 0
      vertex -25.6533 33.8353 0
      vertex -25.5385 34.4126 0
    endloop
  endfacet
  facet normal -0 0 -1
    outer loop
      vertex 25.6533 33.8353 0
      vertex -25.8425 33.2779 0
      vertex -25.6533 33.8353 0
    endloop
  endfacet
  facet normal 0 0 -1
    outer loop
      vertex 27.8267 26.4177 0
      vertex -27.8267 26.4177 0
      vertex -27.7692 26.7063 0
    endloop
  endfacet
  facet normal 0 0 -1
    outer loop
      vertex 27.7692 26.7063 0
      vertex -27.7692 26.7063 0
      vertex -25.8425 33.2779 0
    endloop
  endfacet
  facet normal 0 -0 -1
    outer loop
      vertex -27.75 27 0
      vertex -26.1029 32.75 0
      vertex -27.7692 26.7063 0
    endloop
  endfacet
  facet normal 0 0 -1
    outer loop
      vertex -26.1029 32.75 0
      vertex -27.75 27 0
      vertex -26.4299 32.2606 0
    endloop
  endfacet
  facet normal 0 0 -1
    outer loop
      vertex -26.4299 32.2606 0
      vertex -27.75 27 0
      vertex -26.818 31.818 0
    endloop
  endfacet
  facet normal 0 0 -1
    outer loop
      vertex -26.818 31.818 0
      vertex -27.75 27 0
      vertex -27.2606 31.4299 0
    endloop
  endfacet
  facet normal 0 0 -1
    outer loop
      vertex -25.8425 33.2779 0
      vertex -27.7692 26.7063 0
      vertex -26.1029 32.75 0
    endloop
  endfacet
  facet normal 0 0 -1
    outer loop
      vertex 27.9213 26.139 0
      vertex -27.9213 26.139 0
      vertex -27.8267 26.4177 0
    endloop
  endfacet
  facet normal -0 0 -1
    outer loop
      vertex 27.9213 26.139 0
      vertex -28.0514 25.875 0
      vertex -27.9213 26.139 0
    endloop
  endfacet
  facet normal 0 0 -1
    outer loop
      vertex 28.0514 25.875 0
      vertex -28.0514 25.875 0
      vertex 27.9213 26.139 0
    endloop
  endfacet
  facet normal 0 -0 -1
    outer loop
      vertex -28.0514 25.875 0
      vertex 28.0514 25.875 0
      vertex -28.215 25.6303 0
    endloop
  endfacet
  facet normal 0 0 -1
    outer loop
      vertex 28.215 25.6303 0
      vertex -28.215 25.6303 0
      vertex 28.0514 25.875 0
    endloop
  endfacet
  facet normal 0 -0 -1
    outer loop
      vertex -28.215 25.6303 0
      vertex 28.215 25.6303 0
      vertex -28.409 25.409 0
    endloop
  endfacet
  facet normal 0 0 -1
    outer loop
      vertex -56 -56 0
      vertex -28.875 25.0514 0
      vertex 56 -56 0
    endloop
  endfacet
  facet normal 0 0 -1
    outer loop
      vertex -28.875 25.0514 0
      vertex -56 -56 0
      vertex -29.139 24.9213 0
    endloop
  endfacet
  facet normal 0 0 -1
    outer loop
      vertex -29.139 24.9213 0
      vertex -56 -56 0
      vertex -29.4177 24.8267 0
    endloop
  endfacet
  facet normal 0 0 -1
    outer loop
      vertex -29.4177 24.8267 0
      vertex -56 -56 0
      vertex -29.7063 24.7692 0
    endloop
  endfacet
  facet normal 0 0 -1
    outer loop
      vertex -60 -52 0
      vertex -29.7063 24.7692 0
      vertex -56 -56 0
    endloop
  endfacet
  facet normal 0 0 -1
    outer loop
      vertex -29.7063 24.7692 0
      vertex -60 -52 0
      vertex -30 24.75 0
    endloop
  endfacet
  facet normal -0 0 -1
    outer loop
      vertex -30 24.75 0
      vertex -60 -52 0
      vertex -30.2937 24.7692 0
    endloop
  endfacet
  facet normal -0 0 -1
    outer loop
      vertex -30.2937 24.7692 0
      vertex -60 -52 0
      vertex -30.5823 24.8267 0
    endloop
  endfacet
  facet normal -0 0 -1
    outer loop
      vertex -30.5823 24.8267 0
      vertex -60 -52 0
      vertex -30.861 24.9213 0
    endloop
  endfacet
  facet normal -0 0 -1
    outer loop
      vertex -30.861 24.9213 0
      vertex -60 -52 0
      vertex -31.125 25.0514 0
    endloop
  endfacet
  facet normal 0 0 -1
    outer loop
      vertex -32.25 27 0
      vertex -32.7394 31.4299 0
      vertex -32.25 31.1029 0
    endloop
  endfacet
  facet normal 0 0 -1
    outer loop
      vertex -33.8971 32.75 0
      vertex -32.25 27 0
      vertex -32.2308 26.7063 0
    endloop
  endfacet
  facet normal 0 0 -1
    outer loop
      vertex -32.25 27 0
      vertex -33.182 31.818 0
      vertex -32.7394 31.4299 0
    endloop
  endfacet
  facet normal 0 0 -1
    outer loop
      vertex -32.25 27 0
      vertex -33.5701 32.2606 0
      vertex -33.182 31.818 0
    endloop
  endfacet
  facet normal 0 0 -1
    outer loop
      vertex -60 52 0
      vertex -32.2308 26.7063 0
      vertex -32.1733 26.4177 0
    endloop
  endfacet
  facet normal 0 0 -1
    outer loop
      vertex -32.25 27 0
      vertex -33.8971 32.75 0
      vertex -33.5701 32.2606 0
    endloop
  endfacet
  facet normal 0 0 -1
    outer loop
      vertex -32.2308 26.7063 0
      vertex -34.1575 33.2779 0
      vertex -33.8971 32.75 0
    endloop
  endfacet
  facet normal 0 0 -1
    outer loop
      vertex -32.2308 26.7063 0
      vertex -60 52 0
      vertex -34.1575 33.2779 0
    endloop
  endfacet
  facet normal 0 0 -1
    outer loop
      vertex -34.1575 33.2779 0
      vertex -60 52 0
      vertex -34.3467 33.8353 0
    endloop
  endfacet
  facet normal 0 0 -1
    outer loop
      vertex -32.0787 26.139 0
      vertex -60 52 0
      vertex -32.1733 26.4177 0
    endloop
  endfacet
  facet normal 0 0 -1
    outer loop
      vertex -31.9486 25.875 0
      vertex -60 52 0
      vertex -32.0787 26.139 0
    endloop
  endfacet
  facet normal 0 0 -1
    outer loop
      vertex -60 52 0
      vertex -31.9486 25.875 0
      vertex -60 -52 0
    endloop
  endfacet
  facet normal -0 0 -1
    outer loop
      vertex -31.785 25.6303 0
      vertex -60 -52 0
      vertex -31.9486 25.875 0
    endloop
  endfacet
  facet normal -0 0 -1
    outer loop
      vertex -31.591 25.409 0
      vertex -60 -52 0
      vertex -31.785 25.6303 0
    endloop
  endfacet
  facet normal -0 0 -1
    outer loop
      vertex -31.3697 25.215 0
      vertex -60 -52 0
      vertex -31.591 25.409 0
    endloop
  endfacet
  facet normal -0 0 -1
    outer loop
      vertex -31.125 25.0514 0
      vertex -60 -52 0
      vertex -31.3697 25.215 0
    endloop
  endfacet
  facet normal 0 0 -1
    outer loop
      vertex 58 55.4641 0
      vertex 56 56 0
      vertex 57.5307 55.6955 0
    endloop
  endfacet
  facet normal 0 0 -1
    outer loop
      vertex 59.1734 54.435 0
      vertex 56 56 0
      vertex 58.8284 54.8284 0
    endloop
  endfacet
  facet normal 0 0 -1
    outer loop
      vertex 59.8637 53.0353 0
      vertex 56 56 0
      vertex 59.6955 53.5307 0
    endloop
  endfacet
  facet normal 0 0 -1
    outer loop
      vertex 33.8971 37.25 0
      vertex 56 56 0
      vertex 34.1575 36.7221 0
    endloop
  endfacet
  facet normal 0 0 -1
    outer loop
      vertex 33.5701 37.7394 0
      vertex 56 56 0
      vertex 33.8971 37.25 0
    endloop
  endfacet
  facet normal 0 0 -1
    outer loop
      vertex 33.182 38.182 0
      vertex 56 56 0
      vertex 33.5701 37.7394 0
    endloop
  endfacet
  facet normal 0 0 -1
    outer loop
      vertex 32.7394 38.5701 0
      vertex 56 56 0
      vertex 33.182 38.182 0
    endloop
  endfacet
  facet normal 0 0 -1
    outer loop
      vertex 32.25 38.8971 0
      vertex 56 56 0
      vertex 32.7394 38.5701 0
    endloop
  endfacet
  facet normal 0 0 -1
    outer loop
      vertex 31.7221 39.1575 0
      vertex 56 56 0
      vertex 32.25 38.8971 0
    endloop
  endfacet
  facet normal 0 0 -1
    outer loop
      vertex 31.1647 39.3467 0
      vertex 56 56 0
      vertex 31.7221 39.1575 0
    endloop
  endfacet
  facet normal 0 0 -1
    outer loop
      vertex 30.5874 39.4615 0
      vertex 56 56 0
      vertex 31.1647 39.3467 0
    endloop
  endfacet
  facet normal 0 0 -1
    outer loop
      vertex 30 39.5 0
      vertex 56 56 0
      vertex 30.5874 39.4615 0
    endloop
  endfacet
  facet normal 0 0 -1
    outer loop
      vertex 29.4126 39.4615 0
      vertex 56 56 0
      vertex 30 39.5 0
    endloop
  endfacet
  facet normal 0 0 -1
    outer loop
      vertex 28.8353 39.3467 0
      vertex 56 56 0
      vertex 29.4126 39.4615 0
    endloop
  endfacet
  facet normal 0 0 -1
    outer loop
      vertex 28.2779 39.1575 0
      vertex 56 56 0
      vertex 28.8353 39.3467 0
    endloop
  endfacet
  facet normal 0 0 -1
    outer loop
      vertex -28.2779 39.1575 0
      vertex 28.2779 39.1575 0
      vertex 27.75 38.8971 0
    endloop
  endfacet
  facet normal 0 0 -1
    outer loop
      vertex -25.5 35 0
      vertex 25.5385 35.5874 0
      vertex 25.5 35 0
    endloop
  endfacet
  facet normal 0 0 -1
    outer loop
      vertex -25.5385 35.5874 0
      vertex 25.5385 35.5874 0
      vertex -25.5 35 0
    endloop
  endfacet
  facet normal 0 0 -1
    outer loop
      vertex 25.5385 35.5874 0
      vertex -25.5385 35.5874 0
      vertex 25.6533 36.1647 0
    endloop
  endfacet
  facet normal 0 0 -1
    outer loop
      vertex -25.6533 36.1647 0
      vertex 25.6533 36.1647 0
      vertex -25.5385 35.5874 0
    endloop
  endfacet
  facet normal 0 0 -1
    outer loop
      vertex 25.6533 36.1647 0
      vertex -25.6533 36.1647 0
      vertex 25.8425 36.7221 0
    endloop
  endfacet
  facet normal 0 0 -1
    outer loop
      vertex -25.8425 36.7221 0
      vertex 25.8425 36.7221 0
      vertex -25.6533 36.1647 0
    endloop
  endfacet
  facet normal 0 0 -1
    outer loop
      vertex 25.8425 36.7221 0
      vertex -25.8425 36.7221 0
      vertex 26.1029 37.25 0
    endloop
  endfacet
  facet normal 0 0 -1
    outer loop
      vertex -26.1029 37.25 0
      vertex 26.1029 37.25 0
      vertex -25.8425 36.7221 0
    endloop
  endfacet
  facet normal 0 0 -1
    outer loop
      vertex 26.1029 37.25 0
      vertex -26.1029 37.25 0
      vertex 26.4299 37.7394 0
    endloop
  endfacet
  facet normal 0 0 -1
    outer loop
      vertex -26.4299 37.7394 0
      vertex 26.4299 37.7394 0
      vertex -26.1029 37.25 0
    endloop
  endfacet
  facet normal 0 0 -1
    outer loop
      vertex 26.4299 37.7394 0
      vertex -26.4299 37.7394 0
      vertex 26.818 38.182 0
    endloop
  endfacet
  facet normal 0 0 -1
    outer loop
      vertex -26.818 38.182 0
      vertex 26.818 38.182 0
      vertex -26.4299 37.7394 0
    endloop
  endfacet
  facet normal 0 0 -1
    outer loop
      vertex 26.818 38.182 0
      vertex -26.818 38.182 0
      vertex 27.2606 38.5701 0
    endloop
  endfacet
  facet normal 0 0 -1
    outer loop
      vertex -27.2606 38.5701 0
      vertex 27.2606 38.5701 0
      vertex -26.818 38.182 0
    endloop
  endfacet
  facet normal 0 0 -1
    outer loop
      vertex 27.2606 38.5701 0
      vertex -27.2606 38.5701 0
      vertex 27.75 38.8971 0
    endloop
  endfacet
  facet normal 0 0 -1
    outer loop
      vertex -27.75 38.8971 0
      vertex 27.75 38.8971 0
      vertex -27.2606 38.5701 0
    endloop
  endfacet
  facet normal 0 0 -1
    outer loop
      vertex -28.2779 39.1575 0
      vertex 27.75 38.8971 0
      vertex -27.75 38.8971 0
    endloop
  endfacet
  facet normal 0 0 -1
    outer loop
      vertex 28.2779 39.1575 0
      vertex -28.2779 39.1575 0
      vertex 56 56 0
    endloop
  endfacet
  facet normal 0 0 -1
    outer loop
      vertex -56 56 0
      vertex -28.2779 39.1575 0
      vertex -28.8353 39.3467 0
    endloop
  endfacet
  facet normal 0 0 -1
    outer loop
      vertex -56 56 0
      vertex -28.8353 39.3467 0
      vertex -29.4126 39.4615 0
    endloop
  endfacet
  facet normal 0 0 -1
    outer loop
      vertex -56 56 0
      vertex -29.4126 39.4615 0
      vertex -30 39.5 0
    endloop
  endfacet
  facet normal 0 0 -1
    outer loop
      vertex -56 56 0
      vertex -30 39.5 0
      vertex -30.5874 39.4615 0
    endloop
  endfacet
  facet normal 0 0 -1
    outer loop
      vertex -34.3467 33.8353 0
      vertex -60 52 0
      vertex -34.4615 34.4126 0
    endloop
  endfacet
  facet normal 0 0 -1
    outer loop
      vertex -34.4615 34.4126 0
      vertex -60 52 0
      vertex -34.5 35 0
    endloop
  endfacet
  facet normal 0 0 -1
    outer loop
      vertex -28.2779 39.1575 0
      vertex -56 56 0
      vertex 56 56 0
    endloop
  endfacet
  facet normal 0 0 -1
    outer loop
      vertex -31.1647 39.3467 0
      vertex -56 56 0
      vertex -30.5874 39.4615 0
    endloop
  endfacet
  facet normal 0 0 -1
    outer loop
      vertex -31.7221 39.1575 0
      vertex -56 56 0
      vertex -31.1647 39.3467 0
    endloop
  endfacet
  facet normal 0 0 -1
    outer loop
      vertex -32.25 38.8971 0
      vertex -56 56 0
      vertex -31.7221 39.1575 0
    endloop
  endfacet
  facet normal 0 0 -1
    outer loop
      vertex -32.7394 38.5701 0
      vertex -56 56 0
      vertex -32.25 38.8971 0
    endloop
  endfacet
  facet normal 0 0 -1
    outer loop
      vertex -33.182 38.182 0
      vertex -56 56 0
      vertex -32.7394 38.5701 0
    endloop
  endfacet
  facet normal 0 0 -1
    outer loop
      vertex -33.5701 37.7394 0
      vertex -56 56 0
      vertex -33.182 38.182 0
    endloop
  endfacet
  facet normal 0 0 -1
    outer loop
      vertex -33.8971 37.25 0
      vertex -56 56 0
      vertex -33.5701 37.7394 0
    endloop
  endfacet
  facet normal 0 0 -1
    outer loop
      vertex -34.1575 36.7221 0
      vertex -56 56 0
      vertex -33.8971 37.25 0
    endloop
  endfacet
  facet normal 0 0 -1
    outer loop
      vertex -60 52 0
      vertex -34.1575 36.7221 0
      vertex -34.3467 36.1647 0
    endloop
  endfacet
  facet normal 0 0 -1
    outer loop
      vertex -34.5 35 0
      vertex -60 52 0
      vertex -34.4615 35.5874 0
    endloop
  endfacet
  facet normal 0 0 -1
    outer loop
      vertex -60 -52 0
      vertex -56 -56 0
      vertex -56.5221 -55.9658 0
    endloop
  endfacet
  facet normal 0 0 -1
    outer loop
      vertex -34.4615 35.5874 0
      vertex -60 52 0
      vertex -34.3467 36.1647 0
    endloop
  endfacet
  facet normal 0 0 -1
    outer loop
      vertex -60 -52 0
      vertex -56.5221 -55.9658 0
      vertex -57.0353 -55.8637 0
    endloop
  endfacet
  facet normal 0 0 -1
    outer loop
      vertex -34.1575 36.7221 0
      vertex -60 52 0
      vertex -56 56 0
    endloop
  endfacet
  facet normal 0 0 -1
    outer loop
      vertex -60 -52 0
      vertex -57.0353 -55.8637 0
      vertex -57.5307 -55.6955 0
    endloop
  endfacet
  facet normal 0 0 -1
    outer loop
      vertex -56 56 0
      vertex -60 52 0
      vertex -56.5221 55.9658 0
    endloop
  endfacet
  facet normal 0 0 -1
    outer loop
      vertex -60 -52 0
      vertex -57.5307 -55.6955 0
      vertex -58 -55.4641 0
    endloop
  endfacet
  facet normal 0 0 -1
    outer loop
      vertex -56.5221 55.9658 0
      vertex -60 52 0
      vertex -57.0353 55.8637 0
    endloop
  endfacet
  facet normal 0 0 -1
    outer loop
      vertex -60 -52 0
      vertex -58 -55.4641 0
      vertex -58.435 -55.1734 0
    endloop
  endfacet
  facet normal 0 0 -1
    outer loop
      vertex -57.0353 55.8637 0
      vertex -60 52 0
      vertex -57.5307 55.6955 0
    endloop
  endfacet
  facet normal 0 0 -1
    outer loop
      vertex -60 -52 0
      vertex -58.435 -55.1734 0
      vertex -58.8284 -54.8284 0
    endloop
  endfacet
  facet normal 0 0 -1
    outer loop
      vertex -57.5307 55.6955 0
      vertex -60 52 0
      vertex -58 55.4641 0
    endloop
  endfacet
  facet normal 0 0 -1
    outer loop
      vertex -60 -52 0
      vertex -58.8284 -54.8284 0
      vertex -59.1734 -54.435 0
    endloop
  endfacet
  facet normal 0 0 -1
    outer loop
      vertex -58 55.4641 0
      vertex -60 52 0
      vertex -58.435 55.1734 0
    endloop
  endfacet
  facet normal 0 0 -1
    outer loop
      vertex -60 -52 0
      vertex -59.1734 -54.435 0
      vertex -59.4641 -54 0
    endloop
  endfacet
  facet normal 0 0 -1
    outer loop
      vertex -58.435 55.1734 0
      vertex -60 52 0
      vertex -58.8284 54.8284 0
    endloop
  endfacet
  facet normal 0 0 -1
    outer loop
      vertex -60 -52 0
      vertex -59.4641 -54 0
      vertex -59.6955 -53.5307 0
    endloop
  endfacet
  facet normal 0 0 -1
    outer loop
      vertex -58.8284 54.8284 0
      vertex -60 52 0
      vertex -59.1734 54.435 0
    endloop
  endfacet
  facet normal 0 0 -1
    outer loop
      vertex -60 -52 0
      vertex -59.6955 -53.5307 0
      vertex -59.8637 -53.0353 0
    endloop
  endfacet
  facet normal 0 0 -1
    outer loop
      vertex -59.1734 54.435 0
      vertex -60 52 0
      vertex -59.4641 54 0
    endloop
  endfacet
  facet normal 0 0 -1
    outer loop
      vertex -60 -52 0
      vertex -59.8637 -53.0353 0
      vertex -59.9658 -52.5221 0
    endloop
  endfacet
  facet normal 0 0 -1
    outer loop
      vertex -59.4641 54 0
      vertex -60 52 0
      vertex -59.6955 53.5307 0
    endloop
  endfacet
  facet normal 0 0 -1
    outer loop
      vertex -59.6955 53.5307 0
      vertex -60 52 0
      vertex -59.8637 53.0353 0
    endloop
  endfacet
  facet normal 0 0 -1
    outer loop
      vertex -59.8637 53.0353 0
      vertex -60 52 0
      vertex -59.9658 52.5221 0
    endloop
  endfacet
  facet normal 0 0 -1
    outer loop
      vertex 32.7394 31.4299 0
      vertex 32.25 27 0
      vertex 32.25 31.1029 0
    endloop
  endfacet
  facet normal 0 0 -1
    outer loop
      vertex -27.2606 31.4299 0
      vertex -27.75 27 0
      vertex -27.75 31.1029 0
    endloop
  endfacet
  facet normal -0.980779 0.195124 0
    outer loop
      vertex -59.9658 52.5221 0
      vertex -59.8637 53.0353 46
      vertex -59.8637 53.0353 0
    endloop
  endfacet
  facet normal -0.980779 0.195124 0
    outer loop
      vertex -59.8637 53.0353 46
      vertex -59.9658 52.5221 0
      vertex -59.9658 52.5221 46
    endloop
  endfacet
  facet normal 0.0653646 0.997861 -0
    outer loop
      vertex 56.5221 55.9658 0
      vertex 56 56 46
      vertex 56.5221 55.9658 46
    endloop
  endfacet
  facet normal 0.0653646 0.997861 0
    outer loop
      vertex 56 56 46
      vertex 56.5221 55.9658 0
      vertex 56 56 0
    endloop
  endfacet
  facet normal -0.997861 0.0653646 0
    outer loop
      vertex -60 52 0
      vertex -59.9658 52.5221 46
      vertex -59.9658 52.5221 0
    endloop
  endfacet
  facet normal -0.997861 0.0653646 0
    outer loop
      vertex -59.9658 52.5221 46
      vertex -60 52 0
      vertex -60 52 46
    endloop
  endfacet
  facet normal -0.831432 0.555626 0
    outer loop
      vertex -59.4641 54 0
      vertex -59.1734 54.435 46
      vertex -59.1734 54.435 0
    endloop
  endfacet
  facet normal -0.831432 0.555626 0
    outer loop
      vertex -59.1734 54.435 46
      vertex -59.4641 54 0
      vertex -59.4641 54 46
    endloop
  endfacet
  facet normal -0.0653646 -0.997861 0
    outer loop
      vertex -56.5221 -55.9658 0
      vertex -56 -56 46
      vertex -56.5221 -55.9658 46
    endloop
  endfacet
  facet normal -0.0653646 -0.997861 -0
    outer loop
      vertex -56 -56 46
      vertex -56.5221 -55.9658 0
      vertex -56 -56 0
    endloop
  endfacet
  facet normal -0.896898 -0.442238 0
    outer loop
      vertex -59.4641 -54 0
      vertex -59.6955 -53.5307 46
      vertex -59.6955 -53.5307 0
    endloop
  endfacet
  facet normal -0.896898 -0.442238 0
    outer loop
      vertex -59.6955 -53.5307 46
      vertex -59.4641 -54 0
      vertex -59.4641 -54 46
    endloop
  endfacet
  facet normal -0.195124 -0.980779 0
    outer loop
      vertex -57.0353 -55.8637 0
      vertex -56.5221 -55.9658 46
      vertex -57.0353 -55.8637 46
    endloop
  endfacet
  facet normal -0.195124 -0.980779 -0
    outer loop
      vertex -56.5221 -55.9658 46
      vertex -57.0353 -55.8637 0
      vertex -56.5221 -55.9658 0
    endloop
  endfacet
  facet normal 0.195124 0.980779 -0
    outer loop
      vertex 57.0353 55.8637 0
      vertex 56.5221 55.9658 46
      vertex 57.0353 55.8637 46
    endloop
  endfacet
  facet normal 0.195124 0.980779 0
    outer loop
      vertex 56.5221 55.9658 46
      vertex 57.0353 55.8637 0
      vertex 56.5221 55.9658 0
    endloop
  endfacet
  facet normal 0 0 1
    outer loop
      vertex 57.6 52 46
      vertex 60 52 46
      vertex 59.9658 52.5221 46
    endloop
  endfacet
  facet normal 0 0 1
    outer loop
      vertex 60 52 46
      vertex 57.6 52 46
      vertex 60 -52 46
    endloop
  endfacet
  facet normal 0 0 1
    outer loop
      vertex 57.5863 52.2088 46
      vertex 59.9658 52.5221 46
      vertex 59.8637 53.0353 46
    endloop
  endfacet
  facet normal 0 0 1
    outer loop
      vertex 57.6 -52 46
      vertex 60 -52 46
      vertex 57.6 52 46
    endloop
  endfacet
  facet normal 0 0 1
    outer loop
      vertex 57.5455 52.4141 46
      vertex 59.8637 53.0353 46
      vertex 59.6955 53.5307 46
    endloop
  endfacet
  facet normal 0 0 1
    outer loop
      vertex 60 -52 46
      vertex 57.6 -52 46
      vertex 59.9658 -52.5221 46
    endloop
  endfacet
  facet normal 0 0 1
    outer loop
      vertex 57.4782 52.6123 46
      vertex 59.6955 53.5307 46
      vertex 59.4641 54 46
    endloop
  endfacet
  facet normal -0 0 1
    outer loop
      vertex 57.5863 -52.2088 46
      vertex 59.9658 -52.5221 46
      vertex 57.6 -52 46
    endloop
  endfacet
  facet normal 0 0 1
    outer loop
      vertex 57.3856 52.8 46
      vertex 59.4641 54 46
      vertex 59.1734 54.435 46
    endloop
  endfacet
  facet normal 0 0 1
    outer loop
      vertex 59.9658 -52.5221 46
      vertex 57.5863 -52.2088 46
      vertex 59.8637 -53.0353 46
    endloop
  endfacet
  facet normal 0 0 1
    outer loop
      vertex 57.2694 52.974 46
      vertex 59.1734 54.435 46
      vertex 58.8284 54.8284 46
    endloop
  endfacet
  facet normal -0 0 1
    outer loop
      vertex 57.5455 -52.4141 46
      vertex 59.8637 -53.0353 46
      vertex 57.5863 -52.2088 46
    endloop
  endfacet
  facet normal 0 0 1
    outer loop
      vertex 57.1314 53.1314 46
      vertex 58.8284 54.8284 46
      vertex 58.435 55.1734 46
    endloop
  endfacet
  facet normal 0 0 1
    outer loop
      vertex 59.8637 -53.0353 46
      vertex 57.5455 -52.4141 46
      vertex 59.6955 -53.5307 46
    endloop
  endfacet
  facet normal 0 0 1
    outer loop
      vertex 56.974 53.2694 46
      vertex 58.435 55.1734 46
      vertex 58 55.4641 46
    endloop
  endfacet
  facet normal -0 0 1
    outer loop
      vertex 57.4782 -52.6123 46
      vertex 59.6955 -53.5307 46
      vertex 57.5455 -52.4141 46
    endloop
  endfacet
  facet normal 0 0 1
    outer loop
      vertex 59.6955 -53.5307 46
      vertex 57.4782 -52.6123 46
      vertex 59.4641 -54 46
    endloop
  endfacet
  facet normal 0 0 1
    outer loop
      vertex 59.9658 52.5221 46
      vertex 57.5863 52.2088 46
      vertex 57.6 52 46
    endloop
  endfacet
  facet normal 0 0 1
    outer loop
      vertex 59.8637 53.0353 46
      vertex 57.5455 52.4141 46
      vertex 57.5863 52.2088 46
    endloop
  endfacet
  facet normal 0 0 1
    outer loop
      vertex 56.8 53.3856 46
      vertex 58 55.4641 46
      vertex 57.5307 55.6955 46
    endloop
  endfacet
  facet normal 0 0 1
    outer loop
      vertex 59.6955 53.5307 46
      vertex 57.4782 52.6123 46
      vertex 57.5455 52.4141 46
    endloop
  endfacet
  facet normal 0 0 1
    outer loop
      vertex 59.4641 54 46
      vertex 57.3856 52.8 46
      vertex 57.4782 52.6123 46
    endloop
  endfacet
  facet normal 0 0 1
    outer loop
      vertex 59.1734 54.435 46
      vertex 57.2694 52.974 46
      vertex 57.3856 52.8 46
    endloop
  endfacet
  facet normal 0 0 1
    outer loop
      vertex 58.8284 54.8284 46
      vertex 57.1314 53.1314 46
      vertex 57.2694 52.974 46
    endloop
  endfacet
  facet normal 0 0 1
    outer loop
      vertex 56.6123 53.4782 46
      vertex 57.5307 55.6955 46
      vertex 57.0353 55.8637 46
    endloop
  endfacet
  facet normal 0 0 1
    outer loop
      vertex 58.435 55.1734 46
      vertex 56.974 53.2694 46
      vertex 57.1314 53.1314 46
    endloop
  endfacet
  facet normal 0 0 1
    outer loop
      vertex 58 55.4641 46
      vertex 56.8 53.3856 46
      vertex 56.974 53.2694 46
    endloop
  endfacet
  facet normal 0 0 1
    outer loop
      vertex 57.5307 55.6955 46
      vertex 56.6123 53.4782 46
      vertex 56.8 53.3856 46
    endloop
  endfacet
  facet normal 0 0 1
    outer loop
      vertex 56.4141 53.5455 46
      vertex 57.0353 55.8637 46
      vertex 56.5221 55.9658 46
    endloop
  endfacet
  facet normal 0 0 1
    outer loop
      vertex 57.0353 55.8637 46
      vertex 56.4141 53.5455 46
      vertex 56.6123 53.4782 46
    endloop
  endfacet
  facet normal 0 0 1
    outer loop
      vertex 56.5221 55.9658 46
      vertex 56.2088 53.5863 46
      vertex 56.4141 53.5455 46
    endloop
  endfacet
  facet normal 0 0 1
    outer loop
      vertex 56 56 46
      vertex 56.2088 53.5863 46
      vertex 56.5221 55.9658 46
    endloop
  endfacet
  facet normal 0 0 1
    outer loop
      vertex 56 56 46
      vertex 56 53.6 46
      vertex 56.2088 53.5863 46
    endloop
  endfacet
  facet normal -0 0 1
    outer loop
      vertex -56 56 46
      vertex 56 53.6 46
      vertex 56 56 46
    endloop
  endfacet
  facet normal 0 0 1
    outer loop
      vertex -56 56 46
      vertex -56 53.6 46
      vertex 56 53.6 46
    endloop
  endfacet
  facet normal 0 0 1
    outer loop
      vertex -56 56 46
      vertex -56.2088 53.5863 46
      vertex -56 53.6 46
    endloop
  endfacet
  facet normal -0 0 1
    outer loop
      vertex -56.5221 55.9658 46
      vertex -56.2088 53.5863 46
      vertex -56 56 46
    endloop
  endfacet
  facet normal 0 0 1
    outer loop
      vertex -56.2088 53.5863 46
      vertex -56.5221 55.9658 46
      vertex -56.4141 53.5455 46
    endloop
  endfacet
  facet normal -0 0 1
    outer loop
      vertex -57.0353 55.8637 46
      vertex -56.4141 53.5455 46
      vertex -56.5221 55.9658 46
    endloop
  endfacet
  facet normal 0 0 1
    outer loop
      vertex -56.4141 53.5455 46
      vertex -57.0353 55.8637 46
      vertex -56.6123 53.4782 46
    endloop
  endfacet
  facet normal -0 0 1
    outer loop
      vertex -57.5307 55.6955 46
      vertex -56.6123 53.4782 46
      vertex -57.0353 55.8637 46
    endloop
  endfacet
  facet normal 0 0 1
    outer loop
      vertex -56.6123 53.4782 46
      vertex -57.5307 55.6955 46
      vertex -56.8 53.3856 46
    endloop
  endfacet
  facet normal -0 0 1
    outer loop
      vertex -58 55.4641 46
      vertex -56.8 53.3856 46
      vertex -57.5307 55.6955 46
    endloop
  endfacet
  facet normal 0 0 1
    outer loop
      vertex -56.8 53.3856 46
      vertex -58 55.4641 46
      vertex -56.974 53.2694 46
    endloop
  endfacet
  facet normal -0 0 1
    outer loop
      vertex -58.435 55.1734 46
      vertex -56.974 53.2694 46
      vertex -58 55.4641 46
    endloop
  endfacet
  facet normal 0 0 1
    outer loop
      vertex -56.974 53.2694 46
      vertex -58.435 55.1734 46
      vertex -57.1314 53.1314 46
    endloop
  endfacet
  facet normal -0 0 1
    outer loop
      vertex -58.8284 54.8284 46
      vertex -57.1314 53.1314 46
      vertex -58.435 55.1734 46
    endloop
  endfacet
  facet normal 0 0 1
    outer loop
      vertex -57.1314 53.1314 46
      vertex -58.8284 54.8284 46
      vertex -57.2694 52.974 46
    endloop
  endfacet
  facet normal -0 0 1
    outer loop
      vertex -59.1734 54.435 46
      vertex -57.2694 52.974 46
      vertex -58.8284 54.8284 46
    endloop
  endfacet
  facet normal 0 0 1
    outer loop
      vertex -57.2694 52.974 46
      vertex -59.1734 54.435 46
      vertex -57.3856 52.8 46
    endloop
  endfacet
  facet normal 0 0 1
    outer loop
      vertex -57.3856 52.8 46
      vertex -59.4641 54 46
      vertex -57.4782 52.6123 46
    endloop
  endfacet
  facet normal -0 0 1
    outer loop
      vertex -59.4641 54 46
      vertex -57.3856 52.8 46
      vertex -59.1734 54.435 46
    endloop
  endfacet
  facet normal -0 0 1
    outer loop
      vertex 57.3856 -52.8 46
      vertex 59.4641 -54 46
      vertex 57.4782 -52.6123 46
    endloop
  endfacet
  facet normal 0 0 1
    outer loop
      vertex 59.4641 -54 46
      vertex 57.3856 -52.8 46
      vertex 59.1734 -54.435 46
    endloop
  endfacet
  facet normal -0 0 1
    outer loop
      vertex 57.2694 -52.974 46
      vertex 59.1734 -54.435 46
      vertex 57.3856 -52.8 46
    endloop
  endfacet
  facet normal 0 0 1
    outer loop
      vertex 59.1734 -54.435 46
      vertex 57.2694 -52.974 46
      vertex 58.8284 -54.8284 46
    endloop
  endfacet
  facet normal -0 0 1
    outer loop
      vertex 57.1314 -53.1314 46
      vertex 58.8284 -54.8284 46
      vertex 57.2694 -52.974 46
    endloop
  endfacet
  facet normal 0 0 1
    outer loop
      vertex 58.8284 -54.8284 46
      vertex 57.1314 -53.1314 46
      vertex 58.435 -55.1734 46
    endloop
  endfacet
  facet normal -0 0 1
    outer loop
      vertex 56.974 -53.2694 46
      vertex 58.435 -55.1734 46
      vertex 57.1314 -53.1314 46
    endloop
  endfacet
  facet normal 0 0 1
    outer loop
      vertex 58.435 -55.1734 46
      vertex 56.974 -53.2694 46
      vertex 58 -55.4641 46
    endloop
  endfacet
  facet normal -0 0 1
    outer loop
      vertex 56.8 -53.3856 46
      vertex 58 -55.4641 46
      vertex 56.974 -53.2694 46
    endloop
  endfacet
  facet normal 0 0 1
    outer loop
      vertex 58 -55.4641 46
      vertex 56.8 -53.3856 46
      vertex 57.5307 -55.6955 46
    endloop
  endfacet
  facet normal -0 0 1
    outer loop
      vertex 56.6123 -53.4782 46
      vertex 57.5307 -55.6955 46
      vertex 56.8 -53.3856 46
    endloop
  endfacet
  facet normal 0 0 1
    outer loop
      vertex 57.5307 -55.6955 46
      vertex 56.6123 -53.4782 46
      vertex 57.0353 -55.8637 46
    endloop
  endfacet
  facet normal -0 0 1
    outer loop
      vertex 56.4141 -53.5455 46
      vertex 57.0353 -55.8637 46
      vertex 56.6123 -53.4782 46
    endloop
  endfacet
  facet normal 0 0 1
    outer loop
      vertex 57.0353 -55.8637 46
      vertex 56.4141 -53.5455 46
      vertex 56.5221 -55.9658 46
    endloop
  endfacet
  facet normal -0 0 1
    outer loop
      vertex 56.2088 -53.5863 46
      vertex 56.5221 -55.9658 46
      vertex 56.4141 -53.5455 46
    endloop
  endfacet
  facet normal -0 0 1
    outer loop
      vertex 56 -53.6 46
      vertex 56.5221 -55.9658 46
      vertex 56.2088 -53.5863 46
    endloop
  endfacet
  facet normal 0 0 1
    outer loop
      vertex 56 -53.6 46
      vertex 56 -56 46
      vertex 56.5221 -55.9658 46
    endloop
  endfacet
  facet normal -0 0 1
    outer loop
      vertex -56 -53.6 46
      vertex 56 -56 46
      vertex 56 -53.6 46
    endloop
  endfacet
  facet normal 0 0 1
    outer loop
      vertex -56 -53.6 46
      vertex -56 -56 46
      vertex 56 -56 46
    endloop
  endfacet
  facet normal 0 0 1
    outer loop
      vertex -56.2088 -53.5863 46
      vertex -56 -56 46
      vertex -56 -53.6 46
    endloop
  endfacet
  facet normal 0 0 1
    outer loop
      vertex -56.5221 -55.9658 46
      vertex -56.2088 -53.5863 46
      vertex -56.4141 -53.5455 46
    endloop
  endfacet
  facet normal 0 0 1
    outer loop
      vertex -56.2088 -53.5863 46
      vertex -56.5221 -55.9658 46
      vertex -56 -56 46
    endloop
  endfacet
  facet normal 0 0 1
    outer loop
      vertex -57.0353 -55.8637 46
      vertex -56.4141 -53.5455 46
      vertex -56.6123 -53.4782 46
    endloop
  endfacet
  facet normal 0 0 1
    outer loop
      vertex -57.5307 -55.6955 46
      vertex -56.6123 -53.4782 46
      vertex -56.8 -53.3856 46
    endloop
  endfacet
  facet normal 0 0 1
    outer loop
      vertex -58 -55.4641 46
      vertex -56.8 -53.3856 46
      vertex -56.974 -53.2694 46
    endloop
  endfacet
  facet normal 0 0 1
    outer loop
      vertex -56.4141 -53.5455 46
      vertex -57.0353 -55.8637 46
      vertex -56.5221 -55.9658 46
    endloop
  endfacet
  facet normal 0 0 1
    outer loop
      vertex -58.435 -55.1734 46
      vertex -56.974 -53.2694 46
      vertex -57.1314 -53.1314 46
    endloop
  endfacet
  facet normal 0 0 1
    outer loop
      vertex -58.8284 -54.8284 46
      vertex -57.1314 -53.1314 46
      vertex -57.2694 -52.974 46
    endloop
  endfacet
  facet normal 0 0 1
    outer loop
      vertex -59.1734 -54.435 46
      vertex -57.2694 -52.974 46
      vertex -57.3856 -52.8 46
    endloop
  endfacet
  facet normal 0 0 1
    outer loop
      vertex -59.4641 -54 46
      vertex -57.3856 -52.8 46
      vertex -57.4782 -52.6123 46
    endloop
  endfacet
  facet normal 0 0 1
    outer loop
      vertex -56.6123 -53.4782 46
      vertex -57.5307 -55.6955 46
      vertex -57.0353 -55.8637 46
    endloop
  endfacet
  facet normal 0 0 1
    outer loop
      vertex -59.6955 -53.5307 46
      vertex -57.4782 -52.6123 46
      vertex -57.5455 -52.4141 46
    endloop
  endfacet
  facet normal 0 0 1
    outer loop
      vertex -59.8637 -53.0353 46
      vertex -57.5455 -52.4141 46
      vertex -57.5863 -52.2088 46
    endloop
  endfacet
  facet normal 0 0 1
    outer loop
      vertex -59.9658 -52.5221 46
      vertex -57.5863 -52.2088 46
      vertex -57.6 -52 46
    endloop
  endfacet
  facet normal 0 0 1
    outer loop
      vertex -56.8 -53.3856 46
      vertex -58 -55.4641 46
      vertex -57.5307 -55.6955 46
    endloop
  endfacet
  facet normal 0 0 1
    outer loop
      vertex -57.6 52 46
      vertex -60 52 46
      vertex -57.6 -52 46
    endloop
  endfacet
  facet normal -0 0 1
    outer loop
      vertex -59.6955 53.5307 46
      vertex -57.4782 52.6123 46
      vertex -59.4641 54 46
    endloop
  endfacet
  facet normal 0 0 1
    outer loop
      vertex -60 -52 46
      vertex -57.6 -52 46
      vertex -60 52 46
    endloop
  endfacet
  facet normal 0 0 1
    outer loop
      vertex -57.4782 52.6123 46
      vertex -59.6955 53.5307 46
      vertex -57.5455 52.4141 46
    endloop
  endfacet
  facet normal 0 -0 1
    outer loop
      vertex -59.9658 -52.5221 46
      vertex -57.6 -52 46
      vertex -60 -52 46
    endloop
  endfacet
  facet normal -0 0 1
    outer loop
      vertex -59.8637 53.0353 46
      vertex -57.5455 52.4141 46
      vertex -59.6955 53.5307 46
    endloop
  endfacet
  facet normal 0 0 1
    outer loop
      vertex -56.974 -53.2694 46
      vertex -58.435 -55.1734 46
      vertex -58 -55.4641 46
    endloop
  endfacet
  facet normal 0 0 1
    outer loop
      vertex -57.5455 52.4141 46
      vertex -59.8637 53.0353 46
      vertex -57.5863 52.2088 46
    endloop
  endfacet
  facet normal 0 0 1
    outer loop
      vertex -57.1314 -53.1314 46
      vertex -58.8284 -54.8284 46
      vertex -58.435 -55.1734 46
    endloop
  endfacet
  facet normal -0 0 1
    outer loop
      vertex -59.9658 52.5221 46
      vertex -57.5863 52.2088 46
      vertex -59.8637 53.0353 46
    endloop
  endfacet
  facet normal 0 0 1
    outer loop
      vertex -57.2694 -52.974 46
      vertex -59.1734 -54.435 46
      vertex -58.8284 -54.8284 46
    endloop
  endfacet
  facet normal 0 0 1
    outer loop
      vertex -57.5863 52.2088 46
      vertex -59.9658 52.5221 46
      vertex -57.6 52 46
    endloop
  endfacet
  facet normal 0 0 1
    outer loop
      vertex -57.3856 -52.8 46
      vertex -59.4641 -54 46
      vertex -59.1734 -54.435 46
    endloop
  endfacet
  facet normal 0 0 1
    outer loop
      vertex -57.6 52 46
      vertex -59.9658 52.5221 46
      vertex -60 52 46
    endloop
  endfacet
  facet normal 0 0 1
    outer loop
      vertex -57.4782 -52.6123 46
      vertex -59.6955 -53.5307 46
      vertex -59.4641 -54 46
    endloop
  endfacet
  facet normal 0 0 1
    outer loop
      vertex -57.5455 -52.4141 46
      vertex -59.8637 -53.0353 46
      vertex -59.6955 -53.5307 46
    endloop
  endfacet
  facet normal 0 0 1
    outer loop
      vertex -57.5863 -52.2088 46
      vertex -59.9658 -52.5221 46
      vertex -59.8637 -53.0353 46
    endloop
  endfacet
  facet normal 0.896898 -0.442238 0
    outer loop
      vertex 59.4641 -54 46
      vertex 59.6955 -53.5307 0
      vertex 59.6955 -53.5307 46
    endloop
  endfacet
  facet normal 0.896898 -0.442238 0
    outer loop
      vertex 59.6955 -53.5307 0
      vertex 59.4641 -54 46
      vertex 59.4641 -54 0
    endloop
  endfacet
  facet normal 0.980779 -0.195124 0
    outer loop
      vertex 59.8637 -53.0353 46
      vertex 59.9658 -52.5221 0
      vertex 59.9658 -52.5221 46
    endloop
  endfacet
  facet normal 0.980779 -0.195124 0
    outer loop
      vertex 59.9658 -52.5221 0
      vertex 59.8637 -53.0353 46
      vertex 59.8637 -53.0353 0
    endloop
  endfacet
  facet normal 0.659343 0.751842 -0
    outer loop
      vertex 58.8284 54.8284 0
      vertex 58.435 55.1734 46
      vertex 58.8284 54.8284 46
    endloop
  endfacet
  facet normal 0.659343 0.751842 0
    outer loop
      vertex 58.435 55.1734 46
      vertex 58.8284 54.8284 0
      vertex 58.435 55.1734 0
    endloop
  endfacet
  facet normal 0.751842 0.659343 0
    outer loop
      vertex 59.1734 54.435 46
      vertex 58.8284 54.8284 0
      vertex 58.8284 54.8284 46
    endloop
  endfacet
  facet normal 0.751842 0.659343 0
    outer loop
      vertex 58.8284 54.8284 0
      vertex 59.1734 54.435 46
      vertex 59.1734 54.435 0
    endloop
  endfacet
  facet normal 0.831432 0.555626 0
    outer loop
      vertex 59.4641 54 46
      vertex 59.1734 54.435 0
      vertex 59.1734 54.435 46
    endloop
  endfacet
  facet normal 0.831432 0.555626 0
    outer loop
      vertex 59.1734 54.435 0
      vertex 59.4641 54 46
      vertex 59.4641 54 0
    endloop
  endfacet
  facet normal -0.751842 0.659343 0
    outer loop
      vertex -59.1734 54.435 0
      vertex -58.8284 54.8284 46
      vertex -58.8284 54.8284 0
    endloop
  endfacet
  facet normal -0.751842 0.659343 0
    outer loop
      vertex -58.8284 54.8284 46
      vertex -59.1734 54.435 0
      vertex -59.1734 54.435 46
    endloop
  endfacet
  facet normal -0.980779 -0.195124 0
    outer loop
      vertex -59.8637 -53.0353 0
      vertex -59.9658 -52.5221 46
      vertex -59.9658 -52.5221 0
    endloop
  endfacet
  facet normal -0.980779 -0.195124 0
    outer loop
      vertex -59.9658 -52.5221 46
      vertex -59.8637 -53.0353 0
      vertex -59.8637 -53.0353 46
    endloop
  endfacet
  facet normal 0.442238 0.896898 -0
    outer loop
      vertex 58 55.4641 0
      vertex 57.5307 55.6955 46
      vertex 58 55.4641 46
    endloop
  endfacet
  facet normal 0.442238 0.896898 0
    outer loop
      vertex 57.5307 55.6955 46
      vertex 58 55.4641 0
      vertex 57.5307 55.6955 0
    endloop
  endfacet
  facet normal -0.94691 -0.321498 0
    outer loop
      vertex -59.6955 -53.5307 0
      vertex -59.8637 -53.0353 46
      vertex -59.8637 -53.0353 0
    endloop
  endfacet
  facet normal -0.94691 -0.321498 0
    outer loop
      vertex -59.8637 -53.0353 46
      vertex -59.6955 -53.5307 0
      vertex -59.6955 -53.5307 46
    endloop
  endfacet
  facet normal 0.751842 -0.659343 0
    outer loop
      vertex 58.8284 -54.8284 46
      vertex 59.1734 -54.435 0
      vertex 59.1734 -54.435 46
    endloop
  endfacet
  facet normal 0.751842 -0.659343 0
    outer loop
      vertex 59.1734 -54.435 0
      vertex 58.8284 -54.8284 46
      vertex 58.8284 -54.8284 0
    endloop
  endfacet
  facet normal 0.997861 0.0653646 0
    outer loop
      vertex 60 52 46
      vertex 59.9658 52.5221 0
      vertex 59.9658 52.5221 46
    endloop
  endfacet
  facet normal 0.997861 0.0653646 0
    outer loop
      vertex 59.9658 52.5221 0
      vertex 60 52 46
      vertex 60 52 0
    endloop
  endfacet
  facet normal 0.980779 0.195124 0
    outer loop
      vertex 59.9658 52.5221 46
      vertex 59.8637 53.0353 0
      vertex 59.8637 53.0353 46
    endloop
  endfacet
  facet normal 0.980779 0.195124 0
    outer loop
      vertex 59.8637 53.0353 0
      vertex 59.9658 52.5221 46
      vertex 59.9658 52.5221 0
    endloop
  endfacet
  facet normal 0.997861 -0.0653646 0
    outer loop
      vertex 59.9658 -52.5221 46
      vertex 60 -52 0
      vertex 60 -52 46
    endloop
  endfacet
  facet normal 0.997861 -0.0653646 0
    outer loop
      vertex 60 -52 0
      vertex 59.9658 -52.5221 46
      vertex 59.9658 -52.5221 0
    endloop
  endfacet
  facet normal -0.751925 -0.659248 0
    outer loop
      vertex 57.2694 52.974 2.4
      vertex 57.1314 53.1314 46
      vertex 57.1314 53.1314 2.4
    endloop
  endfacet
  facet normal -0.751925 -0.659248 0
    outer loop
      vertex 57.1314 53.1314 46
      vertex 57.2694 52.974 2.4
      vertex 57.2694 52.974 46
    endloop
  endfacet
  facet normal -0.0654722 0.997854 0
    outer loop
      vertex 56.2088 -53.5863 2.4
      vertex 56 -53.6 46
      vertex 56.2088 -53.5863 46
    endloop
  endfacet
  facet normal -0.0654722 0.997854 0
    outer loop
      vertex 56 -53.6 46
      vertex 56.2088 -53.5863 2.4
      vertex 56 -53.6 2.4
    endloop
  endfacet
  facet normal -1 0 0
    outer loop
      vertex 57.6 -52 2.4
      vertex 57.6 52 46
      vertex 57.6 52 2.4
    endloop
  endfacet
  facet normal -1 -0 0
    outer loop
      vertex 57.6 52 46
      vertex 57.6 -52 2.4
      vertex 57.6 -52 46
    endloop
  endfacet
  facet normal 0 1 -0
    outer loop
      vertex -45.5 -53.6 8
      vertex -48.5 -53.6 32
      vertex -45.5 -53.6 32
    endloop
  endfacet
  facet normal 0 1 0
    outer loop
      vertex -48.5 -53.6 32
      vertex -45.5 -53.6 8
      vertex -48.5 -53.6 8
    endloop
  endfacet
  facet normal 0 1 -0
    outer loop
      vertex -39.5 -53.6 8
      vertex -42.5 -53.6 32
      vertex -39.5 -53.6 32
    endloop
  endfacet
  facet normal 0 1 0
    outer loop
      vertex -42.5 -53.6 32
      vertex -39.5 -53.6 8
      vertex -42.5 -53.6 8
    endloop
  endfacet
  facet normal 0 1 -0
    outer loop
      vertex -33.5 -53.6 8
      vertex -36.5 -53.6 32
      vertex -33.5 -53.6 32
    endloop
  endfacet
  facet normal 0 1 0
    outer loop
      vertex -36.5 -53.6 32
      vertex -33.5 -53.6 8
      vertex -36.5 -53.6 8
    endloop
  endfacet
  facet normal 0 1 -0
    outer loop
      vertex -27.5 -53.6 8
      vertex -30.5 -53.6 32
      vertex -27.5 -53.6 32
    endloop
  endfacet
  facet normal 0 1 0
    outer loop
      vertex -30.5 -53.6 32
      vertex -27.5 -53.6 8
      vertex -30.5 -53.6 8
    endloop
  endfacet
  facet normal 0 1 0
    outer loop
      vertex -20.8 -53.6 32.39
      vertex -24.5 -53.6 8
      vertex -24.5 -53.6 32
    endloop
  endfacet
  facet normal 0 1 0
    outer loop
      vertex -20.8 -53.6 2.4
      vertex -27.5 -53.6 8
      vertex -24.5 -53.6 8
    endloop
  endfacet
  facet normal 0 1 0
    outer loop
      vertex -27.5 -53.6 8
      vertex -20.8 -53.6 2.4
      vertex -30.5 -53.6 8
    endloop
  endfacet
  facet normal 0 1 0
    outer loop
      vertex -30.5 -53.6 8
      vertex -20.8 -53.6 2.4
      vertex -33.5 -53.6 8
    endloop
  endfacet
  facet normal 0 1 0
    outer loop
      vertex -33.5 -53.6 8
      vertex -20.8 -53.6 2.4
      vertex -36.5 -53.6 8
    endloop
  endfacet
  facet normal 0 1 0
    outer loop
      vertex -36.5 -53.6 8
      vertex -20.8 -53.6 2.4
      vertex -39.5 -53.6 8
    endloop
  endfacet
  facet normal 0 1 0
    outer loop
      vertex -56 -53.6 2.4
      vertex -39.5 -53.6 8
      vertex -20.8 -53.6 2.4
    endloop
  endfacet
  facet normal 0 1 0
    outer loop
      vertex -39.5 -53.6 8
      vertex -56 -53.6 2.4
      vertex -42.5 -53.6 8
    endloop
  endfacet
  facet normal 0 1 0
    outer loop
      vertex -42.5 -53.6 8
      vertex -56 -53.6 2.4
      vertex -45.5 -53.6 8
    endloop
  endfacet
  facet normal 0 1 0
    outer loop
      vertex -45.5 -53.6 8
      vertex -56 -53.6 2.4
      vertex -48.5 -53.6 8
    endloop
  endfacet
  facet normal 0 1 -0
    outer loop
      vertex -20.8 -53.6 2.4
      vertex -24.5 -53.6 8
      vertex -20.8 -53.6 32.39
    endloop
  endfacet
  facet normal 0 1 -0
    outer loop
      vertex 30.5 -53.6 8
      vertex 27.5 -53.6 32
      vertex 30.5 -53.6 32
    endloop
  endfacet
  facet normal 0 1 0
    outer loop
      vertex 27.5 -53.6 32
      vertex 30.5 -53.6 8
      vertex 27.5 -53.6 8
    endloop
  endfacet
  facet normal 0 1 -0
    outer loop
      vertex 36.5 -53.6 8
      vertex 33.5 -53.6 32
      vertex 36.5 -53.6 32
    endloop
  endfacet
  facet normal 0 1 0
    outer loop
      vertex 33.5 -53.6 32
      vertex 36.5 -53.6 8
      vertex 33.5 -53.6 8
    endloop
  endfacet
  facet normal 0 1 -0
    outer loop
      vertex 42.5 -53.6 8
      vertex 39.5 -53.6 32
      vertex 42.5 -53.6 32
    endloop
  endfacet
  facet normal 0 1 0
    outer loop
      vertex 39.5 -53.6 32
      vertex 42.5 -53.6 8
      vertex 39.5 -53.6 8
    endloop
  endfacet
  facet normal 0 1 -0
    outer loop
      vertex 48.5 -53.6 8
      vertex 45.5 -53.6 32
      vertex 48.5 -53.6 32
    endloop
  endfacet
  facet normal 0 1 0
    outer loop
      vertex 45.5 -53.6 32
      vertex 48.5 -53.6 8
      vertex 45.5 -53.6 8
    endloop
  endfacet
  facet normal 0 1 0
    outer loop
      vertex 19.2 -53.6 32.39
      vertex 7 -53.6 14
      vertex -19.2 -53.6 32.39
    endloop
  endfacet
  facet normal 0 1 -0
    outer loop
      vertex 19.2 -53.6 2.4
      vertex 7 -53.6 14
      vertex 19.2 -53.6 32.39
    endloop
  endfacet
  facet normal 0 1 0
    outer loop
      vertex 7 -53.6 4
      vertex 19.2 -53.6 2.4
      vertex -7 -53.6 4
    endloop
  endfacet
  facet normal 0 1 0
    outer loop
      vertex 7 -53.6 14
      vertex 19.2 -53.6 2.4
      vertex 7 -53.6 4
    endloop
  endfacet
  facet normal 0 1 0
    outer loop
      vertex 19.2 -53.6 32.39
      vertex 56 -53.6 46
      vertex 20.8 -53.6 32.39
    endloop
  endfacet
  facet normal 0 1 0
    outer loop
      vertex 48.5 -53.6 32
      vertex 56 -53.6 46
      vertex 51.5 -53.6 32
    endloop
  endfacet
  facet normal 0 1 -0
    outer loop
      vertex 56 -53.6 2.4
      vertex 51.5 -53.6 32
      vertex 56 -53.6 46
    endloop
  endfacet
  facet normal 0 1 0
    outer loop
      vertex 56 -53.6 2.4
      vertex 48.5 -53.6 8
      vertex 51.5 -53.6 8
    endloop
  endfacet
  facet normal 0 1 0
    outer loop
      vertex 48.5 -53.6 8
      vertex 56 -53.6 2.4
      vertex 45.5 -53.6 8
    endloop
  endfacet
  facet normal 0 1 0
    outer loop
      vertex 45.5 -53.6 8
      vertex 56 -53.6 2.4
      vertex 42.5 -53.6 8
    endloop
  endfacet
  facet normal 0 1 0
    outer loop
      vertex 42.5 -53.6 8
      vertex 56 -53.6 2.4
      vertex 39.5 -53.6 8
    endloop
  endfacet
  facet normal 0 1 0
    outer loop
      vertex 20.8 -53.6 2.4
      vertex 39.5 -53.6 8
      vertex 56 -53.6 2.4
    endloop
  endfacet
  facet normal 0 1 0
    outer loop
      vertex 39.5 -53.6 8
      vertex 20.8 -53.6 2.4
      vertex 36.5 -53.6 8
    endloop
  endfacet
  facet normal 0 1 0
    outer loop
      vertex 36.5 -53.6 8
      vertex 20.8 -53.6 2.4
      vertex 33.5 -53.6 8
    endloop
  endfacet
  facet normal 0 1 0
    outer loop
      vertex 33.5 -53.6 8
      vertex 20.8 -53.6 2.4
      vertex 30.5 -53.6 8
    endloop
  endfacet
  facet normal 0 1 0
    outer loop
      vertex 30.5 -53.6 8
      vertex 20.8 -53.6 2.4
      vertex 27.5 -53.6 8
    endloop
  endfacet
  facet normal 0 1 0
    outer loop
      vertex 51.5 -53.6 32
      vertex 56 -53.6 2.4
      vertex 51.5 -53.6 8
    endloop
  endfacet
  facet normal 0 1 0
    outer loop
      vertex 56 -53.6 46
      vertex 19.2 -53.6 32.39
      vertex -56 -53.6 46
    endloop
  endfacet
  facet normal 0 1 -0
    outer loop
      vertex -19.2 -53.6 32.39
      vertex -56 -53.6 46
      vertex 19.2 -53.6 32.39
    endloop
  endfacet
  facet normal 0 1 -0
    outer loop
      vertex -20.8 -53.6 32.39
      vertex -56 -53.6 46
      vertex -19.2 -53.6 32.39
    endloop
  endfacet
  facet normal 0 1 0
    outer loop
      vertex -27.5 -53.6 32
      vertex -20.8 -53.6 32.39
      vertex -24.5 -53.6 32
    endloop
  endfacet
  facet normal 0 1 0
    outer loop
      vertex -20.8 -53.6 32.39
      vertex -27.5 -53.6 32
      vertex -56 -53.6 46
    endloop
  endfacet
  facet normal 0 1 -0
    outer loop
      vertex -30.5 -53.6 32
      vertex -56 -53.6 46
      vertex -27.5 -53.6 32
    endloop
  endfacet
  facet normal 0 1 -0
    outer loop
      vertex -33.5 -53.6 32
      vertex -56 -53.6 46
      vertex -30.5 -53.6 32
    endloop
  endfacet
  facet normal 0 1 -0
    outer loop
      vertex -36.5 -53.6 32
      vertex -56 -53.6 46
      vertex -33.5 -53.6 32
    endloop
  endfacet
  facet normal 0 1 -0
    outer loop
      vertex -39.5 -53.6 32
      vertex -56 -53.6 46
      vertex -36.5 -53.6 32
    endloop
  endfacet
  facet normal 0 1 -0
    outer loop
      vertex -42.5 -53.6 32
      vertex -56 -53.6 46
      vertex -39.5 -53.6 32
    endloop
  endfacet
  facet normal 0 1 -0
    outer loop
      vertex -45.5 -53.6 32
      vertex -56 -53.6 46
      vertex -42.5 -53.6 32
    endloop
  endfacet
  facet normal 0 1 -0
    outer loop
      vertex -48.5 -53.6 32
      vertex -56 -53.6 46
      vertex -45.5 -53.6 32
    endloop
  endfacet
  facet normal 0 1 -0
    outer loop
      vertex -51.5 -53.6 32
      vertex -56 -53.6 46
      vertex -48.5 -53.6 32
    endloop
  endfacet
  facet normal 0 1 0
    outer loop
      vertex -56 -53.6 2.4
      vertex -51.5 -53.6 32
      vertex -51.5 -53.6 8
    endloop
  endfacet
  facet normal 0 1 0
    outer loop
      vertex -51.5 -53.6 32
      vertex -56 -53.6 2.4
      vertex -56 -53.6 46
    endloop
  endfacet
  facet normal 0 1 0
    outer loop
      vertex -48.5 -53.6 8
      vertex -56 -53.6 2.4
      vertex -51.5 -53.6 8
    endloop
  endfacet
  facet normal 0 1 0
    outer loop
      vertex 45.5 -53.6 32
      vertex 56 -53.6 46
      vertex 48.5 -53.6 32
    endloop
  endfacet
  facet normal 0 1 0
    outer loop
      vertex 42.5 -53.6 32
      vertex 56 -53.6 46
      vertex 45.5 -53.6 32
    endloop
  endfacet
  facet normal 0 1 0
    outer loop
      vertex 39.5 -53.6 32
      vertex 56 -53.6 46
      vertex 42.5 -53.6 32
    endloop
  endfacet
  facet normal 0 1 0
    outer loop
      vertex 36.5 -53.6 32
      vertex 56 -53.6 46
      vertex 39.5 -53.6 32
    endloop
  endfacet
  facet normal 0 1 0
    outer loop
      vertex 33.5 -53.6 32
      vertex 56 -53.6 46
      vertex 36.5 -53.6 32
    endloop
  endfacet
  facet normal 0 1 0
    outer loop
      vertex 30.5 -53.6 32
      vertex 56 -53.6 46
      vertex 33.5 -53.6 32
    endloop
  endfacet
  facet normal 0 1 0
    outer loop
      vertex 27.5 -53.6 32
      vertex 56 -53.6 46
      vertex 30.5 -53.6 32
    endloop
  endfacet
  facet normal 0 1 0
    outer loop
      vertex 56 -53.6 46
      vertex 27.5 -53.6 32
      vertex 20.8 -53.6 32.39
    endloop
  endfacet
  facet normal 0 1 -0
    outer loop
      vertex 24.5 -53.6 32
      vertex 20.8 -53.6 32.39
      vertex 27.5 -53.6 32
    endloop
  endfacet
  facet normal 0 1 -0
    outer loop
      vertex 24.5 -53.6 8
      vertex 20.8 -53.6 32.39
      vertex 24.5 -53.6 32
    endloop
  endfacet
  facet normal 0 1 0
    outer loop
      vertex 24.5 -53.6 8
      vertex 20.8 -53.6 2.4
      vertex 20.8 -53.6 32.39
    endloop
  endfacet
  facet normal 0 1 0
    outer loop
      vertex 27.5 -53.6 8
      vertex 20.8 -53.6 2.4
      vertex 24.5 -53.6 8
    endloop
  endfacet
  facet normal 0 1 -0
    outer loop
      vertex -7 -53.6 14
      vertex -19.2 -53.6 32.39
      vertex 7 -53.6 14
    endloop
  endfacet
  facet normal 0 1 0
    outer loop
      vertex -19.2 -53.6 2.4
      vertex -7 -53.6 14
      vertex -7 -53.6 4
    endloop
  endfacet
  facet normal 0 1 0
    outer loop
      vertex -7 -53.6 14
      vertex -19.2 -53.6 2.4
      vertex -19.2 -53.6 32.39
    endloop
  endfacet
  facet normal 0 1 0
    outer loop
      vertex -19.2 -53.6 2.4
      vertex -7 -53.6 4
      vertex 19.2 -53.6 2.4
    endloop
  endfacet
  facet normal 0.659248 0.751925 -0
    outer loop
      vertex -56.974 -53.2694 2.4
      vertex -57.1314 -53.1314 46
      vertex -56.974 -53.2694 46
    endloop
  endfacet
  facet normal 0.659248 0.751925 0
    outer loop
      vertex -57.1314 -53.1314 46
      vertex -56.974 -53.2694 2.4
      vertex -57.1314 -53.1314 2.4
    endloop
  endfacet
  facet normal -0.555362 -0.831609 0
    outer loop
      vertex 56.8 53.3856 2.4
      vertex 56.974 53.2694 46
      vertex 56.8 53.3856 46
    endloop
  endfacet
  facet normal -0.555362 -0.831609 -0
    outer loop
      vertex 56.974 53.2694 46
      vertex 56.8 53.3856 2.4
      vertex 56.974 53.2694 2.4
    endloop
  endfacet
  facet normal -0.442429 0.896803 0
    outer loop
      vertex 56.8 -53.3856 2.4
      vertex 56.6123 -53.4782 46
      vertex 56.8 -53.3856 46
    endloop
  endfacet
  facet normal -0.442429 0.896803 0
    outer loop
      vertex 56.6123 -53.4782 46
      vertex 56.8 -53.3856 2.4
      vertex 56.6123 -53.4782 2.4
    endloop
  endfacet
  facet normal -0.831609 -0.555362 0
    outer loop
      vertex 57.3856 52.8 2.4
      vertex 57.2694 52.974 46
      vertex 57.2694 52.974 2.4
    endloop
  endfacet
  facet normal -0.831609 -0.555362 0
    outer loop
      vertex 57.2694 52.974 46
      vertex 57.3856 52.8 2.4
      vertex 57.3856 52.8 46
    endloop
  endfacet
  facet normal -0.659248 -0.751925 0
    outer loop
      vertex 56.974 53.2694 2.4
      vertex 57.1314 53.1314 46
      vertex 56.974 53.2694 46
    endloop
  endfacet
  facet normal -0.659248 -0.751925 -0
    outer loop
      vertex 57.1314 53.1314 46
      vertex 56.974 53.2694 2.4
      vertex 57.1314 53.1314 2.4
    endloop
  endfacet
  facet normal 0.0654722 -0.997854 0
    outer loop
      vertex -56.2088 53.5863 2.4
      vertex -56 53.6 46
      vertex -56.2088 53.5863 46
    endloop
  endfacet
  facet normal 0.0654722 -0.997854 0
    outer loop
      vertex -56 53.6 46
      vertex -56.2088 53.5863 2.4
      vertex -56 53.6 2.4
    endloop
  endfacet
  facet normal 0.194922 -0.980819 0
    outer loop
      vertex -56.4141 53.5455 2.4
      vertex -56.2088 53.5863 46
      vertex -56.4141 53.5455 46
    endloop
  endfacet
  facet normal 0.194922 -0.980819 0
    outer loop
      vertex -56.2088 53.5863 46
      vertex -56.4141 53.5455 2.4
      vertex -56.2088 53.5863 2.4
    endloop
  endfacet
  facet normal -0.659248 0.751925 0
    outer loop
      vertex 57.1314 -53.1314 2.4
      vertex 56.974 -53.2694 46
      vertex 57.1314 -53.1314 46
    endloop
  endfacet
  facet normal -0.659248 0.751925 0
    outer loop
      vertex 56.974 -53.2694 46
      vertex 57.1314 -53.1314 2.4
      vertex 56.974 -53.2694 2.4
    endloop
  endfacet
  facet normal -0.194922 -0.980819 0
    outer loop
      vertex 56.2088 53.5863 2.4
      vertex 56.4141 53.5455 46
      vertex 56.2088 53.5863 46
    endloop
  endfacet
  facet normal -0.194922 -0.980819 -0
    outer loop
      vertex 56.4141 53.5455 46
      vertex 56.2088 53.5863 2.4
      vertex 56.4141 53.5455 2.4
    endloop
  endfacet
  facet normal -0.442429 -0.896803 0
    outer loop
      vertex 56.6123 53.4782 2.4
      vertex 56.8 53.3856 46
      vertex 56.6123 53.4782 46
    endloop
  endfacet
  facet normal -0.442429 -0.896803 -0
    outer loop
      vertex 56.8 53.3856 46
      vertex 56.6123 53.4782 2.4
      vertex 56.8 53.3856 2.4
    endloop
  endfacet
  facet normal 0 -1 0
    outer loop
      vertex 45.5 53.6 8
      vertex 48.5 53.6 32
      vertex 45.5 53.6 32
    endloop
  endfacet
  facet normal 0 -1 -0
    outer loop
      vertex 48.5 53.6 32
      vertex 45.5 53.6 8
      vertex 48.5 53.6 8
    endloop
  endfacet
  facet normal 0 -1 0
    outer loop
      vertex 39.5 53.6 8
      vertex 42.5 53.6 32
      vertex 39.5 53.6 32
    endloop
  endfacet
  facet normal 0 -1 -0
    outer loop
      vertex 42.5 53.6 32
      vertex 39.5 53.6 8
      vertex 42.5 53.6 8
    endloop
  endfacet
  facet normal 0 -1 0
    outer loop
      vertex 33.5 53.6 8
      vertex 36.5 53.6 32
      vertex 33.5 53.6 32
    endloop
  endfacet
  facet normal 0 -1 -0
    outer loop
      vertex 36.5 53.6 32
      vertex 33.5 53.6 8
      vertex 36.5 53.6 8
    endloop
  endfacet
  facet normal 0 -1 0
    outer loop
      vertex 27.5 53.6 8
      vertex 30.5 53.6 32
      vertex 27.5 53.6 32
    endloop
  endfacet
  facet normal 0 -1 -0
    outer loop
      vertex 30.5 53.6 32
      vertex 27.5 53.6 8
      vertex 30.5 53.6 8
    endloop
  endfacet
  facet normal 0 -1 0
    outer loop
      vertex -56 53.6 46
      vertex 24.5 53.6 32
      vertex 56 53.6 46
    endloop
  endfacet
  facet normal 0 -1 0
    outer loop
      vertex -56 53.6 2.4
      vertex 24.5 53.6 32
      vertex -56 53.6 46
    endloop
  endfacet
  facet normal 0 -1 0
    outer loop
      vertex 56 53.6 2.4
      vertex 27.5 53.6 8
      vertex 24.5 53.6 8
    endloop
  endfacet
  facet normal 0 -1 0
    outer loop
      vertex 27.5 53.6 8
      vertex 56 53.6 2.4
      vertex 30.5 53.6 8
    endloop
  endfacet
  facet normal 0 -1 0
    outer loop
      vertex 30.5 53.6 8
      vertex 56 53.6 2.4
      vertex 33.5 53.6 8
    endloop
  endfacet
  facet normal 0 -1 0
    outer loop
      vertex 33.5 53.6 8
      vertex 56 53.6 2.4
      vertex 36.5 53.6 8
    endloop
  endfacet
  facet normal 0 -1 0
    outer loop
      vertex 36.5 53.6 8
      vertex 56 53.6 2.4
      vertex 39.5 53.6 8
    endloop
  endfacet
  facet normal 0 -1 0
    outer loop
      vertex 39.5 53.6 8
      vertex 56 53.6 2.4
      vertex 42.5 53.6 8
    endloop
  endfacet
  facet normal 0 -1 0
    outer loop
      vertex 42.5 53.6 8
      vertex 56 53.6 2.4
      vertex 45.5 53.6 8
    endloop
  endfacet
  facet normal 0 -1 0
    outer loop
      vertex 45.5 53.6 8
      vertex 56 53.6 2.4
      vertex 48.5 53.6 8
    endloop
  endfacet
  facet normal 0 -1 0
    outer loop
      vertex 56 53.6 2.4
      vertex 24.5 53.6 8
      vertex -56 53.6 2.4
    endloop
  endfacet
  facet normal 0 -1 -0
    outer loop
      vertex 24.5 53.6 32
      vertex -56 53.6 2.4
      vertex 24.5 53.6 8
    endloop
  endfacet
  facet normal 0 -1 0
    outer loop
      vertex 27.5 53.6 32
      vertex 56 53.6 46
      vertex 24.5 53.6 32
    endloop
  endfacet
  facet normal 0 -1 0
    outer loop
      vertex 30.5 53.6 32
      vertex 56 53.6 46
      vertex 27.5 53.6 32
    endloop
  endfacet
  facet normal 0 -1 0
    outer loop
      vertex 33.5 53.6 32
      vertex 56 53.6 46
      vertex 30.5 53.6 32
    endloop
  endfacet
  facet normal 0 -1 0
    outer loop
      vertex 36.5 53.6 32
      vertex 56 53.6 46
      vertex 33.5 53.6 32
    endloop
  endfacet
  facet normal 0 -1 0
    outer loop
      vertex 39.5 53.6 32
      vertex 56 53.6 46
      vertex 36.5 53.6 32
    endloop
  endfacet
  facet normal 0 -1 0
    outer loop
      vertex 42.5 53.6 32
      vertex 56 53.6 46
      vertex 39.5 53.6 32
    endloop
  endfacet
  facet normal 0 -1 0
    outer loop
      vertex 45.5 53.6 32
      vertex 56 53.6 46
      vertex 42.5 53.6 32
    endloop
  endfacet
  facet normal 0 -1 0
    outer loop
      vertex 48.5 53.6 32
      vertex 56 53.6 46
      vertex 45.5 53.6 32
    endloop
  endfacet
  facet normal 0 -1 0
    outer loop
      vertex 51.5 53.6 32
      vertex 56 53.6 46
      vertex 48.5 53.6 32
    endloop
  endfacet
  facet normal 0 -1 0
    outer loop
      vertex 56 53.6 2.4
      vertex 51.5 53.6 32
      vertex 51.5 53.6 8
    endloop
  endfacet
  facet normal 0 -1 0
    outer loop
      vertex 51.5 53.6 32
      vertex 56 53.6 2.4
      vertex 56 53.6 46
    endloop
  endfacet
  facet normal 0 -1 0
    outer loop
      vertex 48.5 53.6 8
      vertex 56 53.6 2.4
      vertex 51.5 53.6 8
    endloop
  endfacet
  facet normal -0.321526 -0.946901 0
    outer loop
      vertex 56.4141 53.5455 2.4
      vertex 56.6123 53.4782 46
      vertex 56.4141 53.5455 46
    endloop
  endfacet
  facet normal -0.321526 -0.946901 -0
    outer loop
      vertex 56.6123 53.4782 46
      vertex 56.4141 53.5455 2.4
      vertex 56.6123 53.4782 2.4
    endloop
  endfacet
  facet normal -0.896803 -0.442429 0
    outer loop
      vertex 57.4782 52.6123 2.4
      vertex 57.3856 52.8 46
      vertex 57.3856 52.8 2.4
    endloop
  endfacet
  facet normal -0.896803 -0.442429 0
    outer loop
      vertex 57.3856 52.8 46
      vertex 57.4782 52.6123 2.4
      vertex 57.4782 52.6123 46
    endloop
  endfacet
  facet normal 1 -0 0
    outer loop
      vertex -57.6 -52 46
      vertex -57.6 52 2.4
      vertex -57.6 52 46
    endloop
  endfacet
  facet normal 1 0 0
    outer loop
      vertex -57.6 52 2.4
      vertex -57.6 -52 46
      vertex -57.6 -52 2.4
    endloop
  endfacet
  facet normal -0.831609 0.555362 0
    outer loop
      vertex 57.2694 -52.974 2.4
      vertex 57.3856 -52.8 46
      vertex 57.3856 -52.8 2.4
    endloop
  endfacet
  facet normal -0.831609 0.555362 0
    outer loop
      vertex 57.3856 -52.8 46
      vertex 57.2694 -52.974 2.4
      vertex 57.2694 -52.974 46
    endloop
  endfacet
  facet normal 0.0654722 0.997854 -0
    outer loop
      vertex -56 -53.6 2.4
      vertex -56.2088 -53.5863 46
      vertex -56 -53.6 46
    endloop
  endfacet
  facet normal 0.0654722 0.997854 0
    outer loop
      vertex -56.2088 -53.5863 46
      vertex -56 -53.6 2.4
      vertex -56.2088 -53.5863 2.4
    endloop
  endfacet
  facet normal -0.194922 0.980819 0
    outer loop
      vertex 56.4141 -53.5455 2.4
      vertex 56.2088 -53.5863 46
      vertex 56.4141 -53.5455 46
    endloop
  endfacet
  facet normal -0.194922 0.980819 0
    outer loop
      vertex 56.2088 -53.5863 46
      vertex 56.4141 -53.5455 2.4
      vertex 56.2088 -53.5863 2.4
    endloop
  endfacet
  facet normal -0.997854 0.0654722 0
    outer loop
      vertex 57.5863 -52.2088 2.4
      vertex 57.6 -52 46
      vertex 57.6 -52 2.4
    endloop
  endfacet
  facet normal -0.997854 0.0654722 0
    outer loop
      vertex 57.6 -52 46
      vertex 57.5863 -52.2088 2.4
      vertex 57.5863 -52.2088 46
    endloop
  endfacet
  facet normal 0.831609 0.555362 0
    outer loop
      vertex -57.2694 -52.974 46
      vertex -57.3856 -52.8 2.4
      vertex -57.3856 -52.8 46
    endloop
  endfacet
  facet normal 0.831609 0.555362 0
    outer loop
      vertex -57.3856 -52.8 2.4
      vertex -57.2694 -52.974 46
      vertex -57.2694 -52.974 2.4
    endloop
  endfacet
  facet normal -0.980819 0.194922 0
    outer loop
      vertex 57.5455 -52.4141 2.4
      vertex 57.5863 -52.2088 46
      vertex 57.5863 -52.2088 2.4
    endloop
  endfacet
  facet normal -0.980819 0.194922 0
    outer loop
      vertex 57.5863 -52.2088 46
      vertex 57.5455 -52.4141 2.4
      vertex 57.5455 -52.4141 46
    endloop
  endfacet
  facet normal 0.946901 0.321526 0
    outer loop
      vertex -57.4782 -52.6123 46
      vertex -57.5455 -52.4141 2.4
      vertex -57.5455 -52.4141 46
    endloop
  endfacet
  facet normal 0.946901 0.321526 0
    outer loop
      vertex -57.5455 -52.4141 2.4
      vertex -57.4782 -52.6123 46
      vertex -57.4782 -52.6123 2.4
    endloop
  endfacet
  facet normal 0.321526 0.946901 -0
    outer loop
      vertex -56.4141 -53.5455 2.4
      vertex -56.6123 -53.4782 46
      vertex -56.4141 -53.5455 46
    endloop
  endfacet
  facet normal 0.321526 0.946901 0
    outer loop
      vertex -56.6123 -53.4782 46
      vertex -56.4141 -53.5455 2.4
      vertex -56.6123 -53.4782 2.4
    endloop
  endfacet
  facet normal 0.555362 -0.831609 0
    outer loop
      vertex -56.974 53.2694 2.4
      vertex -56.8 53.3856 46
      vertex -56.974 53.2694 46
    endloop
  endfacet
  facet normal 0.555362 -0.831609 0
    outer loop
      vertex -56.8 53.3856 46
      vertex -56.974 53.2694 2.4
      vertex -56.8 53.3856 2.4
    endloop
  endfacet
  facet normal 0.442429 -0.896803 0
    outer loop
      vertex -56.8 53.3856 2.4
      vertex -56.6123 53.4782 46
      vertex -56.8 53.3856 46
    endloop
  endfacet
  facet normal 0.442429 -0.896803 0
    outer loop
      vertex -56.6123 53.4782 46
      vertex -56.8 53.3856 2.4
      vertex -56.6123 53.4782 2.4
    endloop
  endfacet
  facet normal 0.896803 -0.442429 0
    outer loop
      vertex -57.4782 52.6123 46
      vertex -57.3856 52.8 2.4
      vertex -57.3856 52.8 46
    endloop
  endfacet
  facet normal 0.896803 -0.442429 0
    outer loop
      vertex -57.3856 52.8 2.4
      vertex -57.4782 52.6123 46
      vertex -57.4782 52.6123 2.4
    endloop
  endfacet
  facet normal 0.751925 -0.659248 0
    outer loop
      vertex -57.2694 52.974 46
      vertex -57.1314 53.1314 2.4
      vertex -57.1314 53.1314 46
    endloop
  endfacet
  facet normal 0.751925 -0.659248 0
    outer loop
      vertex -57.1314 53.1314 2.4
      vertex -57.2694 52.974 46
      vertex -57.2694 52.974 2.4
    endloop
  endfacet
  facet normal 0.194922 0.980819 -0
    outer loop
      vertex -56.2088 -53.5863 2.4
      vertex -56.4141 -53.5455 46
      vertex -56.2088 -53.5863 46
    endloop
  endfacet
  facet normal 0.194922 0.980819 0
    outer loop
      vertex -56.4141 -53.5455 46
      vertex -56.2088 -53.5863 2.4
      vertex -56.4141 -53.5455 2.4
    endloop
  endfacet
  facet normal 0.831609 -0.555362 0
    outer loop
      vertex -57.3856 52.8 46
      vertex -57.2694 52.974 2.4
      vertex -57.2694 52.974 46
    endloop
  endfacet
  facet normal 0.831609 -0.555362 0
    outer loop
      vertex -57.2694 52.974 2.4
      vertex -57.3856 52.8 46
      vertex -57.3856 52.8 2.4
    endloop
  endfacet
  facet normal -0.0654722 -0.997854 0
    outer loop
      vertex 56 53.6 2.4
      vertex 56.2088 53.5863 46
      vertex 56 53.6 46
    endloop
  endfacet
  facet normal -0.0654722 -0.997854 -0
    outer loop
      vertex 56.2088 53.5863 46
      vertex 56 53.6 2.4
      vertex 56.2088 53.5863 2.4
    endloop
  endfacet
  facet normal 0.321526 -0.946901 0
    outer loop
      vertex -56.6123 53.4782 2.4
      vertex -56.4141 53.5455 46
      vertex -56.6123 53.4782 46
    endloop
  endfacet
  facet normal 0.321526 -0.946901 0
    outer loop
      vertex -56.4141 53.5455 46
      vertex -56.6123 53.4782 2.4
      vertex -56.4141 53.5455 2.4
    endloop
  endfacet
  facet normal 0.555362 0.831609 -0
    outer loop
      vertex -56.8 -53.3856 2.4
      vertex -56.974 -53.2694 46
      vertex -56.8 -53.3856 46
    endloop
  endfacet
  facet normal 0.555362 0.831609 0
    outer loop
      vertex -56.974 -53.2694 46
      vertex -56.8 -53.3856 2.4
      vertex -56.974 -53.2694 2.4
    endloop
  endfacet
  facet normal 0.442429 0.896803 -0
    outer loop
      vertex -56.6123 -53.4782 2.4
      vertex -56.8 -53.3856 46
      vertex -56.6123 -53.4782 46
    endloop
  endfacet
  facet normal 0.442429 0.896803 0
    outer loop
      vertex -56.8 -53.3856 46
      vertex -56.6123 -53.4782 2.4
      vertex -56.8 -53.3856 2.4
    endloop
  endfacet
  facet normal 0.896803 0.442429 0
    outer loop
      vertex -57.3856 -52.8 46
      vertex -57.4782 -52.6123 2.4
      vertex -57.4782 -52.6123 46
    endloop
  endfacet
  facet normal 0.896803 0.442429 0
    outer loop
      vertex -57.4782 -52.6123 2.4
      vertex -57.3856 -52.8 46
      vertex -57.3856 -52.8 2.4
    endloop
  endfacet
  facet normal 0.997854 -0.0654722 0
    outer loop
      vertex -57.6 52 46
      vertex -57.5863 52.2088 2.4
      vertex -57.5863 52.2088 46
    endloop
  endfacet
  facet normal 0.997854 -0.0654722 0
    outer loop
      vertex -57.5863 52.2088 2.4
      vertex -57.6 52 46
      vertex -57.6 52 2.4
    endloop
  endfacet
  facet normal -0.321526 0.946901 0
    outer loop
      vertex 56.6123 -53.4782 2.4
      vertex 56.4141 -53.5455 46
      vertex 56.6123 -53.4782 46
    endloop
  endfacet
  facet normal -0.321526 0.946901 0
    outer loop
      vertex 56.4141 -53.5455 46
      vertex 56.6123 -53.4782 2.4
      vertex 56.4141 -53.5455 2.4
    endloop
  endfacet
  facet normal -0.555362 0.831609 0
    outer loop
      vertex 56.974 -53.2694 2.4
      vertex 56.8 -53.3856 46
      vertex 56.974 -53.2694 46
    endloop
  endfacet
  facet normal -0.555362 0.831609 0
    outer loop
      vertex 56.8 -53.3856 46
      vertex 56.974 -53.2694 2.4
      vertex 56.8 -53.3856 2.4
    endloop
  endfacet
  facet normal 0.751925 0.659248 0
    outer loop
      vertex -57.1314 -53.1314 46
      vertex -57.2694 -52.974 2.4
      vertex -57.2694 -52.974 46
    endloop
  endfacet
  facet normal 0.751925 0.659248 0
    outer loop
      vertex -57.2694 -52.974 2.4
      vertex -57.1314 -53.1314 46
      vertex -57.1314 -53.1314 2.4
    endloop
  endfacet
  facet normal 0.980819 -0.194922 0
    outer loop
      vertex -57.5863 52.2088 46
      vertex -57.5455 52.4141 2.4
      vertex -57.5455 52.4141 46
    endloop
  endfacet
  facet normal 0.980819 -0.194922 0
    outer loop
      vertex -57.5455 52.4141 2.4
      vertex -57.5863 52.2088 46
      vertex -57.5863 52.2088 2.4
    endloop
  endfacet
  facet normal -0.946901 -0.321526 0
    outer loop
      vertex 57.5455 52.4141 2.4
      vertex 57.4782 52.6123 46
      vertex 57.4782 52.6123 2.4
    endloop
  endfacet
  facet normal -0.946901 -0.321526 0
    outer loop
      vertex 57.4782 52.6123 46
      vertex 57.5455 52.4141 2.4
      vertex 57.5455 52.4141 46
    endloop
  endfacet
  facet normal 0.946901 -0.321526 0
    outer loop
      vertex -57.5455 52.4141 46
      vertex -57.4782 52.6123 2.4
      vertex -57.4782 52.6123 46
    endloop
  endfacet
  facet normal 0.946901 -0.321526 0
    outer loop
      vertex -57.4782 52.6123 2.4
      vertex -57.5455 52.4141 46
      vertex -57.5455 52.4141 2.4
    endloop
  endfacet
  facet normal -0.896803 0.442429 0
    outer loop
      vertex 57.3856 -52.8 2.4
      vertex 57.4782 -52.6123 46
      vertex 57.4782 -52.6123 2.4
    endloop
  endfacet
  facet normal -0.896803 0.442429 0
    outer loop
      vertex 57.4782 -52.6123 46
      vertex 57.3856 -52.8 2.4
      vertex 57.3856 -52.8 46
    endloop
  endfacet
  facet normal 0.980819 0.194922 0
    outer loop
      vertex -57.5455 -52.4141 46
      vertex -57.5863 -52.2088 2.4
      vertex -57.5863 -52.2088 46
    endloop
  endfacet
  facet normal 0.980819 0.194922 0
    outer loop
      vertex -57.5863 -52.2088 2.4
      vertex -57.5455 -52.4141 46
      vertex -57.5455 -52.4141 2.4
    endloop
  endfacet
  facet normal -0.751925 0.659248 0
    outer loop
      vertex 57.1314 -53.1314 2.4
      vertex 57.2694 -52.974 46
      vertex 57.2694 -52.974 2.4
    endloop
  endfacet
  facet normal -0.751925 0.659248 0
    outer loop
      vertex 57.2694 -52.974 46
      vertex 57.1314 -53.1314 2.4
      vertex 57.1314 -53.1314 46
    endloop
  endfacet
  facet normal -0.980819 -0.194922 0
    outer loop
      vertex 57.5863 52.2088 2.4
      vertex 57.5455 52.4141 46
      vertex 57.5455 52.4141 2.4
    endloop
  endfacet
  facet normal -0.980819 -0.194922 0
    outer loop
      vertex 57.5455 52.4141 46
      vertex 57.5863 52.2088 2.4
      vertex 57.5863 52.2088 46
    endloop
  endfacet
  facet normal 0.659248 -0.751925 0
    outer loop
      vertex -57.1314 53.1314 2.4
      vertex -56.974 53.2694 46
      vertex -57.1314 53.1314 46
    endloop
  endfacet
  facet normal 0.659248 -0.751925 0
    outer loop
      vertex -56.974 53.2694 46
      vertex -57.1314 53.1314 2.4
      vertex -56.974 53.2694 2.4
    endloop
  endfacet
  facet normal -0.997854 -0.0654722 0
    outer loop
      vertex 57.6 52 2.4
      vertex 57.5863 52.2088 46
      vertex 57.5863 52.2088 2.4
    endloop
  endfacet
  facet normal -0.997854 -0.0654722 0
    outer loop
      vertex 57.5863 52.2088 46
      vertex 57.6 52 2.4
      vertex 57.6 52 46
    endloop
  endfacet
  facet normal 0.997854 0.0654722 0
    outer loop
      vertex -57.5863 -52.2088 46
      vertex -57.6 -52 2.4
      vertex -57.6 -52 46
    endloop
  endfacet
  facet normal 0.997854 0.0654722 0
    outer loop
      vertex -57.6 -52 2.4
      vertex -57.5863 -52.2088 46
      vertex -57.5863 -52.2088 2.4
    endloop
  endfacet
  facet normal -0.946901 0.321526 0
    outer loop
      vertex 57.4782 -52.6123 2.4
      vertex 57.5455 -52.4141 46
      vertex 57.5455 -52.4141 2.4
    endloop
  endfacet
  facet normal -0.946901 0.321526 0
    outer loop
      vertex 57.5455 -52.4141 46
      vertex 57.4782 -52.6123 2.4
      vertex 57.4782 -52.6123 46
    endloop
  endfacet
  facet normal 0 0 1
    outer loop
      vertex -34.4615 35.5874 2.4
      vertex -52.25 46.9689 2.4
      vertex -34.5 35 2.4
    endloop
  endfacet
  facet normal 0 0 1
    outer loop
      vertex -32.0787 26.139 2.4
      vertex -50.5299 -49.5432 2.4
      vertex -50.5 -50 2.4
    endloop
  endfacet
  facet normal -0 0 1
    outer loop
      vertex -52.6606 46.7664 2.4
      vertex -34.5 35 2.4
      vertex -52.25 46.9689 2.4
    endloop
  endfacet
  facet normal 0 0 1
    outer loop
      vertex -32.0787 26.139 2.4
      vertex -50.6193 -49.0941 2.4
      vertex -50.5299 -49.5432 2.4
    endloop
  endfacet
  facet normal 0 0 1
    outer loop
      vertex -34.5 35 2.4
      vertex -52.6606 46.7664 2.4
      vertex -34.4615 34.4126 2.4
    endloop
  endfacet
  facet normal 0 0 1
    outer loop
      vertex -32.0787 26.139 2.4
      vertex -50.7664 -48.6606 2.4
      vertex -50.6193 -49.0941 2.4
    endloop
  endfacet
  facet normal -0 0 1
    outer loop
      vertex -53.0941 46.6193 2.4
      vertex -34.4615 34.4126 2.4
      vertex -52.6606 46.7664 2.4
    endloop
  endfacet
  facet normal 0 0 1
    outer loop
      vertex -32.0787 26.139 2.4
      vertex -50.9689 -48.25 2.4
      vertex -50.7664 -48.6606 2.4
    endloop
  endfacet
  facet normal 0 0 1
    outer loop
      vertex -34.4615 34.4126 2.4
      vertex -53.0941 46.6193 2.4
      vertex -34.3467 33.8353 2.4
    endloop
  endfacet
  facet normal 0 0 1
    outer loop
      vertex -32.0787 26.139 2.4
      vertex -51.2233 -47.8693 2.4
      vertex -50.9689 -48.25 2.4
    endloop
  endfacet
  facet normal -0 0 1
    outer loop
      vertex -53.5432 46.5299 2.4
      vertex -34.3467 33.8353 2.4
      vertex -53.0941 46.6193 2.4
    endloop
  endfacet
  facet normal 0 0 1
    outer loop
      vertex -32.0787 26.139 2.4
      vertex -51.5251 -47.5251 2.4
      vertex -51.2233 -47.8693 2.4
    endloop
  endfacet
  facet normal 0 0 1
    outer loop
      vertex -34.3467 33.8353 2.4
      vertex -53.5432 46.5299 2.4
      vertex -34.1575 33.2779 2.4
    endloop
  endfacet
  facet normal 0 0 1
    outer loop
      vertex -32.0787 26.139 2.4
      vertex -51.8693 -47.2233 2.4
      vertex -51.5251 -47.5251 2.4
    endloop
  endfacet
  facet normal -0 0 1
    outer loop
      vertex -54 46.5 2.4
      vertex -34.1575 33.2779 2.4
      vertex -53.5432 46.5299 2.4
    endloop
  endfacet
  facet normal 0 0 1
    outer loop
      vertex -32.0787 26.139 2.4
      vertex -52.25 -46.9689 2.4
      vertex -51.8693 -47.2233 2.4
    endloop
  endfacet
  facet normal 0 0 1
    outer loop
      vertex -34.1575 33.2779 2.4
      vertex -54 46.5 2.4
      vertex -32.2308 26.7063 2.4
    endloop
  endfacet
  facet normal 0 0 1
    outer loop
      vertex -32.0787 26.139 2.4
      vertex -52.6606 -46.7664 2.4
      vertex -52.25 -46.9689 2.4
    endloop
  endfacet
  facet normal 0 0 1
    outer loop
      vertex -54.4568 46.5299 2.4
      vertex -32.2308 26.7063 2.4
      vertex -54 46.5 2.4
    endloop
  endfacet
  facet normal 0 0 1
    outer loop
      vertex -32.0787 26.139 2.4
      vertex -53.0941 -46.6193 2.4
      vertex -52.6606 -46.7664 2.4
    endloop
  endfacet
  facet normal 0 0 1
    outer loop
      vertex -32.2308 26.7063 2.4
      vertex -54.4568 46.5299 2.4
      vertex -32.1733 26.4177 2.4
    endloop
  endfacet
  facet normal 0 0 1
    outer loop
      vertex -32.0787 26.139 2.4
      vertex -53.5432 -46.5299 2.4
      vertex -53.0941 -46.6193 2.4
    endloop
  endfacet
  facet normal 0 0 1
    outer loop
      vertex -54.9059 46.6193 2.4
      vertex -32.1733 26.4177 2.4
      vertex -54.4568 46.5299 2.4
    endloop
  endfacet
  facet normal 0 0 1
    outer loop
      vertex -32.0787 26.139 2.4
      vertex -54 -46.5 2.4
      vertex -53.5432 -46.5299 2.4
    endloop
  endfacet
  facet normal 0 0 1
    outer loop
      vertex -32.1733 26.4177 2.4
      vertex -54.9059 46.6193 2.4
      vertex -32.0787 26.139 2.4
    endloop
  endfacet
  facet normal 0 0 1
    outer loop
      vertex -32.0787 26.139 2.4
      vertex -54.4568 -46.5299 2.4
      vertex -54 -46.5 2.4
    endloop
  endfacet
  facet normal 0 0 1
    outer loop
      vertex -55.3394 46.7664 2.4
      vertex -32.0787 26.139 2.4
      vertex -54.9059 46.6193 2.4
    endloop
  endfacet
  facet normal 0 0 1
    outer loop
      vertex -32.0787 26.139 2.4
      vertex -54.9059 -46.6193 2.4
      vertex -54.4568 -46.5299 2.4
    endloop
  endfacet
  facet normal 0 0 1
    outer loop
      vertex -55.3394 -46.7664 2.4
      vertex -32.0787 26.139 2.4
      vertex -55.3394 46.7664 2.4
    endloop
  endfacet
  facet normal 0 0 1
    outer loop
      vertex -32.0787 26.139 2.4
      vertex -55.3394 -46.7664 2.4
      vertex -54.9059 -46.6193 2.4
    endloop
  endfacet
  facet normal 0 0 1
    outer loop
      vertex -55.75 46.9689 2.4
      vertex -55.3394 -46.7664 2.4
      vertex -55.3394 46.7664 2.4
    endloop
  endfacet
  facet normal 0 0 1
    outer loop
      vertex -55.75 46.9689 2.4
      vertex -55.75 -46.9689 2.4
      vertex -55.3394 -46.7664 2.4
    endloop
  endfacet
  facet normal 0 0 1
    outer loop
      vertex -56.1307 47.2233 2.4
      vertex -55.75 -46.9689 2.4
      vertex -55.75 46.9689 2.4
    endloop
  endfacet
  facet normal 0 0 1
    outer loop
      vertex -56.1307 47.2233 2.4
      vertex -56.1307 -47.2233 2.4
      vertex -55.75 -46.9689 2.4
    endloop
  endfacet
  facet normal 0 0 1
    outer loop
      vertex -56.4749 47.5251 2.4
      vertex -56.1307 -47.2233 2.4
      vertex -56.1307 47.2233 2.4
    endloop
  endfacet
  facet normal 0 0 1
    outer loop
      vertex -56.4749 47.5251 2.4
      vertex -56.4749 -47.5251 2.4
      vertex -56.1307 -47.2233 2.4
    endloop
  endfacet
  facet normal 0 0 1
    outer loop
      vertex -56.7767 47.8693 2.4
      vertex -56.4749 -47.5251 2.4
      vertex -56.4749 47.5251 2.4
    endloop
  endfacet
  facet normal 0 0 1
    outer loop
      vertex -56.7767 47.8693 2.4
      vertex -56.7767 -47.8693 2.4
      vertex -56.4749 -47.5251 2.4
    endloop
  endfacet
  facet normal 0 0 1
    outer loop
      vertex -57.0311 48.25 2.4
      vertex -56.7767 -47.8693 2.4
      vertex -56.7767 47.8693 2.4
    endloop
  endfacet
  facet normal 0 0 1
    outer loop
      vertex -57.0311 48.25 2.4
      vertex -57.0311 -48.25 2.4
      vertex -56.7767 -47.8693 2.4
    endloop
  endfacet
  facet normal 0 0 1
    outer loop
      vertex -57.2336 48.6606 2.4
      vertex -57.0311 -48.25 2.4
      vertex -57.0311 48.25 2.4
    endloop
  endfacet
  facet normal 0 0 1
    outer loop
      vertex -57.2336 48.6606 2.4
      vertex -57.2336 -48.6606 2.4
      vertex -57.0311 -48.25 2.4
    endloop
  endfacet
  facet normal 0 0 1
    outer loop
      vertex -57.3807 49.0941 2.4
      vertex -57.2336 -48.6606 2.4
      vertex -57.2336 48.6606 2.4
    endloop
  endfacet
  facet normal 0 0 1
    outer loop
      vertex -57.3807 49.0941 2.4
      vertex -57.3807 -49.0941 2.4
      vertex -57.2336 -48.6606 2.4
    endloop
  endfacet
  facet normal 0 0 1
    outer loop
      vertex -57.4701 49.5432 2.4
      vertex -57.3807 -49.0941 2.4
      vertex -57.3807 49.0941 2.4
    endloop
  endfacet
  facet normal 0 0 1
    outer loop
      vertex -57.4701 49.5432 2.4
      vertex -57.4701 -49.5432 2.4
      vertex -57.3807 -49.0941 2.4
    endloop
  endfacet
  facet normal 0 0 1
    outer loop
      vertex -57.5 50 2.4
      vertex -57.4701 -49.5432 2.4
      vertex -57.4701 49.5432 2.4
    endloop
  endfacet
  facet normal 0 0 1
    outer loop
      vertex -57.4701 -49.5432 2.4
      vertex -57.5 50 2.4
      vertex -57.5 -50 2.4
    endloop
  endfacet
  facet normal 0 0 1
    outer loop
      vertex -32.25 31.1029 2.4
      vertex -32.7394 31.4299 2.4
      vertex -32.25 27 2.4
    endloop
  endfacet
  facet normal 0 0 1
    outer loop
      vertex 27.75 31.1029 2.4
      vertex 27.2606 31.4299 2.4
      vertex 27.75 27 2.4
    endloop
  endfacet
  facet normal -0 0 1
    outer loop
      vertex 57.4701 49.5432 2.4
      vertex 57.5 -50 2.4
      vertex 57.5 50 2.4
    endloop
  endfacet
  facet normal 0 0 1
    outer loop
      vertex 57.4701 49.5432 2.4
      vertex 57.4701 -49.5432 2.4
      vertex 57.5 -50 2.4
    endloop
  endfacet
  facet normal -0 0 1
    outer loop
      vertex 57.3807 49.0941 2.4
      vertex 57.4701 -49.5432 2.4
      vertex 57.4701 49.5432 2.4
    endloop
  endfacet
  facet normal 0 0 1
    outer loop
      vertex 57.3807 49.0941 2.4
      vertex 57.3807 -49.0941 2.4
      vertex 57.4701 -49.5432 2.4
    endloop
  endfacet
  facet normal -0 0 1
    outer loop
      vertex 57.2336 48.6606 2.4
      vertex 57.3807 -49.0941 2.4
      vertex 57.3807 49.0941 2.4
    endloop
  endfacet
  facet normal 0 0 1
    outer loop
      vertex 57.2336 48.6606 2.4
      vertex 57.2336 -48.6606 2.4
      vertex 57.3807 -49.0941 2.4
    endloop
  endfacet
  facet normal -0 0 1
    outer loop
      vertex 57.0311 48.25 2.4
      vertex 57.2336 -48.6606 2.4
      vertex 57.2336 48.6606 2.4
    endloop
  endfacet
  facet normal 0 0 1
    outer loop
      vertex 57.0311 48.25 2.4
      vertex 57.0311 -48.25 2.4
      vertex 57.2336 -48.6606 2.4
    endloop
  endfacet
  facet normal -0 0 1
    outer loop
      vertex 56.7767 47.8693 2.4
      vertex 57.0311 -48.25 2.4
      vertex 57.0311 48.25 2.4
    endloop
  endfacet
  facet normal 0 0 1
    outer loop
      vertex 56.7767 47.8693 2.4
      vertex 56.7767 -47.8693 2.4
      vertex 57.0311 -48.25 2.4
    endloop
  endfacet
  facet normal -0 0 1
    outer loop
      vertex 56.4749 47.5251 2.4
      vertex 56.7767 -47.8693 2.4
      vertex 56.7767 47.8693 2.4
    endloop
  endfacet
  facet normal 0 0 1
    outer loop
      vertex 56.4749 47.5251 2.4
      vertex 56.4749 -47.5251 2.4
      vertex 56.7767 -47.8693 2.4
    endloop
  endfacet
  facet normal -0 0 1
    outer loop
      vertex 56.1307 47.2233 2.4
      vertex 56.4749 -47.5251 2.4
      vertex 56.4749 47.5251 2.4
    endloop
  endfacet
  facet normal 0 0 1
    outer loop
      vertex 56.1307 47.2233 2.4
      vertex 56.1307 -47.2233 2.4
      vertex 56.4749 -47.5251 2.4
    endloop
  endfacet
  facet normal -0 0 1
    outer loop
      vertex 55.75 46.9689 2.4
      vertex 56.1307 -47.2233 2.4
      vertex 56.1307 47.2233 2.4
    endloop
  endfacet
  facet normal 0 0 1
    outer loop
      vertex 55.75 46.9689 2.4
      vertex 55.75 -46.9689 2.4
      vertex 56.1307 -47.2233 2.4
    endloop
  endfacet
  facet normal -0 0 1
    outer loop
      vertex 55.3394 46.7664 2.4
      vertex 55.75 -46.9689 2.4
      vertex 55.75 46.9689 2.4
    endloop
  endfacet
  facet normal 0 0 1
    outer loop
      vertex 55.3394 46.7664 2.4
      vertex 55.3394 -46.7664 2.4
      vertex 55.75 -46.9689 2.4
    endloop
  endfacet
  facet normal 0 0 1
    outer loop
      vertex 32.0787 26.139 2.4
      vertex 55.3394 46.7664 2.4
      vertex 54.9059 46.6193 2.4
    endloop
  endfacet
  facet normal 0 0 1
    outer loop
      vertex 55.3394 46.7664 2.4
      vertex 31.9486 25.875 2.4
      vertex 55.3394 -46.7664 2.4
    endloop
  endfacet
  facet normal 0 0 1
    outer loop
      vertex 32.1733 26.4177 2.4
      vertex 54.9059 46.6193 2.4
      vertex 54.4568 46.5299 2.4
    endloop
  endfacet
  facet normal -0 0 1
    outer loop
      vertex 31.785 25.6303 2.4
      vertex 55.3394 -46.7664 2.4
      vertex 31.9486 25.875 2.4
    endloop
  endfacet
  facet normal 0 0 1
    outer loop
      vertex 32.2308 26.7063 2.4
      vertex 54.4568 46.5299 2.4
      vertex 54 46.5 2.4
    endloop
  endfacet
  facet normal 0 0 1
    outer loop
      vertex 55.3394 -46.7664 2.4
      vertex 31.785 25.6303 2.4
      vertex 54.9059 -46.6193 2.4
    endloop
  endfacet
  facet normal 0 0 1
    outer loop
      vertex 34.1575 33.2779 2.4
      vertex 54 46.5 2.4
      vertex 53.5432 46.5299 2.4
    endloop
  endfacet
  facet normal -0 0 1
    outer loop
      vertex 31.591 25.409 2.4
      vertex 54.9059 -46.6193 2.4
      vertex 31.785 25.6303 2.4
    endloop
  endfacet
  facet normal 0 0 1
    outer loop
      vertex 34.3467 33.8353 2.4
      vertex 53.5432 46.5299 2.4
      vertex 53.0941 46.6193 2.4
    endloop
  endfacet
  facet normal 0 0 1
    outer loop
      vertex 54.9059 -46.6193 2.4
      vertex 31.591 25.409 2.4
      vertex 54.4568 -46.5299 2.4
    endloop
  endfacet
  facet normal 0 0 1
    outer loop
      vertex 34.4615 34.4126 2.4
      vertex 53.0941 46.6193 2.4
      vertex 52.6606 46.7664 2.4
    endloop
  endfacet
  facet normal -0 0 1
    outer loop
      vertex 20.8 -13.61 2.4
      vertex 54.4568 -46.5299 2.4
      vertex 31.591 25.409 2.4
    endloop
  endfacet
  facet normal 0 0 1
    outer loop
      vertex 34.5 35 2.4
      vertex 52.6606 46.7664 2.4
      vertex 52.25 46.9689 2.4
    endloop
  endfacet
  facet normal 0 0 1
    outer loop
      vertex 54.4568 -46.5299 2.4
      vertex 20.8 -13.61 2.4
      vertex 54 -46.5 2.4
    endloop
  endfacet
  facet normal 0 0 1
    outer loop
      vertex 34.4615 35.5874 2.4
      vertex 52.25 46.9689 2.4
      vertex 51.8693 47.2233 2.4
    endloop
  endfacet
  facet normal 0 0 1
    outer loop
      vertex 54 -46.5 2.4
      vertex 20.8 -13.61 2.4
      vertex 53.5432 -46.5299 2.4
    endloop
  endfacet
  facet normal 0 0 1
    outer loop
      vertex 34.3467 36.1647 2.4
      vertex 51.8693 47.2233 2.4
      vertex 51.5251 47.5251 2.4
    endloop
  endfacet
  facet normal 0 0 1
    outer loop
      vertex 53.5432 -46.5299 2.4
      vertex 20.8 -13.61 2.4
      vertex 53.0941 -46.6193 2.4
    endloop
  endfacet
  facet normal 0 0 1
    outer loop
      vertex 34.1575 36.7221 2.4
      vertex 51.5251 47.5251 2.4
      vertex 51.2233 47.8693 2.4
    endloop
  endfacet
  facet normal 0 0 1
    outer loop
      vertex 55.3394 46.7664 2.4
      vertex 32.0787 26.139 2.4
      vertex 31.9486 25.875 2.4
    endloop
  endfacet
  facet normal 0 0 1
    outer loop
      vertex 33.8971 37.25 2.4
      vertex 51.2233 47.8693 2.4
      vertex 50.9689 48.25 2.4
    endloop
  endfacet
  facet normal 0 0 1
    outer loop
      vertex 53.0941 -46.6193 2.4
      vertex 20.8 -13.61 2.4
      vertex 52.6606 -46.7664 2.4
    endloop
  endfacet
  facet normal 0 0 1
    outer loop
      vertex 33.5701 37.7394 2.4
      vertex 50.9689 48.25 2.4
      vertex 50.7664 48.6606 2.4
    endloop
  endfacet
  facet normal 0 0 1
    outer loop
      vertex 52.6606 -46.7664 2.4
      vertex 20.8 -13.61 2.4
      vertex 52.25 -46.9689 2.4
    endloop
  endfacet
  facet normal 0 0 1
    outer loop
      vertex 33.182 38.182 2.4
      vertex 50.7664 48.6606 2.4
      vertex 50.6193 49.0941 2.4
    endloop
  endfacet
  facet normal 0 0 1
    outer loop
      vertex 52.25 -46.9689 2.4
      vertex 20.8 -13.61 2.4
      vertex 51.8693 -47.2233 2.4
    endloop
  endfacet
  facet normal 0 0 1
    outer loop
      vertex 32.7394 38.5701 2.4
      vertex 50.6193 49.0941 2.4
      vertex 50.5299 49.5432 2.4
    endloop
  endfacet
  facet normal 0 0 1
    outer loop
      vertex 51.8693 -47.2233 2.4
      vertex 20.8 -13.61 2.4
      vertex 51.5251 -47.5251 2.4
    endloop
  endfacet
  facet normal 0 0 1
    outer loop
      vertex 32.25 38.8971 2.4
      vertex 50.5299 49.5432 2.4
      vertex 50.5 50 2.4
    endloop
  endfacet
  facet normal 0 0 1
    outer loop
      vertex 51.5251 -47.5251 2.4
      vertex 20.8 -13.61 2.4
      vertex 51.2233 -47.8693 2.4
    endloop
  endfacet
  facet normal 0 0 1
    outer loop
      vertex 57.0311 51.75 2.4
      vertex 57.6 52 2.4
      vertex 57.5863 52.2088 2.4
    endloop
  endfacet
  facet normal 0 0 1
    outer loop
      vertex 57.6 52 2.4
      vertex 57.5 50 2.4
      vertex 57.6 -52 2.4
    endloop
  endfacet
  facet normal 0 0 1
    outer loop
      vertex 56.7767 52.1307 2.4
      vertex 57.5863 52.2088 2.4
      vertex 57.5455 52.4141 2.4
    endloop
  endfacet
  facet normal -0 0 1
    outer loop
      vertex 57.5 -50 2.4
      vertex 57.6 -52 2.4
      vertex 57.5 50 2.4
    endloop
  endfacet
  facet normal -0 0 1
    outer loop
      vertex 57.4701 -50.4568 2.4
      vertex 57.6 -52 2.4
      vertex 57.5 -50 2.4
    endloop
  endfacet
  facet normal 0 0 1
    outer loop
      vertex 56.7767 52.1307 2.4
      vertex 57.5455 52.4141 2.4
      vertex 57.4782 52.6123 2.4
    endloop
  endfacet
  facet normal 0 0 1
    outer loop
      vertex 57.6 52 2.4
      vertex 57.4701 50.4568 2.4
      vertex 57.5 50 2.4
    endloop
  endfacet
  facet normal 0 0 1
    outer loop
      vertex 56.7767 52.1307 2.4
      vertex 57.4782 52.6123 2.4
      vertex 57.3856 52.8 2.4
    endloop
  endfacet
  facet normal 0 0 1
    outer loop
      vertex 57.6 52 2.4
      vertex 57.3807 50.9059 2.4
      vertex 57.4701 50.4568 2.4
    endloop
  endfacet
  facet normal 0 0 1
    outer loop
      vertex 56.4749 52.4749 2.4
      vertex 57.3856 52.8 2.4
      vertex 57.2694 52.974 2.4
    endloop
  endfacet
  facet normal 0 0 1
    outer loop
      vertex 57.6 52 2.4
      vertex 57.2336 51.3394 2.4
      vertex 57.3807 50.9059 2.4
    endloop
  endfacet
  facet normal 0 0 1
    outer loop
      vertex 56.4749 52.4749 2.4
      vertex 57.2694 52.974 2.4
      vertex 57.1314 53.1314 2.4
    endloop
  endfacet
  facet normal 0 0 1
    outer loop
      vertex 57.6 52 2.4
      vertex 57.0311 51.75 2.4
      vertex 57.2336 51.3394 2.4
    endloop
  endfacet
  facet normal 0 0 1
    outer loop
      vertex 56.4749 52.4749 2.4
      vertex 57.1314 53.1314 2.4
      vertex 56.974 53.2694 2.4
    endloop
  endfacet
  facet normal 0 0 1
    outer loop
      vertex 56.4749 52.4749 2.4
      vertex 56.974 53.2694 2.4
      vertex 56.8 53.3856 2.4
    endloop
  endfacet
  facet normal 0 0 1
    outer loop
      vertex 57.5863 52.2088 2.4
      vertex 56.7767 52.1307 2.4
      vertex 57.0311 51.75 2.4
    endloop
  endfacet
  facet normal 0 0 1
    outer loop
      vertex 56.1307 52.7767 2.4
      vertex 56.8 53.3856 2.4
      vertex 56.6123 53.4782 2.4
    endloop
  endfacet
  facet normal 0 0 1
    outer loop
      vertex 57.3856 52.8 2.4
      vertex 56.4749 52.4749 2.4
      vertex 56.7767 52.1307 2.4
    endloop
  endfacet
  facet normal 0 0 1
    outer loop
      vertex 56.1307 52.7767 2.4
      vertex 56.6123 53.4782 2.4
      vertex 56.4141 53.5455 2.4
    endloop
  endfacet
  facet normal 0 0 1
    outer loop
      vertex 56.1307 52.7767 2.4
      vertex 56.4141 53.5455 2.4
      vertex 56.2088 53.5863 2.4
    endloop
  endfacet
  facet normal 0 0 1
    outer loop
      vertex 56.8 53.3856 2.4
      vertex 56.1307 52.7767 2.4
      vertex 56.4749 52.4749 2.4
    endloop
  endfacet
  facet normal 0 0 1
    outer loop
      vertex 55.75 53.0311 2.4
      vertex 56.2088 53.5863 2.4
      vertex 56 53.6 2.4
    endloop
  endfacet
  facet normal 0 0 1
    outer loop
      vertex 56.2088 53.5863 2.4
      vertex 55.75 53.0311 2.4
      vertex 56.1307 52.7767 2.4
    endloop
  endfacet
  facet normal 0 0 1
    outer loop
      vertex 56 53.6 2.4
      vertex 55.3394 53.2336 2.4
      vertex 55.75 53.0311 2.4
    endloop
  endfacet
  facet normal 0 0 1
    outer loop
      vertex 56 53.6 2.4
      vertex 54.9059 53.3807 2.4
      vertex 55.3394 53.2336 2.4
    endloop
  endfacet
  facet normal 0 0 1
    outer loop
      vertex 56 53.6 2.4
      vertex 54.4568 53.4701 2.4
      vertex 54.9059 53.3807 2.4
    endloop
  endfacet
  facet normal 0 0 1
    outer loop
      vertex 56 53.6 2.4
      vertex 54 53.5 2.4
      vertex 54.4568 53.4701 2.4
    endloop
  endfacet
  facet normal 0 0 1
    outer loop
      vertex 52.6606 46.7664 2.4
      vertex 34.5 35 2.4
      vertex 34.4615 34.4126 2.4
    endloop
  endfacet
  facet normal 0 0 1
    outer loop
      vertex 31.7221 39.1575 2.4
      vertex 50.5 50 2.4
      vertex 50.5299 50.4568 2.4
    endloop
  endfacet
  facet normal 0 0 1
    outer loop
      vertex 31.1647 39.3467 2.4
      vertex 50.5299 50.4568 2.4
      vertex 50.6193 50.9059 2.4
    endloop
  endfacet
  facet normal 0 0 1
    outer loop
      vertex 30.5874 39.4615 2.4
      vertex 50.6193 50.9059 2.4
      vertex 50.7664 51.3394 2.4
    endloop
  endfacet
  facet normal 0 0 1
    outer loop
      vertex 30 39.5 2.4
      vertex 50.7664 51.3394 2.4
      vertex 50.9689 51.75 2.4
    endloop
  endfacet
  facet normal 0 0 1
    outer loop
      vertex 16.4 44.1 2.4
      vertex 50.9689 51.75 2.4
      vertex 51.2233 52.1307 2.4
    endloop
  endfacet
  facet normal 0 0 1
    outer loop
      vertex 16.4 44.1 2.4
      vertex 51.2233 52.1307 2.4
      vertex 51.5251 52.4749 2.4
    endloop
  endfacet
  facet normal 0 0 1
    outer loop
      vertex 52.25 46.9689 2.4
      vertex 34.4615 35.5874 2.4
      vertex 34.5 35 2.4
    endloop
  endfacet
  facet normal 0 0 1
    outer loop
      vertex 51.8693 47.2233 2.4
      vertex 34.3467 36.1647 2.4
      vertex 34.4615 35.5874 2.4
    endloop
  endfacet
  facet normal 0 0 1
    outer loop
      vertex 51.5251 47.5251 2.4
      vertex 34.1575 36.7221 2.4
      vertex 34.3467 36.1647 2.4
    endloop
  endfacet
  facet normal 0 0 1
    outer loop
      vertex 51.2233 47.8693 2.4
      vertex 33.8971 37.25 2.4
      vertex 34.1575 36.7221 2.4
    endloop
  endfacet
  facet normal 0 0 1
    outer loop
      vertex 16.4 44.1 2.4
      vertex 51.5251 52.4749 2.4
      vertex 51.8693 52.7767 2.4
    endloop
  endfacet
  facet normal 0 0 1
    outer loop
      vertex 50.9689 48.25 2.4
      vertex 33.5701 37.7394 2.4
      vertex 33.8971 37.25 2.4
    endloop
  endfacet
  facet normal 0 0 1
    outer loop
      vertex 50.7664 48.6606 2.4
      vertex 33.182 38.182 2.4
      vertex 33.5701 37.7394 2.4
    endloop
  endfacet
  facet normal 0 0 1
    outer loop
      vertex 50.6193 49.0941 2.4
      vertex 32.7394 38.5701 2.4
      vertex 33.182 38.182 2.4
    endloop
  endfacet
  facet normal 0 0 1
    outer loop
      vertex 50.5299 49.5432 2.4
      vertex 32.25 38.8971 2.4
      vertex 32.7394 38.5701 2.4
    endloop
  endfacet
  facet normal 0 0 1
    outer loop
      vertex 50.5 50 2.4
      vertex 31.7221 39.1575 2.4
      vertex 32.25 38.8971 2.4
    endloop
  endfacet
  facet normal 0 0 1
    outer loop
      vertex 50.5299 50.4568 2.4
      vertex 31.1647 39.3467 2.4
      vertex 31.7221 39.1575 2.4
    endloop
  endfacet
  facet normal 0 0 1
    outer loop
      vertex 16.4 44.1 2.4
      vertex 51.8693 52.7767 2.4
      vertex 52.25 53.0311 2.4
    endloop
  endfacet
  facet normal 0 0 1
    outer loop
      vertex 50.6193 50.9059 2.4
      vertex 30.5874 39.4615 2.4
      vertex 31.1647 39.3467 2.4
    endloop
  endfacet
  facet normal 0 0 1
    outer loop
      vertex 50.7664 51.3394 2.4
      vertex 30 39.5 2.4
      vertex 30.5874 39.4615 2.4
    endloop
  endfacet
  facet normal 0 0 1
    outer loop
      vertex 50.9689 51.75 2.4
      vertex 16.4 44.1 2.4
      vertex 30 39.5 2.4
    endloop
  endfacet
  facet normal 0 0 1
    outer loop
      vertex 30 39.5 2.4
      vertex 16.4 44.1 2.4
      vertex 29.4126 39.4615 2.4
    endloop
  endfacet
  facet normal 0 0 1
    outer loop
      vertex 29.4126 39.4615 2.4
      vertex 16.4 44.1 2.4
      vertex 28.8353 39.3467 2.4
    endloop
  endfacet
  facet normal 0 0 1
    outer loop
      vertex 28.8353 39.3467 2.4
      vertex 16.4 44.1 2.4
      vertex 28.2779 39.1575 2.4
    endloop
  endfacet
  facet normal 0 0 1
    outer loop
      vertex 16.4 44.1 2.4
      vertex 25.5 35 2.4
      vertex 25.5385 35.5874 2.4
    endloop
  endfacet
  facet normal 0 0 1
    outer loop
      vertex 25.5 35 2.4
      vertex 16.4 -12.1 2.4
      vertex 20.8 -13.61 2.4
    endloop
  endfacet
  facet normal 0 0 1
    outer loop
      vertex 20.8 -13.61 2.4
      vertex 16.4 -12.1 2.4
      vertex 19.2 -13.61 2.4
    endloop
  endfacet
  facet normal 0 0 1
    outer loop
      vertex 25.5 35 2.4
      vertex 16.4 44.1 2.4
      vertex 16.4 -12.1 2.4
    endloop
  endfacet
  facet normal 0 0 1
    outer loop
      vertex 25.6533 36.1647 2.4
      vertex 16.4 44.1 2.4
      vertex 25.5385 35.5874 2.4
    endloop
  endfacet
  facet normal 0 0 1
    outer loop
      vertex 25.8425 36.7221 2.4
      vertex 16.4 44.1 2.4
      vertex 25.6533 36.1647 2.4
    endloop
  endfacet
  facet normal 0 0 1
    outer loop
      vertex 26.1029 37.25 2.4
      vertex 16.4 44.1 2.4
      vertex 25.8425 36.7221 2.4
    endloop
  endfacet
  facet normal 0 0 1
    outer loop
      vertex 26.4299 37.7394 2.4
      vertex 16.4 44.1 2.4
      vertex 26.1029 37.25 2.4
    endloop
  endfacet
  facet normal 0 0 1
    outer loop
      vertex 26.818 38.182 2.4
      vertex 16.4 44.1 2.4
      vertex 26.4299 37.7394 2.4
    endloop
  endfacet
  facet normal 0 0 1
    outer loop
      vertex 27.2606 38.5701 2.4
      vertex 16.4 44.1 2.4
      vertex 26.818 38.182 2.4
    endloop
  endfacet
  facet normal 0 0 1
    outer loop
      vertex 27.75 38.8971 2.4
      vertex 16.4 44.1 2.4
      vertex 27.2606 38.5701 2.4
    endloop
  endfacet
  facet normal 0 0 1
    outer loop
      vertex 28.2779 39.1575 2.4
      vertex 16.4 44.1 2.4
      vertex 27.75 38.8971 2.4
    endloop
  endfacet
  facet normal 0 0 1
    outer loop
      vertex 52.6606 53.2336 2.4
      vertex 16.4 44.1 2.4
      vertex 52.25 53.0311 2.4
    endloop
  endfacet
  facet normal 0 0 1
    outer loop
      vertex -52.6606 53.2336 2.4
      vertex 52.6606 53.2336 2.4
      vertex 53.0941 53.3807 2.4
    endloop
  endfacet
  facet normal 0 0 1
    outer loop
      vertex 52.6606 53.2336 2.4
      vertex -16.4 44.1 2.4
      vertex 16.4 44.1 2.4
    endloop
  endfacet
  facet normal 0 0 1
    outer loop
      vertex -53.0941 53.3807 2.4
      vertex 53.0941 53.3807 2.4
      vertex 53.5432 53.4701 2.4
    endloop
  endfacet
  facet normal -0 0 1
    outer loop
      vertex -27.8267 26.4177 2.4
      vertex -16.4 -12.1 2.4
      vertex -16.4 44.1 2.4
    endloop
  endfacet
  facet normal -0 0 1
    outer loop
      vertex -27.9213 26.139 2.4
      vertex -16.4 -12.1 2.4
      vertex -27.8267 26.4177 2.4
    endloop
  endfacet
  facet normal 0 0 1
    outer loop
      vertex -25.6533 33.8353 2.4
      vertex -16.4 44.1 2.4
      vertex -25.5385 34.4126 2.4
    endloop
  endfacet
  facet normal 0 0 1
    outer loop
      vertex -25.5385 34.4126 2.4
      vertex -16.4 44.1 2.4
      vertex -25.5 35 2.4
    endloop
  endfacet
  facet normal 0 0 1
    outer loop
      vertex -16.4 44.1 2.4
      vertex -25.5385 35.5874 2.4
      vertex -25.5 35 2.4
    endloop
  endfacet
  facet normal 0 0 1
    outer loop
      vertex -16.4 44.1 2.4
      vertex -25.6533 36.1647 2.4
      vertex -25.5385 35.5874 2.4
    endloop
  endfacet
  facet normal 0 0 1
    outer loop
      vertex -16.4 44.1 2.4
      vertex -25.8425 36.7221 2.4
      vertex -25.6533 36.1647 2.4
    endloop
  endfacet
  facet normal 0 0 1
    outer loop
      vertex -16.4 44.1 2.4
      vertex -26.1029 37.25 2.4
      vertex -25.8425 36.7221 2.4
    endloop
  endfacet
  facet normal 0 0 1
    outer loop
      vertex -16.4 44.1 2.4
      vertex -26.4299 37.7394 2.4
      vertex -26.1029 37.25 2.4
    endloop
  endfacet
  facet normal 0 0 1
    outer loop
      vertex -16.4 44.1 2.4
      vertex -26.818 38.182 2.4
      vertex -26.4299 37.7394 2.4
    endloop
  endfacet
  facet normal 0 0 1
    outer loop
      vertex -16.4 44.1 2.4
      vertex -27.2606 38.5701 2.4
      vertex -26.818 38.182 2.4
    endloop
  endfacet
  facet normal 0 0 1
    outer loop
      vertex -16.4 44.1 2.4
      vertex -27.75 38.8971 2.4
      vertex -27.2606 38.5701 2.4
    endloop
  endfacet
  facet normal 0 0 1
    outer loop
      vertex -16.4 44.1 2.4
      vertex -28.2779 39.1575 2.4
      vertex -27.75 38.8971 2.4
    endloop
  endfacet
  facet normal 0 0 1
    outer loop
      vertex -16.4 44.1 2.4
      vertex -28.8353 39.3467 2.4
      vertex -28.2779 39.1575 2.4
    endloop
  endfacet
  facet normal 0 0 1
    outer loop
      vertex -16.4 44.1 2.4
      vertex -29.4126 39.4615 2.4
      vertex -28.8353 39.3467 2.4
    endloop
  endfacet
  facet normal 0 0 1
    outer loop
      vertex -16.4 44.1 2.4
      vertex -30 39.5 2.4
      vertex -29.4126 39.4615 2.4
    endloop
  endfacet
  facet normal 0 0 1
    outer loop
      vertex -50.9689 51.75 2.4
      vertex -30 39.5 2.4
      vertex -16.4 44.1 2.4
    endloop
  endfacet
  facet normal -0 -0 1
    outer loop
      vertex -50.7664 51.3394 2.4
      vertex -30 39.5 2.4
      vertex -50.9689 51.75 2.4
    endloop
  endfacet
  facet normal 0 0 1
    outer loop
      vertex -33.5701 37.7394 2.4
      vertex -50.9689 48.25 2.4
      vertex -33.8971 37.25 2.4
    endloop
  endfacet
  facet normal -0 0 1
    outer loop
      vertex -50.9689 48.25 2.4
      vertex -33.5701 37.7394 2.4
      vertex -50.7664 48.6606 2.4
    endloop
  endfacet
  facet normal 0 0 1
    outer loop
      vertex -33.182 38.182 2.4
      vertex -50.7664 48.6606 2.4
      vertex -33.5701 37.7394 2.4
    endloop
  endfacet
  facet normal -0 0 1
    outer loop
      vertex -50.7664 48.6606 2.4
      vertex -33.182 38.182 2.4
      vertex -50.6193 49.0941 2.4
    endloop
  endfacet
  facet normal 0 0 1
    outer loop
      vertex -32.7394 38.5701 2.4
      vertex -50.6193 49.0941 2.4
      vertex -33.182 38.182 2.4
    endloop
  endfacet
  facet normal -0 0 1
    outer loop
      vertex -50.6193 49.0941 2.4
      vertex -32.7394 38.5701 2.4
      vertex -50.5299 49.5432 2.4
    endloop
  endfacet
  facet normal 0 0 1
    outer loop
      vertex -32.25 38.8971 2.4
      vertex -50.5299 49.5432 2.4
      vertex -32.7394 38.5701 2.4
    endloop
  endfacet
  facet normal -0 0 1
    outer loop
      vertex -50.5299 49.5432 2.4
      vertex -32.25 38.8971 2.4
      vertex -50.5 50 2.4
    endloop
  endfacet
  facet normal 0 0 1
    outer loop
      vertex -31.7221 39.1575 2.4
      vertex -50.5 50 2.4
      vertex -32.25 38.8971 2.4
    endloop
  endfacet
  facet normal 0 0 1
    outer loop
      vertex -50.5299 50.4568 2.4
      vertex -31.7221 39.1575 2.4
      vertex -31.1647 39.3467 2.4
    endloop
  endfacet
  facet normal 0 0 1
    outer loop
      vertex -30 39.5 2.4
      vertex -50.7664 51.3394 2.4
      vertex -30.5874 39.4615 2.4
    endloop
  endfacet
  facet normal 0 0 1
    outer loop
      vertex 52.6606 53.2336 2.4
      vertex -52.6606 53.2336 2.4
      vertex -16.4 44.1 2.4
    endloop
  endfacet
  facet normal 0 0 1
    outer loop
      vertex -53.5432 53.4701 2.4
      vertex 53.5432 53.4701 2.4
      vertex 54 53.5 2.4
    endloop
  endfacet
  facet normal 0 0 1
    outer loop
      vertex -54 53.5 2.4
      vertex 54 53.5 2.4
      vertex 56 53.6 2.4
    endloop
  endfacet
  facet normal 0 0 1
    outer loop
      vertex -31.7221 39.1575 2.4
      vertex -50.5299 50.4568 2.4
      vertex -50.5 50 2.4
    endloop
  endfacet
  facet normal 0 0 1
    outer loop
      vertex -31.1647 39.3467 2.4
      vertex -50.6193 50.9059 2.4
      vertex -50.5299 50.4568 2.4
    endloop
  endfacet
  facet normal 0 0 1
    outer loop
      vertex -30.5874 39.4615 2.4
      vertex -50.6193 50.9059 2.4
      vertex -31.1647 39.3467 2.4
    endloop
  endfacet
  facet normal -0 -0 1
    outer loop
      vertex -50.6193 50.9059 2.4
      vertex -30.5874 39.4615 2.4
      vertex -50.7664 51.3394 2.4
    endloop
  endfacet
  facet normal 0 0 1
    outer loop
      vertex -16.4 44.1 2.4
      vertex -51.2233 52.1307 2.4
      vertex -50.9689 51.75 2.4
    endloop
  endfacet
  facet normal 0 0 1
    outer loop
      vertex -16.4 44.1 2.4
      vertex -51.5251 52.4749 2.4
      vertex -51.2233 52.1307 2.4
    endloop
  endfacet
  facet normal 0 0 1
    outer loop
      vertex -16.4 44.1 2.4
      vertex -51.8693 52.7767 2.4
      vertex -51.5251 52.4749 2.4
    endloop
  endfacet
  facet normal 0 0 1
    outer loop
      vertex -16.4 44.1 2.4
      vertex -52.25 53.0311 2.4
      vertex -51.8693 52.7767 2.4
    endloop
  endfacet
  facet normal 0 0 1
    outer loop
      vertex -16.4 44.1 2.4
      vertex -52.6606 53.2336 2.4
      vertex -52.25 53.0311 2.4
    endloop
  endfacet
  facet normal 0 0 1
    outer loop
      vertex 53.0941 53.3807 2.4
      vertex -53.0941 53.3807 2.4
      vertex -52.6606 53.2336 2.4
    endloop
  endfacet
  facet normal 0 0 1
    outer loop
      vertex 53.5432 53.4701 2.4
      vertex -53.5432 53.4701 2.4
      vertex -53.0941 53.3807 2.4
    endloop
  endfacet
  facet normal 0 0 1
    outer loop
      vertex 54 53.5 2.4
      vertex -54 53.5 2.4
      vertex -53.5432 53.4701 2.4
    endloop
  endfacet
  facet normal -0 0 1
    outer loop
      vertex -56 53.6 2.4
      vertex -54 53.5 2.4
      vertex 56 53.6 2.4
    endloop
  endfacet
  facet normal 0 0 1
    outer loop
      vertex -56 53.6 2.4
      vertex -54.4568 53.4701 2.4
      vertex -54 53.5 2.4
    endloop
  endfacet
  facet normal 0 0 1
    outer loop
      vertex -56 53.6 2.4
      vertex -54.9059 53.3807 2.4
      vertex -54.4568 53.4701 2.4
    endloop
  endfacet
  facet normal 0 0 1
    outer loop
      vertex -56 53.6 2.4
      vertex -55.3394 53.2336 2.4
      vertex -54.9059 53.3807 2.4
    endloop
  endfacet
  facet normal 0 0 1
    outer loop
      vertex -56 53.6 2.4
      vertex -55.75 53.0311 2.4
      vertex -55.3394 53.2336 2.4
    endloop
  endfacet
  facet normal -0 0 1
    outer loop
      vertex -56.2088 53.5863 2.4
      vertex -55.75 53.0311 2.4
      vertex -56 53.6 2.4
    endloop
  endfacet
  facet normal 0 0 1
    outer loop
      vertex -55.75 53.0311 2.4
      vertex -56.2088 53.5863 2.4
      vertex -56.1307 52.7767 2.4
    endloop
  endfacet
  facet normal -0 0 1
    outer loop
      vertex -56.4141 53.5455 2.4
      vertex -56.1307 52.7767 2.4
      vertex -56.2088 53.5863 2.4
    endloop
  endfacet
  facet normal -0 0 1
    outer loop
      vertex -56.6123 53.4782 2.4
      vertex -56.1307 52.7767 2.4
      vertex -56.4141 53.5455 2.4
    endloop
  endfacet
  facet normal -0 0 1
    outer loop
      vertex -56.8 53.3856 2.4
      vertex -56.1307 52.7767 2.4
      vertex -56.6123 53.4782 2.4
    endloop
  endfacet
  facet normal 0 0 1
    outer loop
      vertex -56.1307 52.7767 2.4
      vertex -56.8 53.3856 2.4
      vertex -56.4749 52.4749 2.4
    endloop
  endfacet
  facet normal -0 0 1
    outer loop
      vertex -56.974 53.2694 2.4
      vertex -56.4749 52.4749 2.4
      vertex -56.8 53.3856 2.4
    endloop
  endfacet
  facet normal -0 0 1
    outer loop
      vertex -57.1314 53.1314 2.4
      vertex -56.4749 52.4749 2.4
      vertex -56.974 53.2694 2.4
    endloop
  endfacet
  facet normal -0 0 1
    outer loop
      vertex -57.2694 52.974 2.4
      vertex -56.4749 52.4749 2.4
      vertex -57.1314 53.1314 2.4
    endloop
  endfacet
  facet normal -0 0 1
    outer loop
      vertex -57.3856 52.8 2.4
      vertex -56.4749 52.4749 2.4
      vertex -57.2694 52.974 2.4
    endloop
  endfacet
  facet normal 0 0 1
    outer loop
      vertex -56.4749 52.4749 2.4
      vertex -57.3856 52.8 2.4
      vertex -56.7767 52.1307 2.4
    endloop
  endfacet
  facet normal -0 0 1
    outer loop
      vertex -57.4782 52.6123 2.4
      vertex -56.7767 52.1307 2.4
      vertex -57.3856 52.8 2.4
    endloop
  endfacet
  facet normal -0 0 1
    outer loop
      vertex -57.5455 52.4141 2.4
      vertex -56.7767 52.1307 2.4
      vertex -57.4782 52.6123 2.4
    endloop
  endfacet
  facet normal -0 0 1
    outer loop
      vertex -57.5863 52.2088 2.4
      vertex -56.7767 52.1307 2.4
      vertex -57.5455 52.4141 2.4
    endloop
  endfacet
  facet normal 0 0 1
    outer loop
      vertex -57.2336 51.3394 2.4
      vertex -57.6 52 2.4
      vertex -57.3807 50.9059 2.4
    endloop
  endfacet
  facet normal 0 0 1
    outer loop
      vertex -56.7767 52.1307 2.4
      vertex -57.5863 52.2088 2.4
      vertex -57.0311 51.75 2.4
    endloop
  endfacet
  facet normal 0 0 1
    outer loop
      vertex -57.3807 50.9059 2.4
      vertex -57.6 52 2.4
      vertex -57.4701 50.4568 2.4
    endloop
  endfacet
  facet normal 0 0 1
    outer loop
      vertex -57.4701 50.4568 2.4
      vertex -57.6 52 2.4
      vertex -57.5 50 2.4
    endloop
  endfacet
  facet normal -0 0 1
    outer loop
      vertex -57.6 52 2.4
      vertex -57.0311 51.75 2.4
      vertex -57.5863 52.2088 2.4
    endloop
  endfacet
  facet normal -0 0 1
    outer loop
      vertex 57.3807 -50.9059 2.4
      vertex 57.6 -52 2.4
      vertex 57.4701 -50.4568 2.4
    endloop
  endfacet
  facet normal -0 0 1
    outer loop
      vertex 57.2336 -51.3394 2.4
      vertex 57.6 -52 2.4
      vertex 57.3807 -50.9059 2.4
    endloop
  endfacet
  facet normal -0 0 1
    outer loop
      vertex 57.0311 -51.75 2.4
      vertex 57.6 -52 2.4
      vertex 57.2336 -51.3394 2.4
    endloop
  endfacet
  facet normal 0 0 1
    outer loop
      vertex 57.6 -52 2.4
      vertex 57.0311 -51.75 2.4
      vertex 57.5863 -52.2088 2.4
    endloop
  endfacet
  facet normal -0 0 1
    outer loop
      vertex 56.7767 -52.1307 2.4
      vertex 57.5863 -52.2088 2.4
      vertex 57.0311 -51.75 2.4
    endloop
  endfacet
  facet normal 0 0 1
    outer loop
      vertex 57.5863 -52.2088 2.4
      vertex 56.7767 -52.1307 2.4
      vertex 57.5455 -52.4141 2.4
    endloop
  endfacet
  facet normal 0 0 1
    outer loop
      vertex 57.5455 -52.4141 2.4
      vertex 56.7767 -52.1307 2.4
      vertex 57.4782 -52.6123 2.4
    endloop
  endfacet
  facet normal 0 0 1
    outer loop
      vertex 57.4782 -52.6123 2.4
      vertex 56.7767 -52.1307 2.4
      vertex 57.3856 -52.8 2.4
    endloop
  endfacet
  facet normal -0 0 1
    outer loop
      vertex 56.4749 -52.4749 2.4
      vertex 57.3856 -52.8 2.4
      vertex 56.7767 -52.1307 2.4
    endloop
  endfacet
  facet normal 0 0 1
    outer loop
      vertex 57.3856 -52.8 2.4
      vertex 56.4749 -52.4749 2.4
      vertex 57.2694 -52.974 2.4
    endloop
  endfacet
  facet normal 0 0 1
    outer loop
      vertex 57.2694 -52.974 2.4
      vertex 56.4749 -52.4749 2.4
      vertex 57.1314 -53.1314 2.4
    endloop
  endfacet
  facet normal 0 0 1
    outer loop
      vertex 57.1314 -53.1314 2.4
      vertex 56.4749 -52.4749 2.4
      vertex 56.974 -53.2694 2.4
    endloop
  endfacet
  facet normal 0 0 1
    outer loop
      vertex 56.974 -53.2694 2.4
      vertex 56.4749 -52.4749 2.4
      vertex 56.8 -53.3856 2.4
    endloop
  endfacet
  facet normal -0 0 1
    outer loop
      vertex 56.1307 -52.7767 2.4
      vertex 56.8 -53.3856 2.4
      vertex 56.4749 -52.4749 2.4
    endloop
  endfacet
  facet normal 0 0 1
    outer loop
      vertex 56.8 -53.3856 2.4
      vertex 56.1307 -52.7767 2.4
      vertex 56.6123 -53.4782 2.4
    endloop
  endfacet
  facet normal 0 0 1
    outer loop
      vertex 56.6123 -53.4782 2.4
      vertex 56.1307 -52.7767 2.4
      vertex 56.4141 -53.5455 2.4
    endloop
  endfacet
  facet normal 0 0 1
    outer loop
      vertex 56.4141 -53.5455 2.4
      vertex 56.1307 -52.7767 2.4
      vertex 56.2088 -53.5863 2.4
    endloop
  endfacet
  facet normal -0 0 1
    outer loop
      vertex 55.75 -53.0311 2.4
      vertex 56.2088 -53.5863 2.4
      vertex 56.1307 -52.7767 2.4
    endloop
  endfacet
  facet normal 0 0 1
    outer loop
      vertex 56.2088 -53.5863 2.4
      vertex 55.75 -53.0311 2.4
      vertex 56 -53.6 2.4
    endloop
  endfacet
  facet normal -0 0 1
    outer loop
      vertex 55.3394 -53.2336 2.4
      vertex 56 -53.6 2.4
      vertex 55.75 -53.0311 2.4
    endloop
  endfacet
  facet normal -0 0 1
    outer loop
      vertex 54.9059 -53.3807 2.4
      vertex 56 -53.6 2.4
      vertex 55.3394 -53.2336 2.4
    endloop
  endfacet
  facet normal -0 0 1
    outer loop
      vertex 54.4568 -53.4701 2.4
      vertex 56 -53.6 2.4
      vertex 54.9059 -53.3807 2.4
    endloop
  endfacet
  facet normal -0 0 1
    outer loop
      vertex 54 -53.5 2.4
      vertex 56 -53.6 2.4
      vertex 54.4568 -53.4701 2.4
    endloop
  endfacet
  facet normal 0 0 1
    outer loop
      vertex 53.0941 46.6193 2.4
      vertex 34.4615 34.4126 2.4
      vertex 34.3467 33.8353 2.4
    endloop
  endfacet
  facet normal 0 0 1
    outer loop
      vertex 53.5432 46.5299 2.4
      vertex 34.3467 33.8353 2.4
      vertex 34.1575 33.2779 2.4
    endloop
  endfacet
  facet normal 0 0 1
    outer loop
      vertex 54 46.5 2.4
      vertex 34.1575 33.2779 2.4
      vertex 32.2308 26.7063 2.4
    endloop
  endfacet
  facet normal 0 0 1
    outer loop
      vertex 54.9059 46.6193 2.4
      vertex 32.1733 26.4177 2.4
      vertex 32.0787 26.139 2.4
    endloop
  endfacet
  facet normal 0 0 1
    outer loop
      vertex 32.2308 26.7063 2.4
      vertex 34.1575 33.2779 2.4
      vertex 33.8971 32.75 2.4
    endloop
  endfacet
  facet normal 0 0 1
    outer loop
      vertex 51.2233 -47.8693 2.4
      vertex 20.8 -53.6 2.4
      vertex 50.9689 -48.25 2.4
    endloop
  endfacet
  facet normal 0 0 1
    outer loop
      vertex 32.25 27 2.4
      vertex 33.8971 32.75 2.4
      vertex 33.5701 32.2606 2.4
    endloop
  endfacet
  facet normal 0 0 1
    outer loop
      vertex 32.25 27 2.4
      vertex 33.5701 32.2606 2.4
      vertex 33.182 31.818 2.4
    endloop
  endfacet
  facet normal 0 0 1
    outer loop
      vertex 32.25 27 2.4
      vertex 33.182 31.818 2.4
      vertex 32.7394 31.4299 2.4
    endloop
  endfacet
  facet normal 0 0 1
    outer loop
      vertex 32.25 27 2.4
      vertex 32.7394 31.4299 2.4
      vertex 32.25 31.1029 2.4
    endloop
  endfacet
  facet normal 0 0 1
    outer loop
      vertex 33.8971 32.75 2.4
      vertex 32.25 27 2.4
      vertex 32.2308 26.7063 2.4
    endloop
  endfacet
  facet normal 0 0 1
    outer loop
      vertex 54.4568 46.5299 2.4
      vertex 32.2308 26.7063 2.4
      vertex 32.1733 26.4177 2.4
    endloop
  endfacet
  facet normal 0 0 1
    outer loop
      vertex 50.9689 -48.25 2.4
      vertex 20.8 -53.6 2.4
      vertex 50.7664 -48.6606 2.4
    endloop
  endfacet
  facet normal 0 0 1
    outer loop
      vertex 50.7664 -48.6606 2.4
      vertex 20.8 -53.6 2.4
      vertex 50.6193 -49.0941 2.4
    endloop
  endfacet
  facet normal 0 0 1
    outer loop
      vertex 50.6193 -49.0941 2.4
      vertex 20.8 -53.6 2.4
      vertex 50.5299 -49.5432 2.4
    endloop
  endfacet
  facet normal 0 0 1
    outer loop
      vertex 50.5299 -49.5432 2.4
      vertex 20.8 -53.6 2.4
      vertex 50.5 -50 2.4
    endloop
  endfacet
  facet normal 0 0 1
    outer loop
      vertex 20.8 -53.6 2.4
      vertex 51.2233 -47.8693 2.4
      vertex 20.8 -13.61 2.4
    endloop
  endfacet
  facet normal 0 0 1
    outer loop
      vertex 20.8 -13.61 2.4
      vertex 31.591 25.409 2.4
      vertex 31.3697 25.215 2.4
    endloop
  endfacet
  facet normal 0 0 1
    outer loop
      vertex 20.8 -13.61 2.4
      vertex 31.3697 25.215 2.4
      vertex 31.125 25.0514 2.4
    endloop
  endfacet
  facet normal 0 0 1
    outer loop
      vertex 20.8 -13.61 2.4
      vertex 31.125 25.0514 2.4
      vertex 30.861 24.9213 2.4
    endloop
  endfacet
  facet normal 0 0 1
    outer loop
      vertex 20.8 -13.61 2.4
      vertex 30.861 24.9213 2.4
      vertex 30.5823 24.8267 2.4
    endloop
  endfacet
  facet normal 0 0 1
    outer loop
      vertex 20.8 -13.61 2.4
      vertex 30.5823 24.8267 2.4
      vertex 30.2937 24.7692 2.4
    endloop
  endfacet
  facet normal 0 0 1
    outer loop
      vertex 20.8 -13.61 2.4
      vertex 30.2937 24.7692 2.4
      vertex 30 24.75 2.4
    endloop
  endfacet
  facet normal 0 0 1
    outer loop
      vertex 20.8 -13.61 2.4
      vertex 30 24.75 2.4
      vertex 29.7063 24.7692 2.4
    endloop
  endfacet
  facet normal 0 0 1
    outer loop
      vertex 20.8 -13.61 2.4
      vertex 29.7063 24.7692 2.4
      vertex 29.4177 24.8267 2.4
    endloop
  endfacet
  facet normal 0 0 1
    outer loop
      vertex 20.8 -13.61 2.4
      vertex 29.4177 24.8267 2.4
      vertex 29.139 24.9213 2.4
    endloop
  endfacet
  facet normal 0 0 1
    outer loop
      vertex 20.8 -13.61 2.4
      vertex 29.139 24.9213 2.4
      vertex 28.875 25.0514 2.4
    endloop
  endfacet
  facet normal 0 0 1
    outer loop
      vertex 20.8 -13.61 2.4
      vertex 28.875 25.0514 2.4
      vertex 28.6303 25.215 2.4
    endloop
  endfacet
  facet normal 0 0 1
    outer loop
      vertex 20.8 -13.61 2.4
      vertex 28.6303 25.215 2.4
      vertex 28.409 25.409 2.4
    endloop
  endfacet
  facet normal 0 0 1
    outer loop
      vertex 20.8 -13.61 2.4
      vertex 28.409 25.409 2.4
      vertex 28.215 25.6303 2.4
    endloop
  endfacet
  facet normal 0 0 1
    outer loop
      vertex 20.8 -13.61 2.4
      vertex 28.215 25.6303 2.4
      vertex 28.0514 25.875 2.4
    endloop
  endfacet
  facet normal 0 0 1
    outer loop
      vertex 20.8 -13.61 2.4
      vertex 28.0514 25.875 2.4
      vertex 27.9213 26.139 2.4
    endloop
  endfacet
  facet normal 0 0 1
    outer loop
      vertex 20.8 -13.61 2.4
      vertex 27.9213 26.139 2.4
      vertex 27.8267 26.4177 2.4
    endloop
  endfacet
  facet normal 0 0 1
    outer loop
      vertex 26.818 31.818 2.4
      vertex 27.75 27 2.4
      vertex 27.2606 31.4299 2.4
    endloop
  endfacet
  facet normal 0 0 1
    outer loop
      vertex 26.4299 32.2606 2.4
      vertex 27.75 27 2.4
      vertex 26.818 31.818 2.4
    endloop
  endfacet
  facet normal 0 0 1
    outer loop
      vertex 26.1029 32.75 2.4
      vertex 27.75 27 2.4
      vertex 26.4299 32.2606 2.4
    endloop
  endfacet
  facet normal 0 0 1
    outer loop
      vertex 27.75 27 2.4
      vertex 26.1029 32.75 2.4
      vertex 27.7692 26.7063 2.4
    endloop
  endfacet
  facet normal 0 0 1
    outer loop
      vertex 25.8425 33.2779 2.4
      vertex 27.7692 26.7063 2.4
      vertex 26.1029 32.75 2.4
    endloop
  endfacet
  facet normal 0 0 1
    outer loop
      vertex 27.7692 26.7063 2.4
      vertex 25.8425 33.2779 2.4
      vertex 27.8267 26.4177 2.4
    endloop
  endfacet
  facet normal 0 0 1
    outer loop
      vertex 20.8 -13.61 2.4
      vertex 25.8425 33.2779 2.4
      vertex 25.6533 33.8353 2.4
    endloop
  endfacet
  facet normal 0 0 1
    outer loop
      vertex 20.8 -13.61 2.4
      vertex 25.5385 34.4126 2.4
      vertex 25.5 35 2.4
    endloop
  endfacet
  facet normal 0 0 1
    outer loop
      vertex 20.8 -13.61 2.4
      vertex 25.6533 33.8353 2.4
      vertex 25.5385 34.4126 2.4
    endloop
  endfacet
  facet normal 0 0 1
    outer loop
      vertex 25.8425 33.2779 2.4
      vertex 20.8 -13.61 2.4
      vertex 27.8267 26.4177 2.4
    endloop
  endfacet
  facet normal 0 0 1
    outer loop
      vertex 50.5 -50 2.4
      vertex 20.8 -53.6 2.4
      vertex 50.5299 -50.4568 2.4
    endloop
  endfacet
  facet normal 0 0 1
    outer loop
      vertex 50.5299 -50.4568 2.4
      vertex 20.8 -53.6 2.4
      vertex 50.6193 -50.9059 2.4
    endloop
  endfacet
  facet normal 0 0 1
    outer loop
      vertex 50.6193 -50.9059 2.4
      vertex 20.8 -53.6 2.4
      vertex 50.7664 -51.3394 2.4
    endloop
  endfacet
  facet normal 0 0 1
    outer loop
      vertex 50.7664 -51.3394 2.4
      vertex 20.8 -53.6 2.4
      vertex 50.9689 -51.75 2.4
    endloop
  endfacet
  facet normal 0 0 1
    outer loop
      vertex 54 -53.5 2.4
      vertex 20.8 -53.6 2.4
      vertex 56 -53.6 2.4
    endloop
  endfacet
  facet normal 0 0 1
    outer loop
      vertex 53.5432 -53.4701 2.4
      vertex 20.8 -53.6 2.4
      vertex 54 -53.5 2.4
    endloop
  endfacet
  facet normal 0 0 1
    outer loop
      vertex 53.0941 -53.3807 2.4
      vertex 20.8 -53.6 2.4
      vertex 53.5432 -53.4701 2.4
    endloop
  endfacet
  facet normal 0 0 1
    outer loop
      vertex 52.6606 -53.2336 2.4
      vertex 20.8 -53.6 2.4
      vertex 53.0941 -53.3807 2.4
    endloop
  endfacet
  facet normal 0 0 1
    outer loop
      vertex 52.25 -53.0311 2.4
      vertex 20.8 -53.6 2.4
      vertex 52.6606 -53.2336 2.4
    endloop
  endfacet
  facet normal 0 0 1
    outer loop
      vertex 51.8693 -52.7767 2.4
      vertex 20.8 -53.6 2.4
      vertex 52.25 -53.0311 2.4
    endloop
  endfacet
  facet normal 0 0 1
    outer loop
      vertex 51.5251 -52.4749 2.4
      vertex 20.8 -53.6 2.4
      vertex 51.8693 -52.7767 2.4
    endloop
  endfacet
  facet normal 0 0 1
    outer loop
      vertex 51.2233 -52.1307 2.4
      vertex 20.8 -53.6 2.4
      vertex 51.5251 -52.4749 2.4
    endloop
  endfacet
  facet normal 0 0 1
    outer loop
      vertex 50.9689 -51.75 2.4
      vertex 20.8 -53.6 2.4
      vertex 51.2233 -52.1307 2.4
    endloop
  endfacet
  facet normal 0 0 1
    outer loop
      vertex 19.2 -13.61 2.4
      vertex 16.4 -12.1 2.4
      vertex 19.2 -53.6 2.4
    endloop
  endfacet
  facet normal -0 0 1
    outer loop
      vertex -16.4 -12.1 2.4
      vertex 19.2 -53.6 2.4
      vertex 16.4 -12.1 2.4
    endloop
  endfacet
  facet normal 0 0 1
    outer loop
      vertex -19.2 -53.6 2.4
      vertex -16.4 -12.1 2.4
      vertex -19.2 -13.61 2.4
    endloop
  endfacet
  facet normal 0 0 1
    outer loop
      vertex -16.4 -12.1 2.4
      vertex -19.2 -53.6 2.4
      vertex 19.2 -53.6 2.4
    endloop
  endfacet
  facet normal 0 0 1
    outer loop
      vertex -25.8425 33.2779 2.4
      vertex -16.4 44.1 2.4
      vertex -25.6533 33.8353 2.4
    endloop
  endfacet
  facet normal 0 0 1
    outer loop
      vertex -27.7692 26.7063 2.4
      vertex -16.4 44.1 2.4
      vertex -25.8425 33.2779 2.4
    endloop
  endfacet
  facet normal -0 0 1
    outer loop
      vertex -28.0514 25.875 2.4
      vertex -16.4 -12.1 2.4
      vertex -27.9213 26.139 2.4
    endloop
  endfacet
  facet normal 0 0 1
    outer loop
      vertex -27.7692 26.7063 2.4
      vertex -25.8425 33.2779 2.4
      vertex -26.1029 32.75 2.4
    endloop
  endfacet
  facet normal 0 0 1
    outer loop
      vertex -27.75 27 2.4
      vertex -26.1029 32.75 2.4
      vertex -26.4299 32.2606 2.4
    endloop
  endfacet
  facet normal 0 0 1
    outer loop
      vertex -27.75 27 2.4
      vertex -26.4299 32.2606 2.4
      vertex -26.818 31.818 2.4
    endloop
  endfacet
  facet normal 0 0 1
    outer loop
      vertex -27.75 27 2.4
      vertex -26.818 31.818 2.4
      vertex -27.2606 31.4299 2.4
    endloop
  endfacet
  facet normal 0 0 1
    outer loop
      vertex -27.75 27 2.4
      vertex -27.2606 31.4299 2.4
      vertex -27.75 31.1029 2.4
    endloop
  endfacet
  facet normal 0 0 1
    outer loop
      vertex -26.1029 32.75 2.4
      vertex -27.75 27 2.4
      vertex -27.7692 26.7063 2.4
    endloop
  endfacet
  facet normal 0 0 1
    outer loop
      vertex -16.4 44.1 2.4
      vertex -27.7692 26.7063 2.4
      vertex -27.8267 26.4177 2.4
    endloop
  endfacet
  facet normal -0 0 1
    outer loop
      vertex -28.215 25.6303 2.4
      vertex -16.4 -12.1 2.4
      vertex -28.0514 25.875 2.4
    endloop
  endfacet
  facet normal -0 0 1
    outer loop
      vertex -28.409 25.409 2.4
      vertex -16.4 -12.1 2.4
      vertex -28.215 25.6303 2.4
    endloop
  endfacet
  facet normal -0 0 1
    outer loop
      vertex -28.6303 25.215 2.4
      vertex -16.4 -12.1 2.4
      vertex -28.409 25.409 2.4
    endloop
  endfacet
  facet normal -0 0 1
    outer loop
      vertex -28.875 25.0514 2.4
      vertex -16.4 -12.1 2.4
      vertex -28.6303 25.215 2.4
    endloop
  endfacet
  facet normal -0 0 1
    outer loop
      vertex -29.139 24.9213 2.4
      vertex -16.4 -12.1 2.4
      vertex -28.875 25.0514 2.4
    endloop
  endfacet
  facet normal 0 0 1
    outer loop
      vertex -16.4 -12.1 2.4
      vertex -20.8 -13.61 2.4
      vertex -19.2 -13.61 2.4
    endloop
  endfacet
  facet normal -0 0 1
    outer loop
      vertex -29.4177 24.8267 2.4
      vertex -16.4 -12.1 2.4
      vertex -29.139 24.9213 2.4
    endloop
  endfacet
  facet normal 0 0 1
    outer loop
      vertex -16.4 -12.1 2.4
      vertex -29.4177 24.8267 2.4
      vertex -20.8 -13.61 2.4
    endloop
  endfacet
  facet normal -0 0 1
    outer loop
      vertex -29.7063 24.7692 2.4
      vertex -20.8 -13.61 2.4
      vertex -29.4177 24.8267 2.4
    endloop
  endfacet
  facet normal -0 0 1
    outer loop
      vertex -30 24.75 2.4
      vertex -20.8 -13.61 2.4
      vertex -29.7063 24.7692 2.4
    endloop
  endfacet
  facet normal 0 0 1
    outer loop
      vertex -30.2937 24.7692 2.4
      vertex -20.8 -13.61 2.4
      vertex -30 24.75 2.4
    endloop
  endfacet
  facet normal 0 0 1
    outer loop
      vertex -30.5823 24.8267 2.4
      vertex -20.8 -13.61 2.4
      vertex -30.2937 24.7692 2.4
    endloop
  endfacet
  facet normal 0 0 1
    outer loop
      vertex -30.861 24.9213 2.4
      vertex -20.8 -13.61 2.4
      vertex -30.5823 24.8267 2.4
    endloop
  endfacet
  facet normal 0 0 1
    outer loop
      vertex -31.125 25.0514 2.4
      vertex -20.8 -13.61 2.4
      vertex -30.861 24.9213 2.4
    endloop
  endfacet
  facet normal 0 0 1
    outer loop
      vertex -31.3697 25.215 2.4
      vertex -20.8 -13.61 2.4
      vertex -31.125 25.0514 2.4
    endloop
  endfacet
  facet normal 0 0 1
    outer loop
      vertex -31.591 25.409 2.4
      vertex -20.8 -13.61 2.4
      vertex -31.3697 25.215 2.4
    endloop
  endfacet
  facet normal 0 0 1
    outer loop
      vertex -20.8 -13.61 2.4
      vertex -31.591 25.409 2.4
      vertex -50.5 -50 2.4
    endloop
  endfacet
  facet normal 0 0 1
    outer loop
      vertex -50.5 -50 2.4
      vertex -31.591 25.409 2.4
      vertex -31.785 25.6303 2.4
    endloop
  endfacet
  facet normal 0 0 1
    outer loop
      vertex -50.5 -50 2.4
      vertex -31.785 25.6303 2.4
      vertex -31.9486 25.875 2.4
    endloop
  endfacet
  facet normal 0 0 1
    outer loop
      vertex -50.5 -50 2.4
      vertex -31.9486 25.875 2.4
      vertex -32.0787 26.139 2.4
    endloop
  endfacet
  facet normal 0 0 1
    outer loop
      vertex -34.3467 36.1647 2.4
      vertex -51.8693 47.2233 2.4
      vertex -34.4615 35.5874 2.4
    endloop
  endfacet
  facet normal -0 0 1
    outer loop
      vertex -51.8693 47.2233 2.4
      vertex -34.3467 36.1647 2.4
      vertex -51.5251 47.5251 2.4
    endloop
  endfacet
  facet normal 0 0 1
    outer loop
      vertex -33.182 31.818 2.4
      vertex -32.25 27 2.4
      vertex -32.7394 31.4299 2.4
    endloop
  endfacet
  facet normal 0 0 1
    outer loop
      vertex -33.5701 32.2606 2.4
      vertex -32.25 27 2.4
      vertex -33.182 31.818 2.4
    endloop
  endfacet
  facet normal 0 0 1
    outer loop
      vertex -33.8971 32.75 2.4
      vertex -32.25 27 2.4
      vertex -33.5701 32.2606 2.4
    endloop
  endfacet
  facet normal 0 0 1
    outer loop
      vertex -32.25 27 2.4
      vertex -33.8971 32.75 2.4
      vertex -32.2308 26.7063 2.4
    endloop
  endfacet
  facet normal 0 0 1
    outer loop
      vertex -34.1575 33.2779 2.4
      vertex -32.2308 26.7063 2.4
      vertex -33.8971 32.75 2.4
    endloop
  endfacet
  facet normal 0 0 1
    outer loop
      vertex -34.1575 36.7221 2.4
      vertex -51.5251 47.5251 2.4
      vertex -34.3467 36.1647 2.4
    endloop
  endfacet
  facet normal -0 0 1
    outer loop
      vertex -51.5251 47.5251 2.4
      vertex -34.1575 36.7221 2.4
      vertex -51.2233 47.8693 2.4
    endloop
  endfacet
  facet normal 0 0 1
    outer loop
      vertex -33.8971 37.25 2.4
      vertex -51.2233 47.8693 2.4
      vertex -34.1575 36.7221 2.4
    endloop
  endfacet
  facet normal -0 0 1
    outer loop
      vertex -51.2233 47.8693 2.4
      vertex -33.8971 37.25 2.4
      vertex -50.9689 48.25 2.4
    endloop
  endfacet
  facet normal -0 0 1
    outer loop
      vertex -52.25 46.9689 2.4
      vertex -34.4615 35.5874 2.4
      vertex -51.8693 47.2233 2.4
    endloop
  endfacet
  facet normal 0 0 1
    outer loop
      vertex -20.8 -13.61 2.4
      vertex -50.5 -50 2.4
      vertex -20.8 -53.6 2.4
    endloop
  endfacet
  facet normal -0 0 1
    outer loop
      vertex -50.5299 -50.4568 2.4
      vertex -20.8 -53.6 2.4
      vertex -50.5 -50 2.4
    endloop
  endfacet
  facet normal -0 0 1
    outer loop
      vertex -50.6193 -50.9059 2.4
      vertex -20.8 -53.6 2.4
      vertex -50.5299 -50.4568 2.4
    endloop
  endfacet
  facet normal -0 0 1
    outer loop
      vertex -50.7664 -51.3394 2.4
      vertex -20.8 -53.6 2.4
      vertex -50.6193 -50.9059 2.4
    endloop
  endfacet
  facet normal -0 0 1
    outer loop
      vertex -50.9689 -51.75 2.4
      vertex -20.8 -53.6 2.4
      vertex -50.7664 -51.3394 2.4
    endloop
  endfacet
  facet normal -0 0 1
    outer loop
      vertex -51.2233 -52.1307 2.4
      vertex -20.8 -53.6 2.4
      vertex -50.9689 -51.75 2.4
    endloop
  endfacet
  facet normal -0 0 1
    outer loop
      vertex -51.5251 -52.4749 2.4
      vertex -20.8 -53.6 2.4
      vertex -51.2233 -52.1307 2.4
    endloop
  endfacet
  facet normal -0 0 1
    outer loop
      vertex -51.8693 -52.7767 2.4
      vertex -20.8 -53.6 2.4
      vertex -51.5251 -52.4749 2.4
    endloop
  endfacet
  facet normal -0 0 1
    outer loop
      vertex -52.25 -53.0311 2.4
      vertex -20.8 -53.6 2.4
      vertex -51.8693 -52.7767 2.4
    endloop
  endfacet
  facet normal -0 0 1
    outer loop
      vertex -52.6606 -53.2336 2.4
      vertex -20.8 -53.6 2.4
      vertex -52.25 -53.0311 2.4
    endloop
  endfacet
  facet normal -0 0 1
    outer loop
      vertex -53.0941 -53.3807 2.4
      vertex -20.8 -53.6 2.4
      vertex -52.6606 -53.2336 2.4
    endloop
  endfacet
  facet normal -0 0 1
    outer loop
      vertex -53.5432 -53.4701 2.4
      vertex -20.8 -53.6 2.4
      vertex -53.0941 -53.3807 2.4
    endloop
  endfacet
  facet normal -0 0 1
    outer loop
      vertex -54 -53.5 2.4
      vertex -20.8 -53.6 2.4
      vertex -53.5432 -53.4701 2.4
    endloop
  endfacet
  facet normal 0 0 1
    outer loop
      vertex -54 -53.5 2.4
      vertex -56 -53.6 2.4
      vertex -20.8 -53.6 2.4
    endloop
  endfacet
  facet normal 0 0 1
    outer loop
      vertex -54.4568 -53.4701 2.4
      vertex -56 -53.6 2.4
      vertex -54 -53.5 2.4
    endloop
  endfacet
  facet normal 0 0 1
    outer loop
      vertex -54.9059 -53.3807 2.4
      vertex -56 -53.6 2.4
      vertex -54.4568 -53.4701 2.4
    endloop
  endfacet
  facet normal 0 0 1
    outer loop
      vertex -55.3394 -53.2336 2.4
      vertex -56 -53.6 2.4
      vertex -54.9059 -53.3807 2.4
    endloop
  endfacet
  facet normal 0 0 1
    outer loop
      vertex -55.75 -53.0311 2.4
      vertex -56 -53.6 2.4
      vertex -55.3394 -53.2336 2.4
    endloop
  endfacet
  facet normal 0 0 1
    outer loop
      vertex -56.2088 -53.5863 2.4
      vertex -55.75 -53.0311 2.4
      vertex -56.1307 -52.7767 2.4
    endloop
  endfacet
  facet normal 0 0 1
    outer loop
      vertex -55.75 -53.0311 2.4
      vertex -56.2088 -53.5863 2.4
      vertex -56 -53.6 2.4
    endloop
  endfacet
  facet normal 0 0 1
    outer loop
      vertex -56.1307 -52.7767 2.4
      vertex -56.4141 -53.5455 2.4
      vertex -56.2088 -53.5863 2.4
    endloop
  endfacet
  facet normal 0 0 1
    outer loop
      vertex -56.8 -53.3856 2.4
      vertex -56.1307 -52.7767 2.4
      vertex -56.4749 -52.4749 2.4
    endloop
  endfacet
  facet normal 0 0 1
    outer loop
      vertex -56.1307 -52.7767 2.4
      vertex -56.6123 -53.4782 2.4
      vertex -56.4141 -53.5455 2.4
    endloop
  endfacet
  facet normal 0 0 1
    outer loop
      vertex -57.3856 -52.8 2.4
      vertex -56.4749 -52.4749 2.4
      vertex -56.7767 -52.1307 2.4
    endloop
  endfacet
  facet normal 0 0 1
    outer loop
      vertex -56.1307 -52.7767 2.4
      vertex -56.8 -53.3856 2.4
      vertex -56.6123 -53.4782 2.4
    endloop
  endfacet
  facet normal 0 0 1
    outer loop
      vertex -56.4749 -52.4749 2.4
      vertex -56.974 -53.2694 2.4
      vertex -56.8 -53.3856 2.4
    endloop
  endfacet
  facet normal 0 0 1
    outer loop
      vertex -57.5863 -52.2088 2.4
      vertex -56.7767 -52.1307 2.4
      vertex -57.0311 -51.75 2.4
    endloop
  endfacet
  facet normal 0 0 1
    outer loop
      vertex -56.4749 -52.4749 2.4
      vertex -57.1314 -53.1314 2.4
      vertex -56.974 -53.2694 2.4
    endloop
  endfacet
  facet normal 0 0 1
    outer loop
      vertex -57.6 -52 2.4
      vertex -57.0311 -51.75 2.4
      vertex -57.2336 -51.3394 2.4
    endloop
  endfacet
  facet normal 0 0 1
    outer loop
      vertex -56.4749 -52.4749 2.4
      vertex -57.2694 -52.974 2.4
      vertex -57.1314 -53.1314 2.4
    endloop
  endfacet
  facet normal 0 0 1
    outer loop
      vertex -57.6 -52 2.4
      vertex -57.2336 -51.3394 2.4
      vertex -57.3807 -50.9059 2.4
    endloop
  endfacet
  facet normal 0 0 1
    outer loop
      vertex -57.0311 -51.75 2.4
      vertex -57.6 -52 2.4
      vertex -57.5863 -52.2088 2.4
    endloop
  endfacet
  facet normal 0 0 1
    outer loop
      vertex -57.6 -52 2.4
      vertex -57.3807 -50.9059 2.4
      vertex -57.4701 -50.4568 2.4
    endloop
  endfacet
  facet normal 0 0 1
    outer loop
      vertex -56.4749 -52.4749 2.4
      vertex -57.3856 -52.8 2.4
      vertex -57.2694 -52.974 2.4
    endloop
  endfacet
  facet normal 0 0 1
    outer loop
      vertex -57.6 -52 2.4
      vertex -57.4701 -50.4568 2.4
      vertex -57.5 -50 2.4
    endloop
  endfacet
  facet normal 0 0 1
    outer loop
      vertex -56.7767 -52.1307 2.4
      vertex -57.4782 -52.6123 2.4
      vertex -57.3856 -52.8 2.4
    endloop
  endfacet
  facet normal 0 0 1
    outer loop
      vertex -57.5 50 2.4
      vertex -57.6 52 2.4
      vertex -57.5 -50 2.4
    endloop
  endfacet
  facet normal 0 0 1
    outer loop
      vertex -57.0311 51.75 2.4
      vertex -57.6 52 2.4
      vertex -57.2336 51.3394 2.4
    endloop
  endfacet
  facet normal 0 0 1
    outer loop
      vertex -57.6 -52 2.4
      vertex -57.5 -50 2.4
      vertex -57.6 52 2.4
    endloop
  endfacet
  facet normal 0 0 1
    outer loop
      vertex -56.7767 -52.1307 2.4
      vertex -57.5455 -52.4141 2.4
      vertex -57.4782 -52.6123 2.4
    endloop
  endfacet
  facet normal 0 0 1
    outer loop
      vertex -56.7767 -52.1307 2.4
      vertex -57.5863 -52.2088 2.4
      vertex -57.5455 -52.4141 2.4
    endloop
  endfacet
  facet normal -0 0 1
    outer loop
      vertex -14.8 42.5 2.4
      vertex 14.8 -10.5 2.4
      vertex 14.8 42.5 2.4
    endloop
  endfacet
  facet normal 0 0 1
    outer loop
      vertex 14.8 -10.5 2.4
      vertex -14.8 42.5 2.4
      vertex -14.8 -10.5 2.4
    endloop
  endfacet
  facet normal 0.980757 0.195234 0
    outer loop
      vertex 57.4701 50.4568 46
      vertex 57.3807 50.9059 2.4
      vertex 57.3807 50.9059 46
    endloop
  endfacet
  facet normal 0.980757 0.195234 0
    outer loop
      vertex 57.3807 50.9059 2.4
      vertex 57.4701 50.4568 46
      vertex 57.4701 50.4568 2.4
    endloop
  endfacet
  facet normal 0.997865 0.0653156 0
    outer loop
      vertex 57.5 50 46
      vertex 57.4701 50.4568 2.4
      vertex 57.4701 50.4568 46
    endloop
  endfacet
  facet normal 0.997865 0.0653156 0
    outer loop
      vertex 57.4701 50.4568 2.4
      vertex 57.5 50 46
      vertex 57.5 50 2.4
    endloop
  endfacet
  facet normal 0.321335 -0.946966 0
    outer loop
      vertex 54.9059 46.6193 2.4
      vertex 55.3394 46.7664 46
      vertex 54.9059 46.6193 46
    endloop
  endfacet
  facet normal 0.321335 -0.946966 0
    outer loop
      vertex 55.3394 46.7664 46
      vertex 54.9059 46.6193 2.4
      vertex 55.3394 46.7664 2.4
    endloop
  endfacet
  facet normal 0.831445 0.555607 0
    outer loop
      vertex 57.0311 51.75 46
      vertex 56.7767 52.1307 2.4
      vertex 56.7767 52.1307 46
    endloop
  endfacet
  facet normal 0.831445 0.555607 0
    outer loop
      vertex 56.7767 52.1307 2.4
      vertex 57.0311 51.75 46
      vertex 57.0311 51.75 2.4
    endloop
  endfacet
  facet normal -0.89686 0.442314 0
    outer loop
      vertex 50.7664 51.3394 2.4
      vertex 50.9689 51.75 46
      vertex 50.9689 51.75 2.4
    endloop
  endfacet
  facet normal -0.89686 0.442314 0
    outer loop
      vertex 50.9689 51.75 46
      vertex 50.7664 51.3394 2.4
      vertex 50.7664 51.3394 46
    endloop
  endfacet
  facet normal -0.555607 0.831445 0
    outer loop
      vertex 52.25 53.0311 2.4
      vertex 51.8693 52.7767 46
      vertex 52.25 53.0311 46
    endloop
  endfacet
  facet normal -0.555607 0.831445 0
    outer loop
      vertex 51.8693 52.7767 46
      vertex 52.25 53.0311 2.4
      vertex 51.8693 52.7767 2.4
    endloop
  endfacet
  facet normal -0.659278 0.7519 0
    outer loop
      vertex 51.8693 52.7767 2.4
      vertex 51.5251 52.4749 46
      vertex 51.8693 52.7767 46
    endloop
  endfacet
  facet normal -0.659278 0.7519 0
    outer loop
      vertex 51.5251 52.4749 46
      vertex 51.8693 52.7767 2.4
      vertex 51.5251 52.4749 2.4
    endloop
  endfacet
  facet normal -0.7519 0.659278 0
    outer loop
      vertex 51.2233 52.1307 2.4
      vertex 51.5251 52.4749 46
      vertex 51.5251 52.4749 2.4
    endloop
  endfacet
  facet normal -0.7519 0.659278 0
    outer loop
      vertex 51.5251 52.4749 46
      vertex 51.2233 52.1307 2.4
      vertex 51.2233 52.1307 46
    endloop
  endfacet
  facet normal 0.946966 -0.321335 0
    outer loop
      vertex 57.2336 48.6606 46
      vertex 57.3807 49.0941 2.4
      vertex 57.3807 49.0941 46
    endloop
  endfacet
  facet normal 0.946966 -0.321335 0
    outer loop
      vertex 57.3807 49.0941 2.4
      vertex 57.2336 48.6606 46
      vertex 57.2336 48.6606 2.4
    endloop
  endfacet
  facet normal -0.997865 0.0653156 0
    outer loop
      vertex 50.5 50 2.4
      vertex 50.5299 50.4568 46
      vertex 50.5299 50.4568 2.4
    endloop
  endfacet
  facet normal -0.997865 0.0653156 0
    outer loop
      vertex 50.5299 50.4568 46
      vertex 50.5 50 2.4
      vertex 50.5 50 46
    endloop
  endfacet
  facet normal 0.555607 0.831445 -0
    outer loop
      vertex 56.1307 52.7767 2.4
      vertex 55.75 53.0311 46
      vertex 56.1307 52.7767 46
    endloop
  endfacet
  facet normal 0.555607 0.831445 0
    outer loop
      vertex 55.75 53.0311 46
      vertex 56.1307 52.7767 2.4
      vertex 55.75 53.0311 2.4
    endloop
  endfacet
  facet normal -0.321335 -0.946966 0
    outer loop
      vertex 52.6606 46.7664 2.4
      vertex 53.0941 46.6193 46
      vertex 52.6606 46.7664 46
    endloop
  endfacet
  facet normal -0.321335 -0.946966 -0
    outer loop
      vertex 53.0941 46.6193 46
      vertex 52.6606 46.7664 2.4
      vertex 53.0941 46.6193 2.4
    endloop
  endfacet
  facet normal 0.195234 -0.980757 0
    outer loop
      vertex 54.4568 46.5299 2.4
      vertex 54.9059 46.6193 46
      vertex 54.4568 46.5299 46
    endloop
  endfacet
  facet normal 0.195234 -0.980757 0
    outer loop
      vertex 54.9059 46.6193 46
      vertex 54.4568 46.5299 2.4
      vertex 54.9059 46.6193 2.4
    endloop
  endfacet
  facet normal -0.321335 0.946966 0
    outer loop
      vertex 53.0941 53.3807 2.4
      vertex 52.6606 53.2336 46
      vertex 53.0941 53.3807 46
    endloop
  endfacet
  facet normal -0.321335 0.946966 0
    outer loop
      vertex 52.6606 53.2336 46
      vertex 53.0941 53.3807 2.4
      vertex 52.6606 53.2336 2.4
    endloop
  endfacet
  facet normal -0.831445 -0.555607 0
    outer loop
      vertex 51.2233 47.8693 2.4
      vertex 50.9689 48.25 46
      vertex 50.9689 48.25 2.4
    endloop
  endfacet
  facet normal -0.831445 -0.555607 0
    outer loop
      vertex 50.9689 48.25 46
      vertex 51.2233 47.8693 2.4
      vertex 51.2233 47.8693 46
    endloop
  endfacet
  facet normal 0.555607 -0.831445 0
    outer loop
      vertex 55.75 46.9689 2.4
      vertex 56.1307 47.2233 46
      vertex 55.75 46.9689 46
    endloop
  endfacet
  facet normal 0.555607 -0.831445 0
    outer loop
      vertex 56.1307 47.2233 46
      vertex 55.75 46.9689 2.4
      vertex 56.1307 47.2233 2.4
    endloop
  endfacet
  facet normal -0.946966 0.321335 0
    outer loop
      vertex 50.6193 50.9059 2.4
      vertex 50.7664 51.3394 46
      vertex 50.7664 51.3394 2.4
    endloop
  endfacet
  facet normal -0.946966 0.321335 0
    outer loop
      vertex 50.7664 51.3394 46
      vertex 50.6193 50.9059 2.4
      vertex 50.6193 50.9059 46
    endloop
  endfacet
  facet normal 0.321335 0.946966 -0
    outer loop
      vertex 55.3394 53.2336 2.4
      vertex 54.9059 53.3807 46
      vertex 55.3394 53.2336 46
    endloop
  endfacet
  facet normal 0.321335 0.946966 0
    outer loop
      vertex 54.9059 53.3807 46
      vertex 55.3394 53.2336 2.4
      vertex 54.9059 53.3807 2.4
    endloop
  endfacet
  facet normal 0.0653156 0.997865 -0
    outer loop
      vertex 54.4568 53.4701 2.4
      vertex 54 53.5 46
      vertex 54.4568 53.4701 46
    endloop
  endfacet
  facet normal 0.0653156 0.997865 0
    outer loop
      vertex 54 53.5 46
      vertex 54.4568 53.4701 2.4
      vertex 54 53.5 2.4
    endloop
  endfacet
  facet normal -0.442314 0.89686 0
    outer loop
      vertex 52.6606 53.2336 2.4
      vertex 52.25 53.0311 46
      vertex 52.6606 53.2336 46
    endloop
  endfacet
  facet normal -0.442314 0.89686 0
    outer loop
      vertex 52.25 53.0311 46
      vertex 52.6606 53.2336 2.4
      vertex 52.25 53.0311 2.4
    endloop
  endfacet
  facet normal 0.831445 -0.555607 0
    outer loop
      vertex 56.7767 47.8693 46
      vertex 57.0311 48.25 2.4
      vertex 57.0311 48.25 46
    endloop
  endfacet
  facet normal 0.831445 -0.555607 0
    outer loop
      vertex 57.0311 48.25 2.4
      vertex 56.7767 47.8693 46
      vertex 56.7767 47.8693 2.4
    endloop
  endfacet
  facet normal -0.997865 -0.0653156 0
    outer loop
      vertex 50.5299 49.5432 2.4
      vertex 50.5 50 46
      vertex 50.5 50 2.4
    endloop
  endfacet
  facet normal -0.997865 -0.0653156 0
    outer loop
      vertex 50.5 50 46
      vertex 50.5299 49.5432 2.4
      vertex 50.5299 49.5432 46
    endloop
  endfacet
  facet normal -0.946966 -0.321335 0
    outer loop
      vertex 50.7664 48.6606 2.4
      vertex 50.6193 49.0941 46
      vertex 50.6193 49.0941 2.4
    endloop
  endfacet
  facet normal -0.946966 -0.321335 0
    outer loop
      vertex 50.6193 49.0941 46
      vertex 50.7664 48.6606 2.4
      vertex 50.7664 48.6606 46
    endloop
  endfacet
  facet normal -0.659278 -0.7519 0
    outer loop
      vertex 51.5251 47.5251 2.4
      vertex 51.8693 47.2233 46
      vertex 51.5251 47.5251 46
    endloop
  endfacet
  facet normal -0.659278 -0.7519 -0
    outer loop
      vertex 51.8693 47.2233 46
      vertex 51.5251 47.5251 2.4
      vertex 51.8693 47.2233 2.4
    endloop
  endfacet
  facet normal 0.442314 0.89686 -0
    outer loop
      vertex 55.75 53.0311 2.4
      vertex 55.3394 53.2336 46
      vertex 55.75 53.0311 46
    endloop
  endfacet
  facet normal 0.442314 0.89686 0
    outer loop
      vertex 55.3394 53.2336 46
      vertex 55.75 53.0311 2.4
      vertex 55.3394 53.2336 2.4
    endloop
  endfacet
  facet normal -0.195234 0.980757 0
    outer loop
      vertex 53.5432 53.4701 2.4
      vertex 53.0941 53.3807 46
      vertex 53.5432 53.4701 46
    endloop
  endfacet
  facet normal -0.195234 0.980757 0
    outer loop
      vertex 53.0941 53.3807 46
      vertex 53.5432 53.4701 2.4
      vertex 53.0941 53.3807 2.4
    endloop
  endfacet
  facet normal 0.7519 0.659278 0
    outer loop
      vertex 56.7767 52.1307 46
      vertex 56.4749 52.4749 2.4
      vertex 56.4749 52.4749 46
    endloop
  endfacet
  facet normal 0.7519 0.659278 0
    outer loop
      vertex 56.4749 52.4749 2.4
      vertex 56.7767 52.1307 46
      vertex 56.7767 52.1307 2.4
    endloop
  endfacet
  facet normal 0.195234 0.980757 -0
    outer loop
      vertex 54.9059 53.3807 2.4
      vertex 54.4568 53.4701 46
      vertex 54.9059 53.3807 46
    endloop
  endfacet
  facet normal 0.195234 0.980757 0
    outer loop
      vertex 54.4568 53.4701 46
      vertex 54.9059 53.3807 2.4
      vertex 54.4568 53.4701 2.4
    endloop
  endfacet
  facet normal 0.7519 -0.659278 0
    outer loop
      vertex 56.4749 47.5251 46
      vertex 56.7767 47.8693 2.4
      vertex 56.7767 47.8693 46
    endloop
  endfacet
  facet normal 0.7519 -0.659278 0
    outer loop
      vertex 56.7767 47.8693 2.4
      vertex 56.4749 47.5251 46
      vertex 56.4749 47.5251 2.4
    endloop
  endfacet
  facet normal -0.442314 -0.89686 0
    outer loop
      vertex 52.25 46.9689 2.4
      vertex 52.6606 46.7664 46
      vertex 52.25 46.9689 46
    endloop
  endfacet
  facet normal -0.442314 -0.89686 -0
    outer loop
      vertex 52.6606 46.7664 46
      vertex 52.25 46.9689 2.4
      vertex 52.6606 46.7664 2.4
    endloop
  endfacet
  facet normal -0.980757 0.195234 0
    outer loop
      vertex 50.5299 50.4568 2.4
      vertex 50.6193 50.9059 46
      vertex 50.6193 50.9059 2.4
    endloop
  endfacet
  facet normal -0.980757 0.195234 0
    outer loop
      vertex 50.6193 50.9059 46
      vertex 50.5299 50.4568 2.4
      vertex 50.5299 50.4568 46
    endloop
  endfacet
  facet normal 0.0653156 -0.997865 0
    outer loop
      vertex 54 46.5 2.4
      vertex 54.4568 46.5299 46
      vertex 54 46.5 46
    endloop
  endfacet
  facet normal 0.0653156 -0.997865 0
    outer loop
      vertex 54.4568 46.5299 46
      vertex 54 46.5 2.4
      vertex 54.4568 46.5299 2.4
    endloop
  endfacet
  facet normal 0.442314 -0.89686 0
    outer loop
      vertex 55.3394 46.7664 2.4
      vertex 55.75 46.9689 46
      vertex 55.3394 46.7664 46
    endloop
  endfacet
  facet normal 0.442314 -0.89686 0
    outer loop
      vertex 55.75 46.9689 46
      vertex 55.3394 46.7664 2.4
      vertex 55.75 46.9689 2.4
    endloop
  endfacet
  facet normal 0.659278 -0.7519 0
    outer loop
      vertex 56.1307 47.2233 2.4
      vertex 56.4749 47.5251 46
      vertex 56.1307 47.2233 46
    endloop
  endfacet
  facet normal 0.659278 -0.7519 0
    outer loop
      vertex 56.4749 47.5251 46
      vertex 56.1307 47.2233 2.4
      vertex 56.4749 47.5251 2.4
    endloop
  endfacet
  facet normal -0.89686 -0.442314 0
    outer loop
      vertex 50.9689 48.25 2.4
      vertex 50.7664 48.6606 46
      vertex 50.7664 48.6606 2.4
    endloop
  endfacet
  facet normal -0.89686 -0.442314 0
    outer loop
      vertex 50.7664 48.6606 46
      vertex 50.9689 48.25 2.4
      vertex 50.9689 48.25 46
    endloop
  endfacet
  facet normal 0.89686 -0.442314 0
    outer loop
      vertex 57.0311 48.25 46
      vertex 57.2336 48.6606 2.4
      vertex 57.2336 48.6606 46
    endloop
  endfacet
  facet normal 0.89686 -0.442314 0
    outer loop
      vertex 57.2336 48.6606 2.4
      vertex 57.0311 48.25 46
      vertex 57.0311 48.25 2.4
    endloop
  endfacet
  facet normal 0.659278 0.7519 -0
    outer loop
      vertex 56.4749 52.4749 2.4
      vertex 56.1307 52.7767 46
      vertex 56.4749 52.4749 46
    endloop
  endfacet
  facet normal 0.659278 0.7519 0
    outer loop
      vertex 56.1307 52.7767 46
      vertex 56.4749 52.4749 2.4
      vertex 56.1307 52.7767 2.4
    endloop
  endfacet
  facet normal 0.997865 -0.0653156 0
    outer loop
      vertex 57.4701 49.5432 46
      vertex 57.5 50 2.4
      vertex 57.5 50 46
    endloop
  endfacet
  facet normal 0.997865 -0.0653156 0
    outer loop
      vertex 57.5 50 2.4
      vertex 57.4701 49.5432 46
      vertex 57.4701 49.5432 2.4
    endloop
  endfacet
  facet normal -0.555607 -0.831445 0
    outer loop
      vertex 51.8693 47.2233 2.4
      vertex 52.25 46.9689 46
      vertex 51.8693 47.2233 46
    endloop
  endfacet
  facet normal -0.555607 -0.831445 -0
    outer loop
      vertex 52.25 46.9689 46
      vertex 51.8693 47.2233 2.4
      vertex 52.25 46.9689 2.4
    endloop
  endfacet
  facet normal 0.89686 0.442314 0
    outer loop
      vertex 57.2336 51.3394 46
      vertex 57.0311 51.75 2.4
      vertex 57.0311 51.75 46
    endloop
  endfacet
  facet normal 0.89686 0.442314 0
    outer loop
      vertex 57.0311 51.75 2.4
      vertex 57.2336 51.3394 46
      vertex 57.2336 51.3394 2.4
    endloop
  endfacet
  facet normal 0.980757 -0.195234 0
    outer loop
      vertex 57.3807 49.0941 46
      vertex 57.4701 49.5432 2.4
      vertex 57.4701 49.5432 46
    endloop
  endfacet
  facet normal 0.980757 -0.195234 0
    outer loop
      vertex 57.4701 49.5432 2.4
      vertex 57.3807 49.0941 46
      vertex 57.3807 49.0941 2.4
    endloop
  endfacet
  facet normal 0.946966 0.321335 0
    outer loop
      vertex 57.3807 50.9059 46
      vertex 57.2336 51.3394 2.4
      vertex 57.2336 51.3394 46
    endloop
  endfacet
  facet normal 0.946966 0.321335 0
    outer loop
      vertex 57.2336 51.3394 2.4
      vertex 57.3807 50.9059 46
      vertex 57.3807 50.9059 2.4
    endloop
  endfacet
  facet normal -0.0653156 0.997865 0
    outer loop
      vertex 54 53.5 2.4
      vertex 53.5432 53.4701 46
      vertex 54 53.5 46
    endloop
  endfacet
  facet normal -0.0653156 0.997865 0
    outer loop
      vertex 53.5432 53.4701 46
      vertex 54 53.5 2.4
      vertex 53.5432 53.4701 2.4
    endloop
  endfacet
  facet normal -0.980757 -0.195234 0
    outer loop
      vertex 50.6193 49.0941 2.4
      vertex 50.5299 49.5432 46
      vertex 50.5299 49.5432 2.4
    endloop
  endfacet
  facet normal -0.980757 -0.195234 0
    outer loop
      vertex 50.5299 49.5432 46
      vertex 50.6193 49.0941 2.4
      vertex 50.6193 49.0941 46
    endloop
  endfacet
  facet normal -0.7519 -0.659278 0
    outer loop
      vertex 51.5251 47.5251 2.4
      vertex 51.2233 47.8693 46
      vertex 51.2233 47.8693 2.4
    endloop
  endfacet
  facet normal -0.7519 -0.659278 0
    outer loop
      vertex 51.2233 47.8693 46
      vertex 51.5251 47.5251 2.4
      vertex 51.5251 47.5251 46
    endloop
  endfacet
  facet normal 0 0 1
    outer loop
      vertex 55.3 50 46
      vertex 57.5 50 46
      vertex 57.4701 50.4568 46
    endloop
  endfacet
  facet normal 0 0 1
    outer loop
      vertex 55.2889 50.1697 46
      vertex 57.4701 50.4568 46
      vertex 57.3807 50.9059 46
    endloop
  endfacet
  facet normal 0 0 1
    outer loop
      vertex 57.5 50 46
      vertex 55.3 50 46
      vertex 57.4701 49.5432 46
    endloop
  endfacet
  facet normal 0 0 1
    outer loop
      vertex 55.2557 50.3365 46
      vertex 57.3807 50.9059 46
      vertex 57.2336 51.3394 46
    endloop
  endfacet
  facet normal -0 0 1
    outer loop
      vertex 55.2889 49.8303 46
      vertex 57.4701 49.5432 46
      vertex 55.3 50 46
    endloop
  endfacet
  facet normal 0 0 1
    outer loop
      vertex 55.201 50.4975 46
      vertex 57.2336 51.3394 46
      vertex 57.0311 51.75 46
    endloop
  endfacet
  facet normal 0 0 1
    outer loop
      vertex 57.4701 49.5432 46
      vertex 55.2889 49.8303 46
      vertex 57.3807 49.0941 46
    endloop
  endfacet
  facet normal 0 0 1
    outer loop
      vertex 55.1258 50.65 46
      vertex 57.0311 51.75 46
      vertex 56.7767 52.1307 46
    endloop
  endfacet
  facet normal -0 0 1
    outer loop
      vertex 55.2557 49.6635 46
      vertex 57.3807 49.0941 46
      vertex 55.2889 49.8303 46
    endloop
  endfacet
  facet normal 0 0 1
    outer loop
      vertex 55.0314 50.7914 46
      vertex 56.7767 52.1307 46
      vertex 56.4749 52.4749 46
    endloop
  endfacet
  facet normal 0 0 1
    outer loop
      vertex 57.3807 49.0941 46
      vertex 55.2557 49.6635 46
      vertex 57.2336 48.6606 46
    endloop
  endfacet
  facet normal 0 0 1
    outer loop
      vertex 54.9192 50.9192 46
      vertex 56.4749 52.4749 46
      vertex 56.1307 52.7767 46
    endloop
  endfacet
  facet normal -0 0 1
    outer loop
      vertex 55.201 49.5025 46
      vertex 57.2336 48.6606 46
      vertex 55.2557 49.6635 46
    endloop
  endfacet
  facet normal 0 0 1
    outer loop
      vertex 54.7914 51.0314 46
      vertex 56.1307 52.7767 46
      vertex 55.75 53.0311 46
    endloop
  endfacet
  facet normal 0 0 1
    outer loop
      vertex 57.2336 48.6606 46
      vertex 55.201 49.5025 46
      vertex 57.0311 48.25 46
    endloop
  endfacet
  facet normal 0 0 1
    outer loop
      vertex 54.65 51.1258 46
      vertex 55.75 53.0311 46
      vertex 55.3394 53.2336 46
    endloop
  endfacet
  facet normal -0 0 1
    outer loop
      vertex 55.1258 49.35 46
      vertex 57.0311 48.25 46
      vertex 55.201 49.5025 46
    endloop
  endfacet
  facet normal 0 0 1
    outer loop
      vertex 57.0311 48.25 46
      vertex 55.1258 49.35 46
      vertex 56.7767 47.8693 46
    endloop
  endfacet
  facet normal 0 0 1
    outer loop
      vertex 57.4701 50.4568 46
      vertex 55.2889 50.1697 46
      vertex 55.3 50 46
    endloop
  endfacet
  facet normal 0 0 1
    outer loop
      vertex 57.3807 50.9059 46
      vertex 55.2557 50.3365 46
      vertex 55.2889 50.1697 46
    endloop
  endfacet
  facet normal 0 0 1
    outer loop
      vertex 57.2336 51.3394 46
      vertex 55.201 50.4975 46
      vertex 55.2557 50.3365 46
    endloop
  endfacet
  facet normal 0 0 1
    outer loop
      vertex 57.0311 51.75 46
      vertex 55.1258 50.65 46
      vertex 55.201 50.4975 46
    endloop
  endfacet
  facet normal 0 0 1
    outer loop
      vertex 56.7767 52.1307 46
      vertex 55.0314 50.7914 46
      vertex 55.1258 50.65 46
    endloop
  endfacet
  facet normal 0 0 1
    outer loop
      vertex 56.4749 52.4749 46
      vertex 54.9192 50.9192 46
      vertex 55.0314 50.7914 46
    endloop
  endfacet
  facet normal 0 0 1
    outer loop
      vertex 54.4975 51.201 46
      vertex 55.3394 53.2336 46
      vertex 54.9059 53.3807 46
    endloop
  endfacet
  facet normal 0 0 1
    outer loop
      vertex 56.1307 52.7767 46
      vertex 54.7914 51.0314 46
      vertex 54.9192 50.9192 46
    endloop
  endfacet
  facet normal 0 0 1
    outer loop
      vertex 55.75 53.0311 46
      vertex 54.65 51.1258 46
      vertex 54.7914 51.0314 46
    endloop
  endfacet
  facet normal 0 0 1
    outer loop
      vertex 55.3394 53.2336 46
      vertex 54.4975 51.201 46
      vertex 54.65 51.1258 46
    endloop
  endfacet
  facet normal 0 0 1
    outer loop
      vertex 54.3365 51.2557 46
      vertex 54.9059 53.3807 46
      vertex 54.4568 53.4701 46
    endloop
  endfacet
  facet normal 0 0 1
    outer loop
      vertex 54.9059 53.3807 46
      vertex 54.3365 51.2557 46
      vertex 54.4975 51.201 46
    endloop
  endfacet
  facet normal 0 0 1
    outer loop
      vertex 54.4568 53.4701 46
      vertex 54.1697 51.2889 46
      vertex 54.3365 51.2557 46
    endloop
  endfacet
  facet normal 0 0 1
    outer loop
      vertex 54 53.5 46
      vertex 54.1697 51.2889 46
      vertex 54.4568 53.4701 46
    endloop
  endfacet
  facet normal 0 0 1
    outer loop
      vertex 54 53.5 46
      vertex 54 51.3 46
      vertex 54.1697 51.2889 46
    endloop
  endfacet
  facet normal 0 0 1
    outer loop
      vertex 54 53.5 46
      vertex 53.8303 51.2889 46
      vertex 54 51.3 46
    endloop
  endfacet
  facet normal -0 0 1
    outer loop
      vertex 53.5432 53.4701 46
      vertex 53.8303 51.2889 46
      vertex 54 53.5 46
    endloop
  endfacet
  facet normal 0 0 1
    outer loop
      vertex 53.8303 51.2889 46
      vertex 53.5432 53.4701 46
      vertex 53.6635 51.2557 46
    endloop
  endfacet
  facet normal -0 0 1
    outer loop
      vertex 53.0941 53.3807 46
      vertex 53.6635 51.2557 46
      vertex 53.5432 53.4701 46
    endloop
  endfacet
  facet normal 0 0 1
    outer loop
      vertex 53.6635 51.2557 46
      vertex 53.0941 53.3807 46
      vertex 53.5025 51.201 46
    endloop
  endfacet
  facet normal -0 0 1
    outer loop
      vertex 52.6606 53.2336 46
      vertex 53.5025 51.201 46
      vertex 53.0941 53.3807 46
    endloop
  endfacet
  facet normal 0 0 1
    outer loop
      vertex 53.5025 51.201 46
      vertex 52.6606 53.2336 46
      vertex 53.35 51.1258 46
    endloop
  endfacet
  facet normal -0 0 1
    outer loop
      vertex 52.25 53.0311 46
      vertex 53.35 51.1258 46
      vertex 52.6606 53.2336 46
    endloop
  endfacet
  facet normal 0 0 1
    outer loop
      vertex 53.35 51.1258 46
      vertex 52.25 53.0311 46
      vertex 53.2086 51.0314 46
    endloop
  endfacet
  facet normal -0 0 1
    outer loop
      vertex 51.8693 52.7767 46
      vertex 53.2086 51.0314 46
      vertex 52.25 53.0311 46
    endloop
  endfacet
  facet normal 0 0 1
    outer loop
      vertex 53.2086 51.0314 46
      vertex 51.8693 52.7767 46
      vertex 53.0808 50.9192 46
    endloop
  endfacet
  facet normal -0 0 1
    outer loop
      vertex 51.5251 52.4749 46
      vertex 53.0808 50.9192 46
      vertex 51.8693 52.7767 46
    endloop
  endfacet
  facet normal 0 0 1
    outer loop
      vertex 53.0808 50.9192 46
      vertex 51.5251 52.4749 46
      vertex 52.9686 50.7914 46
    endloop
  endfacet
  facet normal 0 0 1
    outer loop
      vertex 52.9686 50.7914 46
      vertex 51.2233 52.1307 46
      vertex 52.8742 50.65 46
    endloop
  endfacet
  facet normal -0 0 1
    outer loop
      vertex 51.2233 52.1307 46
      vertex 52.9686 50.7914 46
      vertex 51.5251 52.4749 46
    endloop
  endfacet
  facet normal -0 0 1
    outer loop
      vertex 55.0314 49.2086 46
      vertex 56.7767 47.8693 46
      vertex 55.1258 49.35 46
    endloop
  endfacet
  facet normal 0 0 1
    outer loop
      vertex 56.7767 47.8693 46
      vertex 55.0314 49.2086 46
      vertex 56.4749 47.5251 46
    endloop
  endfacet
  facet normal -0 0 1
    outer loop
      vertex 54.9192 49.0808 46
      vertex 56.4749 47.5251 46
      vertex 55.0314 49.2086 46
    endloop
  endfacet
  facet normal 0 0 1
    outer loop
      vertex 56.4749 47.5251 46
      vertex 54.9192 49.0808 46
      vertex 56.1307 47.2233 46
    endloop
  endfacet
  facet normal -0 0 1
    outer loop
      vertex 54.7914 48.9686 46
      vertex 56.1307 47.2233 46
      vertex 54.9192 49.0808 46
    endloop
  endfacet
  facet normal 0 0 1
    outer loop
      vertex 56.1307 47.2233 46
      vertex 54.7914 48.9686 46
      vertex 55.75 46.9689 46
    endloop
  endfacet
  facet normal -0 0 1
    outer loop
      vertex 54.65 48.8742 46
      vertex 55.75 46.9689 46
      vertex 54.7914 48.9686 46
    endloop
  endfacet
  facet normal 0 0 1
    outer loop
      vertex 55.75 46.9689 46
      vertex 54.65 48.8742 46
      vertex 55.3394 46.7664 46
    endloop
  endfacet
  facet normal -0 0 1
    outer loop
      vertex 54.4975 48.799 46
      vertex 55.3394 46.7664 46
      vertex 54.65 48.8742 46
    endloop
  endfacet
  facet normal 0 0 1
    outer loop
      vertex 55.3394 46.7664 46
      vertex 54.4975 48.799 46
      vertex 54.9059 46.6193 46
    endloop
  endfacet
  facet normal -0 0 1
    outer loop
      vertex 54.3365 48.7443 46
      vertex 54.9059 46.6193 46
      vertex 54.4975 48.799 46
    endloop
  endfacet
  facet normal 0 0 1
    outer loop
      vertex 54.9059 46.6193 46
      vertex 54.3365 48.7443 46
      vertex 54.4568 46.5299 46
    endloop
  endfacet
  facet normal -0 0 1
    outer loop
      vertex 54.1697 48.7111 46
      vertex 54.4568 46.5299 46
      vertex 54.3365 48.7443 46
    endloop
  endfacet
  facet normal -0 0 1
    outer loop
      vertex 54 48.7 46
      vertex 54.4568 46.5299 46
      vertex 54.1697 48.7111 46
    endloop
  endfacet
  facet normal 0 0 1
    outer loop
      vertex 54 48.7 46
      vertex 54 46.5 46
      vertex 54.4568 46.5299 46
    endloop
  endfacet
  facet normal 0 0 1
    outer loop
      vertex 53.8303 48.7111 46
      vertex 54 46.5 46
      vertex 54 48.7 46
    endloop
  endfacet
  facet normal 0 0 1
    outer loop
      vertex 53.5432 46.5299 46
      vertex 53.8303 48.7111 46
      vertex 53.6635 48.7443 46
    endloop
  endfacet
  facet normal 0 0 1
    outer loop
      vertex 53.8303 48.7111 46
      vertex 53.5432 46.5299 46
      vertex 54 46.5 46
    endloop
  endfacet
  facet normal 0 0 1
    outer loop
      vertex 53.0941 46.6193 46
      vertex 53.6635 48.7443 46
      vertex 53.5025 48.799 46
    endloop
  endfacet
  facet normal 0 0 1
    outer loop
      vertex 52.6606 46.7664 46
      vertex 53.5025 48.799 46
      vertex 53.35 48.8742 46
    endloop
  endfacet
  facet normal 0 0 1
    outer loop
      vertex 52.25 46.9689 46
      vertex 53.35 48.8742 46
      vertex 53.2086 48.9686 46
    endloop
  endfacet
  facet normal 0 0 1
    outer loop
      vertex 53.6635 48.7443 46
      vertex 53.0941 46.6193 46
      vertex 53.5432 46.5299 46
    endloop
  endfacet
  facet normal 0 0 1
    outer loop
      vertex 51.8693 47.2233 46
      vertex 53.2086 48.9686 46
      vertex 53.0808 49.0808 46
    endloop
  endfacet
  facet normal 0 0 1
    outer loop
      vertex 51.5251 47.5251 46
      vertex 53.0808 49.0808 46
      vertex 52.9686 49.2086 46
    endloop
  endfacet
  facet normal 0 0 1
    outer loop
      vertex 51.2233 47.8693 46
      vertex 52.9686 49.2086 46
      vertex 52.8742 49.35 46
    endloop
  endfacet
  facet normal 0 0 1
    outer loop
      vertex 50.9689 48.25 46
      vertex 52.8742 49.35 46
      vertex 52.799 49.5025 46
    endloop
  endfacet
  facet normal 0 0 1
    outer loop
      vertex 50.7664 48.6606 46
      vertex 52.799 49.5025 46
      vertex 52.7443 49.6635 46
    endloop
  endfacet
  facet normal 0 0 1
    outer loop
      vertex 50.6193 49.0941 46
      vertex 52.7443 49.6635 46
      vertex 52.7111 49.8303 46
    endloop
  endfacet
  facet normal 0 0 1
    outer loop
      vertex 53.5025 48.799 46
      vertex 52.6606 46.7664 46
      vertex 53.0941 46.6193 46
    endloop
  endfacet
  facet normal 0 0 1
    outer loop
      vertex 50.5299 49.5432 46
      vertex 52.7111 49.8303 46
      vertex 52.7 50 46
    endloop
  endfacet
  facet normal -0 0 1
    outer loop
      vertex 50.9689 51.75 46
      vertex 52.8742 50.65 46
      vertex 51.2233 52.1307 46
    endloop
  endfacet
  facet normal 0 0 1
    outer loop
      vertex 52.8742 50.65 46
      vertex 50.9689 51.75 46
      vertex 52.799 50.4975 46
    endloop
  endfacet
  facet normal 0 0 1
    outer loop
      vertex 53.35 48.8742 46
      vertex 52.25 46.9689 46
      vertex 52.6606 46.7664 46
    endloop
  endfacet
  facet normal -0 0 1
    outer loop
      vertex 50.7664 51.3394 46
      vertex 52.799 50.4975 46
      vertex 50.9689 51.75 46
    endloop
  endfacet
  facet normal 0 0 1
    outer loop
      vertex 53.2086 48.9686 46
      vertex 51.8693 47.2233 46
      vertex 52.25 46.9689 46
    endloop
  endfacet
  facet normal 0 0 1
    outer loop
      vertex 52.799 50.4975 46
      vertex 50.7664 51.3394 46
      vertex 52.7443 50.3365 46
    endloop
  endfacet
  facet normal 0 0 1
    outer loop
      vertex 53.0808 49.0808 46
      vertex 51.5251 47.5251 46
      vertex 51.8693 47.2233 46
    endloop
  endfacet
  facet normal -0 0 1
    outer loop
      vertex 50.6193 50.9059 46
      vertex 52.7443 50.3365 46
      vertex 50.7664 51.3394 46
    endloop
  endfacet
  facet normal 0 0 1
    outer loop
      vertex 52.9686 49.2086 46
      vertex 51.2233 47.8693 46
      vertex 51.5251 47.5251 46
    endloop
  endfacet
  facet normal 0 0 1
    outer loop
      vertex 52.7443 50.3365 46
      vertex 50.6193 50.9059 46
      vertex 52.7111 50.1697 46
    endloop
  endfacet
  facet normal 0 0 1
    outer loop
      vertex 52.8742 49.35 46
      vertex 50.9689 48.25 46
      vertex 51.2233 47.8693 46
    endloop
  endfacet
  facet normal -0 0 1
    outer loop
      vertex 50.5299 50.4568 46
      vertex 52.7111 50.1697 46
      vertex 50.6193 50.9059 46
    endloop
  endfacet
  facet normal 0 0 1
    outer loop
      vertex 52.799 49.5025 46
      vertex 50.7664 48.6606 46
      vertex 50.9689 48.25 46
    endloop
  endfacet
  facet normal 0 0 1
    outer loop
      vertex 52.7111 50.1697 46
      vertex 50.5299 50.4568 46
      vertex 52.7 50 46
    endloop
  endfacet
  facet normal 0 0 1
    outer loop
      vertex 52.7443 49.6635 46
      vertex 50.6193 49.0941 46
      vertex 50.7664 48.6606 46
    endloop
  endfacet
  facet normal 0 0 1
    outer loop
      vertex 50.5 50 46
      vertex 52.7 50 46
      vertex 50.5299 50.4568 46
    endloop
  endfacet
  facet normal 0 0 1
    outer loop
      vertex 52.7111 49.8303 46
      vertex 50.5299 49.5432 46
      vertex 50.6193 49.0941 46
    endloop
  endfacet
  facet normal 0 0 1
    outer loop
      vertex 52.7 50 46
      vertex 50.5 50 46
      vertex 50.5299 49.5432 46
    endloop
  endfacet
  facet normal -0.195234 -0.980757 0
    outer loop
      vertex 53.0941 46.6193 2.4
      vertex 53.5432 46.5299 46
      vertex 53.0941 46.6193 46
    endloop
  endfacet
  facet normal -0.195234 -0.980757 -0
    outer loop
      vertex 53.5432 46.5299 46
      vertex 53.0941 46.6193 2.4
      vertex 53.5432 46.5299 2.4
    endloop
  endfacet
  facet normal -0.831445 0.555607 0
    outer loop
      vertex 50.9689 51.75 2.4
      vertex 51.2233 52.1307 46
      vertex 51.2233 52.1307 2.4
    endloop
  endfacet
  facet normal -0.831445 0.555607 0
    outer loop
      vertex 51.2233 52.1307 46
      vertex 50.9689 51.75 2.4
      vertex 50.9689 51.75 46
    endloop
  endfacet
  facet normal -0.0653156 -0.997865 0
    outer loop
      vertex 53.5432 46.5299 2.4
      vertex 54 46.5 46
      vertex 53.5432 46.5299 46
    endloop
  endfacet
  facet normal -0.0653156 -0.997865 -0
    outer loop
      vertex 54 46.5 46
      vertex 53.5432 46.5299 2.4
      vertex 54 46.5 2.4
    endloop
  endfacet
  facet normal -0.980761 -0.195211 0
    outer loop
      vertex 55.2889 50.1697 34
      vertex 55.2557 50.3365 46
      vertex 55.2557 50.3365 34
    endloop
  endfacet
  facet normal -0.980761 -0.195211 0
    outer loop
      vertex 55.2557 50.3365 46
      vertex 55.2889 50.1697 34
      vertex 55.2889 50.1697 46
    endloop
  endfacet
  facet normal -0.997868 -0.0652701 0
    outer loop
      vertex 55.3 50 34
      vertex 55.2889 50.1697 46
      vertex 55.2889 50.1697 34
    endloop
  endfacet
  facet normal -0.997868 -0.0652701 0
    outer loop
      vertex 55.2889 50.1697 46
      vertex 55.3 50 34
      vertex 55.3 50 46
    endloop
  endfacet
  facet normal -0.946844 -0.321692 0
    outer loop
      vertex 55.2557 50.3365 34
      vertex 55.201 50.4975 46
      vertex 55.201 50.4975 34
    endloop
  endfacet
  facet normal -0.946844 -0.321692 0
    outer loop
      vertex 55.201 50.4975 46
      vertex 55.2557 50.3365 34
      vertex 55.2557 50.3365 46
    endloop
  endfacet
  facet normal 0.195211 0.980761 -0
    outer loop
      vertex 53.8303 48.7111 34
      vertex 53.6635 48.7443 46
      vertex 53.8303 48.7111 46
    endloop
  endfacet
  facet normal 0.195211 0.980761 0
    outer loop
      vertex 53.6635 48.7443 46
      vertex 53.8303 48.7111 34
      vertex 53.6635 48.7443 34
    endloop
  endfacet
  facet normal -0.442267 -0.896884 0
    outer loop
      vertex 54.4975 51.201 34
      vertex 54.65 51.1258 46
      vertex 54.4975 51.201 46
    endloop
  endfacet
  facet normal -0.442267 -0.896884 -0
    outer loop
      vertex 54.65 51.1258 46
      vertex 54.4975 51.201 34
      vertex 54.65 51.1258 34
    endloop
  endfacet
  facet normal -0.896884 -0.442267 0
    outer loop
      vertex 55.201 50.4975 34
      vertex 55.1258 50.65 46
      vertex 55.1258 50.65 34
    endloop
  endfacet
  facet normal -0.896884 -0.442267 0
    outer loop
      vertex 55.1258 50.65 46
      vertex 55.201 50.4975 34
      vertex 55.201 50.4975 46
    endloop
  endfacet
  facet normal -0.831688 -0.555243 0
    outer loop
      vertex 55.1258 50.65 34
      vertex 55.0314 50.7914 46
      vertex 55.0314 50.7914 34
    endloop
  endfacet
  facet normal -0.831688 -0.555243 0
    outer loop
      vertex 55.0314 50.7914 46
      vertex 55.1258 50.65 34
      vertex 55.1258 50.65 46
    endloop
  endfacet
  facet normal -0.751483 0.659753 0
    outer loop
      vertex 54.9192 49.0808 34
      vertex 55.0314 49.2086 46
      vertex 55.0314 49.2086 34
    endloop
  endfacet
  facet normal -0.751483 0.659753 0
    outer loop
      vertex 55.0314 49.2086 46
      vertex 54.9192 49.0808 34
      vertex 54.9192 49.0808 46
    endloop
  endfacet
  facet normal 0.442267 -0.896884 0
    outer loop
      vertex 53.35 51.1258 34
      vertex 53.5025 51.201 46
      vertex 53.35 51.1258 46
    endloop
  endfacet
  facet normal 0.442267 -0.896884 0
    outer loop
      vertex 53.5025 51.201 46
      vertex 53.35 51.1258 34
      vertex 53.5025 51.201 34
    endloop
  endfacet
  facet normal 0.997868 0.0652701 0
    outer loop
      vertex 52.7111 49.8303 46
      vertex 52.7 50 34
      vertex 52.7 50 46
    endloop
  endfacet
  facet normal 0.997868 0.0652701 0
    outer loop
      vertex 52.7 50 34
      vertex 52.7111 49.8303 46
      vertex 52.7111 49.8303 34
    endloop
  endfacet
  facet normal -0.896884 0.442267 0
    outer loop
      vertex 55.1258 49.35 34
      vertex 55.201 49.5025 46
      vertex 55.201 49.5025 34
    endloop
  endfacet
  facet normal -0.896884 0.442267 0
    outer loop
      vertex 55.201 49.5025 46
      vertex 55.1258 49.35 34
      vertex 55.1258 49.35 46
    endloop
  endfacet
  facet normal 0.659753 -0.751483 0
    outer loop
      vertex 53.0808 50.9192 34
      vertex 53.2086 51.0314 46
      vertex 53.0808 50.9192 46
    endloop
  endfacet
  facet normal 0.659753 -0.751483 0
    outer loop
      vertex 53.2086 51.0314 46
      vertex 53.0808 50.9192 34
      vertex 53.2086 51.0314 34
    endloop
  endfacet
  facet normal -0.751483 -0.659753 0
    outer loop
      vertex 55.0314 50.7914 34
      vertex 54.9192 50.9192 46
      vertex 54.9192 50.9192 34
    endloop
  endfacet
  facet normal -0.751483 -0.659753 0
    outer loop
      vertex 54.9192 50.9192 46
      vertex 55.0314 50.7914 34
      vertex 55.0314 50.7914 46
    endloop
  endfacet
  facet normal -0.980761 0.195211 0
    outer loop
      vertex 55.2557 49.6635 34
      vertex 55.2889 49.8303 46
      vertex 55.2889 49.8303 34
    endloop
  endfacet
  facet normal -0.980761 0.195211 0
    outer loop
      vertex 55.2889 49.8303 46
      vertex 55.2557 49.6635 34
      vertex 55.2557 49.6635 46
    endloop
  endfacet
  facet normal -0.946844 0.321692 0
    outer loop
      vertex 55.201 49.5025 34
      vertex 55.2557 49.6635 46
      vertex 55.2557 49.6635 34
    endloop
  endfacet
  facet normal -0.946844 0.321692 0
    outer loop
      vertex 55.2557 49.6635 46
      vertex 55.201 49.5025 34
      vertex 55.201 49.5025 46
    endloop
  endfacet
  facet normal 0.980761 0.195211 0
    outer loop
      vertex 52.7443 49.6635 46
      vertex 52.7111 49.8303 34
      vertex 52.7111 49.8303 46
    endloop
  endfacet
  facet normal 0.980761 0.195211 0
    outer loop
      vertex 52.7111 49.8303 34
      vertex 52.7443 49.6635 46
      vertex 52.7443 49.6635 34
    endloop
  endfacet
  facet normal 0.751483 0.659753 0
    outer loop
      vertex 53.0808 49.0808 46
      vertex 52.9686 49.2086 34
      vertex 52.9686 49.2086 46
    endloop
  endfacet
  facet normal 0.751483 0.659753 0
    outer loop
      vertex 52.9686 49.2086 34
      vertex 53.0808 49.0808 46
      vertex 53.0808 49.0808 34
    endloop
  endfacet
  facet normal -0.555243 -0.831688 0
    outer loop
      vertex 54.65 51.1258 34
      vertex 54.7914 51.0314 46
      vertex 54.65 51.1258 46
    endloop
  endfacet
  facet normal -0.555243 -0.831688 -0
    outer loop
      vertex 54.7914 51.0314 46
      vertex 54.65 51.1258 34
      vertex 54.7914 51.0314 34
    endloop
  endfacet
  facet normal -0.831688 0.555243 0
    outer loop
      vertex 55.0314 49.2086 34
      vertex 55.1258 49.35 46
      vertex 55.1258 49.35 34
    endloop
  endfacet
  facet normal -0.831688 0.555243 0
    outer loop
      vertex 55.1258 49.35 46
      vertex 55.0314 49.2086 34
      vertex 55.0314 49.2086 46
    endloop
  endfacet
  facet normal -0.321692 0.946844 0
    outer loop
      vertex 54.4975 48.799 34
      vertex 54.3365 48.7443 46
      vertex 54.4975 48.799 46
    endloop
  endfacet
  facet normal -0.321692 0.946844 0
    outer loop
      vertex 54.3365 48.7443 46
      vertex 54.4975 48.799 34
      vertex 54.3365 48.7443 34
    endloop
  endfacet
  facet normal 0.555243 -0.831688 0
    outer loop
      vertex 53.2086 51.0314 34
      vertex 53.35 51.1258 46
      vertex 53.2086 51.0314 46
    endloop
  endfacet
  facet normal 0.555243 -0.831688 0
    outer loop
      vertex 53.35 51.1258 46
      vertex 53.2086 51.0314 34
      vertex 53.35 51.1258 34
    endloop
  endfacet
  facet normal -0.195211 0.980761 0
    outer loop
      vertex 54.3365 48.7443 34
      vertex 54.1697 48.7111 46
      vertex 54.3365 48.7443 46
    endloop
  endfacet
  facet normal -0.195211 0.980761 0
    outer loop
      vertex 54.1697 48.7111 46
      vertex 54.3365 48.7443 34
      vertex 54.1697 48.7111 34
    endloop
  endfacet
  facet normal 0.0652701 0.997868 -0
    outer loop
      vertex 54 48.7 34
      vertex 53.8303 48.7111 46
      vertex 54 48.7 46
    endloop
  endfacet
  facet normal 0.0652701 0.997868 0
    outer loop
      vertex 53.8303 48.7111 46
      vertex 54 48.7 34
      vertex 53.8303 48.7111 34
    endloop
  endfacet
  facet normal 0.659753 0.751483 -0
    outer loop
      vertex 53.2086 48.9686 34
      vertex 53.0808 49.0808 46
      vertex 53.2086 48.9686 46
    endloop
  endfacet
  facet normal 0.659753 0.751483 0
    outer loop
      vertex 53.0808 49.0808 46
      vertex 53.2086 48.9686 34
      vertex 53.0808 49.0808 34
    endloop
  endfacet
  facet normal -0.659753 -0.751483 0
    outer loop
      vertex 54.7914 51.0314 34
      vertex 54.9192 50.9192 46
      vertex 54.7914 51.0314 46
    endloop
  endfacet
  facet normal -0.659753 -0.751483 -0
    outer loop
      vertex 54.9192 50.9192 46
      vertex 54.7914 51.0314 34
      vertex 54.9192 50.9192 34
    endloop
  endfacet
  facet normal 0.980761 -0.195211 0
    outer loop
      vertex 52.7111 50.1697 46
      vertex 52.7443 50.3365 34
      vertex 52.7443 50.3365 46
    endloop
  endfacet
  facet normal 0.980761 -0.195211 0
    outer loop
      vertex 52.7443 50.3365 34
      vertex 52.7111 50.1697 46
      vertex 52.7111 50.1697 34
    endloop
  endfacet
  facet normal 0.321692 -0.946844 0
    outer loop
      vertex 53.5025 51.201 34
      vertex 53.6635 51.2557 46
      vertex 53.5025 51.201 46
    endloop
  endfacet
  facet normal 0.321692 -0.946844 0
    outer loop
      vertex 53.6635 51.2557 46
      vertex 53.5025 51.201 34
      vertex 53.6635 51.2557 34
    endloop
  endfacet
  facet normal 0.946844 0.321692 0
    outer loop
      vertex 52.799 49.5025 46
      vertex 52.7443 49.6635 34
      vertex 52.7443 49.6635 46
    endloop
  endfacet
  facet normal 0.946844 0.321692 0
    outer loop
      vertex 52.7443 49.6635 34
      vertex 52.799 49.5025 46
      vertex 52.799 49.5025 34
    endloop
  endfacet
  facet normal -0.0652701 0.997868 0
    outer loop
      vertex 54.1697 48.7111 34
      vertex 54 48.7 46
      vertex 54.1697 48.7111 46
    endloop
  endfacet
  facet normal -0.0652701 0.997868 0
    outer loop
      vertex 54 48.7 46
      vertex 54.1697 48.7111 34
      vertex 54 48.7 34
    endloop
  endfacet
  facet normal 0.751483 -0.659753 0
    outer loop
      vertex 52.9686 50.7914 46
      vertex 53.0808 50.9192 34
      vertex 53.0808 50.9192 46
    endloop
  endfacet
  facet normal 0.751483 -0.659753 0
    outer loop
      vertex 53.0808 50.9192 34
      vertex 52.9686 50.7914 46
      vertex 52.9686 50.7914 34
    endloop
  endfacet
  facet normal 0.831688 -0.555243 0
    outer loop
      vertex 52.8742 50.65 46
      vertex 52.9686 50.7914 34
      vertex 52.9686 50.7914 46
    endloop
  endfacet
  facet normal 0.831688 -0.555243 0
    outer loop
      vertex 52.9686 50.7914 34
      vertex 52.8742 50.65 46
      vertex 52.8742 50.65 34
    endloop
  endfacet
  facet normal 0.946844 -0.321692 0
    outer loop
      vertex 52.7443 50.3365 46
      vertex 52.799 50.4975 34
      vertex 52.799 50.4975 46
    endloop
  endfacet
  facet normal 0.946844 -0.321692 0
    outer loop
      vertex 52.799 50.4975 34
      vertex 52.7443 50.3365 46
      vertex 52.7443 50.3365 34
    endloop
  endfacet
  facet normal -0.321692 -0.946844 0
    outer loop
      vertex 54.3365 51.2557 34
      vertex 54.4975 51.201 46
      vertex 54.3365 51.2557 46
    endloop
  endfacet
  facet normal -0.321692 -0.946844 -0
    outer loop
      vertex 54.4975 51.201 46
      vertex 54.3365 51.2557 34
      vertex 54.4975 51.201 34
    endloop
  endfacet
  facet normal 0.997868 -0.0652701 0
    outer loop
      vertex 52.7 50 46
      vertex 52.7111 50.1697 34
      vertex 52.7111 50.1697 46
    endloop
  endfacet
  facet normal 0.997868 -0.0652701 0
    outer loop
      vertex 52.7111 50.1697 34
      vertex 52.7 50 46
      vertex 52.7 50 34
    endloop
  endfacet
  facet normal 0.831688 0.555243 0
    outer loop
      vertex 52.9686 49.2086 46
      vertex 52.8742 49.35 34
      vertex 52.8742 49.35 46
    endloop
  endfacet
  facet normal 0.831688 0.555243 0
    outer loop
      vertex 52.8742 49.35 34
      vertex 52.9686 49.2086 46
      vertex 52.9686 49.2086 34
    endloop
  endfacet
  facet normal -0.997868 0.0652701 0
    outer loop
      vertex 55.2889 49.8303 34
      vertex 55.3 50 46
      vertex 55.3 50 34
    endloop
  endfacet
  facet normal -0.997868 0.0652701 0
    outer loop
      vertex 55.3 50 46
      vertex 55.2889 49.8303 34
      vertex 55.2889 49.8303 46
    endloop
  endfacet
  facet normal 0.0652701 -0.997868 0
    outer loop
      vertex 53.8303 51.2889 34
      vertex 54 51.3 46
      vertex 53.8303 51.2889 46
    endloop
  endfacet
  facet normal 0.0652701 -0.997868 0
    outer loop
      vertex 54 51.3 46
      vertex 53.8303 51.2889 34
      vertex 54 51.3 34
    endloop
  endfacet
  facet normal -0.555243 0.831688 0
    outer loop
      vertex 54.7914 48.9686 34
      vertex 54.65 48.8742 46
      vertex 54.7914 48.9686 46
    endloop
  endfacet
  facet normal -0.555243 0.831688 0
    outer loop
      vertex 54.65 48.8742 46
      vertex 54.7914 48.9686 34
      vertex 54.65 48.8742 34
    endloop
  endfacet
  facet normal 0.195211 -0.980761 0
    outer loop
      vertex 53.6635 51.2557 34
      vertex 53.8303 51.2889 46
      vertex 53.6635 51.2557 46
    endloop
  endfacet
  facet normal 0.195211 -0.980761 0
    outer loop
      vertex 53.8303 51.2889 46
      vertex 53.6635 51.2557 34
      vertex 53.8303 51.2889 34
    endloop
  endfacet
  facet normal 0.896884 -0.442267 0
    outer loop
      vertex 52.799 50.4975 46
      vertex 52.8742 50.65 34
      vertex 52.8742 50.65 46
    endloop
  endfacet
  facet normal 0.896884 -0.442267 0
    outer loop
      vertex 52.8742 50.65 34
      vertex 52.799 50.4975 46
      vertex 52.799 50.4975 34
    endloop
  endfacet
  facet normal 0.321692 0.946844 -0
    outer loop
      vertex 53.6635 48.7443 34
      vertex 53.5025 48.799 46
      vertex 53.6635 48.7443 46
    endloop
  endfacet
  facet normal 0.321692 0.946844 0
    outer loop
      vertex 53.5025 48.799 46
      vertex 53.6635 48.7443 34
      vertex 53.5025 48.799 34
    endloop
  endfacet
  facet normal -0.0652701 -0.997868 0
    outer loop
      vertex 54 51.3 34
      vertex 54.1697 51.2889 46
      vertex 54 51.3 46
    endloop
  endfacet
  facet normal -0.0652701 -0.997868 -0
    outer loop
      vertex 54.1697 51.2889 46
      vertex 54 51.3 34
      vertex 54.1697 51.2889 34
    endloop
  endfacet
  facet normal -0.195211 -0.980761 0
    outer loop
      vertex 54.1697 51.2889 34
      vertex 54.3365 51.2557 46
      vertex 54.1697 51.2889 46
    endloop
  endfacet
  facet normal -0.195211 -0.980761 -0
    outer loop
      vertex 54.3365 51.2557 46
      vertex 54.1697 51.2889 34
      vertex 54.3365 51.2557 34
    endloop
  endfacet
  facet normal -0.442267 0.896884 0
    outer loop
      vertex 54.65 48.8742 34
      vertex 54.4975 48.799 46
      vertex 54.65 48.8742 46
    endloop
  endfacet
  facet normal -0.442267 0.896884 0
    outer loop
      vertex 54.4975 48.799 46
      vertex 54.65 48.8742 34
      vertex 54.4975 48.799 34
    endloop
  endfacet
  facet normal 0.442267 0.896884 -0
    outer loop
      vertex 53.5025 48.799 34
      vertex 53.35 48.8742 46
      vertex 53.5025 48.799 46
    endloop
  endfacet
  facet normal 0.442267 0.896884 0
    outer loop
      vertex 53.35 48.8742 46
      vertex 53.5025 48.799 34
      vertex 53.35 48.8742 34
    endloop
  endfacet
  facet normal -0.659753 0.751483 0
    outer loop
      vertex 54.9192 49.0808 34
      vertex 54.7914 48.9686 46
      vertex 54.9192 49.0808 46
    endloop
  endfacet
  facet normal -0.659753 0.751483 0
    outer loop
      vertex 54.7914 48.9686 46
      vertex 54.9192 49.0808 34
      vertex 54.7914 48.9686 34
    endloop
  endfacet
  facet normal 0.896884 0.442267 0
    outer loop
      vertex 52.8742 49.35 46
      vertex 52.799 49.5025 34
      vertex 52.799 49.5025 46
    endloop
  endfacet
  facet normal 0.896884 0.442267 0
    outer loop
      vertex 52.799 49.5025 34
      vertex 52.8742 49.35 46
      vertex 52.8742 49.35 34
    endloop
  endfacet
  facet normal 0 0 1
    outer loop
      vertex 55.2889 50.1697 34
      vertex 55.2889 49.8303 34
      vertex 55.3 50 34
    endloop
  endfacet
  facet normal 0 0 1
    outer loop
      vertex 55.2557 50.3365 34
      vertex 55.2889 49.8303 34
      vertex 55.2889 50.1697 34
    endloop
  endfacet
  facet normal 0 0 1
    outer loop
      vertex 55.2557 50.3365 34
      vertex 55.2557 49.6635 34
      vertex 55.2889 49.8303 34
    endloop
  endfacet
  facet normal 0 0 1
    outer loop
      vertex 55.201 50.4975 34
      vertex 55.2557 49.6635 34
      vertex 55.2557 50.3365 34
    endloop
  endfacet
  facet normal 0 0 1
    outer loop
      vertex 55.201 50.4975 34
      vertex 55.201 49.5025 34
      vertex 55.2557 49.6635 34
    endloop
  endfacet
  facet normal 0 0 1
    outer loop
      vertex 55.1258 50.65 34
      vertex 55.201 49.5025 34
      vertex 55.201 50.4975 34
    endloop
  endfacet
  facet normal 0 0 1
    outer loop
      vertex 55.1258 50.65 34
      vertex 55.1258 49.35 34
      vertex 55.201 49.5025 34
    endloop
  endfacet
  facet normal 0 0 1
    outer loop
      vertex 55.0314 50.7914 34
      vertex 55.1258 49.35 34
      vertex 55.1258 50.65 34
    endloop
  endfacet
  facet normal 0 0 1
    outer loop
      vertex 55.0314 50.7914 34
      vertex 55.0314 49.2086 34
      vertex 55.1258 49.35 34
    endloop
  endfacet
  facet normal 0 0 1
    outer loop
      vertex 54.9192 50.9192 34
      vertex 55.0314 49.2086 34
      vertex 55.0314 50.7914 34
    endloop
  endfacet
  facet normal 0 0 1
    outer loop
      vertex 54.9192 50.9192 34
      vertex 54.9192 49.0808 34
      vertex 55.0314 49.2086 34
    endloop
  endfacet
  facet normal 0 0 1
    outer loop
      vertex 54.7914 51.0314 34
      vertex 54.9192 49.0808 34
      vertex 54.9192 50.9192 34
    endloop
  endfacet
  facet normal 0 0 1
    outer loop
      vertex 54.7914 51.0314 34
      vertex 54.7914 48.9686 34
      vertex 54.9192 49.0808 34
    endloop
  endfacet
  facet normal 0 0 1
    outer loop
      vertex 54.65 51.1258 34
      vertex 54.7914 48.9686 34
      vertex 54.7914 51.0314 34
    endloop
  endfacet
  facet normal 0 0 1
    outer loop
      vertex 54.65 51.1258 34
      vertex 54.65 48.8742 34
      vertex 54.7914 48.9686 34
    endloop
  endfacet
  facet normal 0 0 1
    outer loop
      vertex 54.4975 51.201 34
      vertex 54.65 48.8742 34
      vertex 54.65 51.1258 34
    endloop
  endfacet
  facet normal 0 0 1
    outer loop
      vertex 54.4975 51.201 34
      vertex 54.4975 48.799 34
      vertex 54.65 48.8742 34
    endloop
  endfacet
  facet normal 0 0 1
    outer loop
      vertex 54.3365 51.2557 34
      vertex 54.4975 48.799 34
      vertex 54.4975 51.201 34
    endloop
  endfacet
  facet normal 0 0 1
    outer loop
      vertex 54.3365 51.2557 34
      vertex 54.3365 48.7443 34
      vertex 54.4975 48.799 34
    endloop
  endfacet
  facet normal 0 0 1
    outer loop
      vertex 54.1697 51.2889 34
      vertex 54.3365 48.7443 34
      vertex 54.3365 51.2557 34
    endloop
  endfacet
  facet normal 0 0 1
    outer loop
      vertex 54.1697 51.2889 34
      vertex 54.1697 48.7111 34
      vertex 54.3365 48.7443 34
    endloop
  endfacet
  facet normal 0 0 1
    outer loop
      vertex 54 51.3 34
      vertex 54.1697 48.7111 34
      vertex 54.1697 51.2889 34
    endloop
  endfacet
  facet normal 0 0 1
    outer loop
      vertex 54 51.3 34
      vertex 54 48.7 34
      vertex 54.1697 48.7111 34
    endloop
  endfacet
  facet normal -0 0 1
    outer loop
      vertex 53.8303 51.2889 34
      vertex 54 48.7 34
      vertex 54 51.3 34
    endloop
  endfacet
  facet normal 0 0 1
    outer loop
      vertex 53.8303 51.2889 34
      vertex 53.8303 48.7111 34
      vertex 54 48.7 34
    endloop
  endfacet
  facet normal -0 0 1
    outer loop
      vertex 53.6635 51.2557 34
      vertex 53.8303 48.7111 34
      vertex 53.8303 51.2889 34
    endloop
  endfacet
  facet normal 0 0 1
    outer loop
      vertex 53.6635 51.2557 34
      vertex 53.6635 48.7443 34
      vertex 53.8303 48.7111 34
    endloop
  endfacet
  facet normal -0 0 1
    outer loop
      vertex 53.5025 51.201 34
      vertex 53.6635 48.7443 34
      vertex 53.6635 51.2557 34
    endloop
  endfacet
  facet normal 0 0 1
    outer loop
      vertex 53.5025 51.201 34
      vertex 53.5025 48.799 34
      vertex 53.6635 48.7443 34
    endloop
  endfacet
  facet normal -0 0 1
    outer loop
      vertex 53.35 51.1258 34
      vertex 53.5025 48.799 34
      vertex 53.5025 51.201 34
    endloop
  endfacet
  facet normal 0 0 1
    outer loop
      vertex 53.35 51.1258 34
      vertex 53.35 48.8742 34
      vertex 53.5025 48.799 34
    endloop
  endfacet
  facet normal -0 0 1
    outer loop
      vertex 53.2086 51.0314 34
      vertex 53.35 48.8742 34
      vertex 53.35 51.1258 34
    endloop
  endfacet
  facet normal 0 0 1
    outer loop
      vertex 53.2086 51.0314 34
      vertex 53.2086 48.9686 34
      vertex 53.35 48.8742 34
    endloop
  endfacet
  facet normal -0 0 1
    outer loop
      vertex 53.0808 50.9192 34
      vertex 53.2086 48.9686 34
      vertex 53.2086 51.0314 34
    endloop
  endfacet
  facet normal 0 0 1
    outer loop
      vertex 53.0808 50.9192 34
      vertex 53.0808 49.0808 34
      vertex 53.2086 48.9686 34
    endloop
  endfacet
  facet normal -0 0 1
    outer loop
      vertex 52.9686 50.7914 34
      vertex 53.0808 49.0808 34
      vertex 53.0808 50.9192 34
    endloop
  endfacet
  facet normal 0 0 1
    outer loop
      vertex 52.9686 50.7914 34
      vertex 52.9686 49.2086 34
      vertex 53.0808 49.0808 34
    endloop
  endfacet
  facet normal -0 0 1
    outer loop
      vertex 52.8742 50.65 34
      vertex 52.9686 49.2086 34
      vertex 52.9686 50.7914 34
    endloop
  endfacet
  facet normal 0 0 1
    outer loop
      vertex 52.8742 50.65 34
      vertex 52.8742 49.35 34
      vertex 52.9686 49.2086 34
    endloop
  endfacet
  facet normal -0 0 1
    outer loop
      vertex 52.799 50.4975 34
      vertex 52.8742 49.35 34
      vertex 52.8742 50.65 34
    endloop
  endfacet
  facet normal 0 0 1
    outer loop
      vertex 52.799 50.4975 34
      vertex 52.799 49.5025 34
      vertex 52.8742 49.35 34
    endloop
  endfacet
  facet normal -0 0 1
    outer loop
      vertex 52.7443 50.3365 34
      vertex 52.799 49.5025 34
      vertex 52.799 50.4975 34
    endloop
  endfacet
  facet normal 0 0 1
    outer loop
      vertex 52.7443 50.3365 34
      vertex 52.7443 49.6635 34
      vertex 52.799 49.5025 34
    endloop
  endfacet
  facet normal -0 0 1
    outer loop
      vertex 52.7111 50.1697 34
      vertex 52.7443 49.6635 34
      vertex 52.7443 50.3365 34
    endloop
  endfacet
  facet normal 0 0 1
    outer loop
      vertex 52.7111 50.1697 34
      vertex 52.7111 49.8303 34
      vertex 52.7443 49.6635 34
    endloop
  endfacet
  facet normal 0 -0 1
    outer loop
      vertex 52.7111 49.8303 34
      vertex 52.7111 50.1697 34
      vertex 52.7 50 34
    endloop
  endfacet
  facet normal 0.555243 0.831688 -0
    outer loop
      vertex 53.35 48.8742 34
      vertex 53.2086 48.9686 46
      vertex 53.35 48.8742 46
    endloop
  endfacet
  facet normal 0.555243 0.831688 0
    outer loop
      vertex 53.2086 48.9686 46
      vertex 53.35 48.8742 34
      vertex 53.2086 48.9686 34
    endloop
  endfacet
  facet normal 0.980757 0.195234 0
    outer loop
      vertex -50.5299 50.4568 46
      vertex -50.6193 50.9059 2.4
      vertex -50.6193 50.9059 46
    endloop
  endfacet
  facet normal 0.980757 0.195234 0
    outer loop
      vertex -50.6193 50.9059 2.4
      vertex -50.5299 50.4568 46
      vertex -50.5299 50.4568 2.4
    endloop
  endfacet
  facet normal 0.997865 0.0653156 0
    outer loop
      vertex -50.5 50 46
      vertex -50.5299 50.4568 2.4
      vertex -50.5299 50.4568 46
    endloop
  endfacet
  facet normal 0.997865 0.0653156 0
    outer loop
      vertex -50.5299 50.4568 2.4
      vertex -50.5 50 46
      vertex -50.5 50 2.4
    endloop
  endfacet
  facet normal 0.321335 -0.946966 0
    outer loop
      vertex -53.0941 46.6193 2.4
      vertex -52.6606 46.7664 46
      vertex -53.0941 46.6193 46
    endloop
  endfacet
  facet normal 0.321335 -0.946966 0
    outer loop
      vertex -52.6606 46.7664 46
      vertex -53.0941 46.6193 2.4
      vertex -52.6606 46.7664 2.4
    endloop
  endfacet
  facet normal 0.831445 0.555607 0
    outer loop
      vertex -50.9689 51.75 46
      vertex -51.2233 52.1307 2.4
      vertex -51.2233 52.1307 46
    endloop
  endfacet
  facet normal 0.831445 0.555607 0
    outer loop
      vertex -51.2233 52.1307 2.4
      vertex -50.9689 51.75 46
      vertex -50.9689 51.75 2.4
    endloop
  endfacet
  facet normal -0.89686 0.442314 0
    outer loop
      vertex -57.2336 51.3394 2.4
      vertex -57.0311 51.75 46
      vertex -57.0311 51.75 2.4
    endloop
  endfacet
  facet normal -0.89686 0.442314 0
    outer loop
      vertex -57.0311 51.75 46
      vertex -57.2336 51.3394 2.4
      vertex -57.2336 51.3394 46
    endloop
  endfacet
  facet normal -0.555607 0.831445 0
    outer loop
      vertex -55.75 53.0311 2.4
      vertex -56.1307 52.7767 46
      vertex -55.75 53.0311 46
    endloop
  endfacet
  facet normal -0.555607 0.831445 0
    outer loop
      vertex -56.1307 52.7767 46
      vertex -55.75 53.0311 2.4
      vertex -56.1307 52.7767 2.4
    endloop
  endfacet
  facet normal -0.659278 0.7519 0
    outer loop
      vertex -56.1307 52.7767 2.4
      vertex -56.4749 52.4749 46
      vertex -56.1307 52.7767 46
    endloop
  endfacet
  facet normal -0.659278 0.7519 0
    outer loop
      vertex -56.4749 52.4749 46
      vertex -56.1307 52.7767 2.4
      vertex -56.4749 52.4749 2.4
    endloop
  endfacet
  facet normal -0.7519 0.659278 0
    outer loop
      vertex -56.7767 52.1307 2.4
      vertex -56.4749 52.4749 46
      vertex -56.4749 52.4749 2.4
    endloop
  endfacet
  facet normal -0.7519 0.659278 0
    outer loop
      vertex -56.4749 52.4749 46
      vertex -56.7767 52.1307 2.4
      vertex -56.7767 52.1307 46
    endloop
  endfacet
  facet normal 0.946966 -0.321335 0
    outer loop
      vertex -50.7664 48.6606 46
      vertex -50.6193 49.0941 2.4
      vertex -50.6193 49.0941 46
    endloop
  endfacet
  facet normal 0.946966 -0.321335 0
    outer loop
      vertex -50.6193 49.0941 2.4
      vertex -50.7664 48.6606 46
      vertex -50.7664 48.6606 2.4
    endloop
  endfacet
  facet normal -0.997865 0.0653156 0
    outer loop
      vertex -57.5 50 2.4
      vertex -57.4701 50.4568 46
      vertex -57.4701 50.4568 2.4
    endloop
  endfacet
  facet normal -0.997865 0.0653156 0
    outer loop
      vertex -57.4701 50.4568 46
      vertex -57.5 50 2.4
      vertex -57.5 50 46
    endloop
  endfacet
  facet normal 0.555607 0.831445 -0
    outer loop
      vertex -51.8693 52.7767 2.4
      vertex -52.25 53.0311 46
      vertex -51.8693 52.7767 46
    endloop
  endfacet
  facet normal 0.555607 0.831445 0
    outer loop
      vertex -52.25 53.0311 46
      vertex -51.8693 52.7767 2.4
      vertex -52.25 53.0311 2.4
    endloop
  endfacet
  facet normal -0.321335 -0.946966 0
    outer loop
      vertex -55.3394 46.7664 2.4
      vertex -54.9059 46.6193 46
      vertex -55.3394 46.7664 46
    endloop
  endfacet
  facet normal -0.321335 -0.946966 -0
    outer loop
      vertex -54.9059 46.6193 46
      vertex -55.3394 46.7664 2.4
      vertex -54.9059 46.6193 2.4
    endloop
  endfacet
  facet normal 0.195234 -0.980757 0
    outer loop
      vertex -53.5432 46.5299 2.4
      vertex -53.0941 46.6193 46
      vertex -53.5432 46.5299 46
    endloop
  endfacet
  facet normal 0.195234 -0.980757 0
    outer loop
      vertex -53.0941 46.6193 46
      vertex -53.5432 46.5299 2.4
      vertex -53.0941 46.6193 2.4
    endloop
  endfacet
  facet normal -0.321335 0.946966 0
    outer loop
      vertex -54.9059 53.3807 2.4
      vertex -55.3394 53.2336 46
      vertex -54.9059 53.3807 46
    endloop
  endfacet
  facet normal -0.321335 0.946966 0
    outer loop
      vertex -55.3394 53.2336 46
      vertex -54.9059 53.3807 2.4
      vertex -55.3394 53.2336 2.4
    endloop
  endfacet
  facet normal -0.831445 -0.555607 0
    outer loop
      vertex -56.7767 47.8693 2.4
      vertex -57.0311 48.25 46
      vertex -57.0311 48.25 2.4
    endloop
  endfacet
  facet normal -0.831445 -0.555607 0
    outer loop
      vertex -57.0311 48.25 46
      vertex -56.7767 47.8693 2.4
      vertex -56.7767 47.8693 46
    endloop
  endfacet
  facet normal 0.555607 -0.831445 0
    outer loop
      vertex -52.25 46.9689 2.4
      vertex -51.8693 47.2233 46
      vertex -52.25 46.9689 46
    endloop
  endfacet
  facet normal 0.555607 -0.831445 0
    outer loop
      vertex -51.8693 47.2233 46
      vertex -52.25 46.9689 2.4
      vertex -51.8693 47.2233 2.4
    endloop
  endfacet
  facet normal -0.946966 0.321335 0
    outer loop
      vertex -57.3807 50.9059 2.4
      vertex -57.2336 51.3394 46
      vertex -57.2336 51.3394 2.4
    endloop
  endfacet
  facet normal -0.946966 0.321335 0
    outer loop
      vertex -57.2336 51.3394 46
      vertex -57.3807 50.9059 2.4
      vertex -57.3807 50.9059 46
    endloop
  endfacet
  facet normal 0.321335 0.946966 -0
    outer loop
      vertex -52.6606 53.2336 2.4
      vertex -53.0941 53.3807 46
      vertex -52.6606 53.2336 46
    endloop
  endfacet
  facet normal 0.321335 0.946966 0
    outer loop
      vertex -53.0941 53.3807 46
      vertex -52.6606 53.2336 2.4
      vertex -53.0941 53.3807 2.4
    endloop
  endfacet
  facet normal 0.0653156 0.997865 -0
    outer loop
      vertex -53.5432 53.4701 2.4
      vertex -54 53.5 46
      vertex -53.5432 53.4701 46
    endloop
  endfacet
  facet normal 0.0653156 0.997865 0
    outer loop
      vertex -54 53.5 46
      vertex -53.5432 53.4701 2.4
      vertex -54 53.5 2.4
    endloop
  endfacet
  facet normal -0.442314 0.89686 0
    outer loop
      vertex -55.3394 53.2336 2.4
      vertex -55.75 53.0311 46
      vertex -55.3394 53.2336 46
    endloop
  endfacet
  facet normal -0.442314 0.89686 0
    outer loop
      vertex -55.75 53.0311 46
      vertex -55.3394 53.2336 2.4
      vertex -55.75 53.0311 2.4
    endloop
  endfacet
  facet normal 0.831445 -0.555607 0
    outer loop
      vertex -51.2233 47.8693 46
      vertex -50.9689 48.25 2.4
      vertex -50.9689 48.25 46
    endloop
  endfacet
  facet normal 0.831445 -0.555607 0
    outer loop
      vertex -50.9689 48.25 2.4
      vertex -51.2233 47.8693 46
      vertex -51.2233 47.8693 2.4
    endloop
  endfacet
  facet normal -0.997865 -0.0653156 0
    outer loop
      vertex -57.4701 49.5432 2.4
      vertex -57.5 50 46
      vertex -57.5 50 2.4
    endloop
  endfacet
  facet normal -0.997865 -0.0653156 0
    outer loop
      vertex -57.5 50 46
      vertex -57.4701 49.5432 2.4
      vertex -57.4701 49.5432 46
    endloop
  endfacet
  facet normal -0.946966 -0.321335 0
    outer loop
      vertex -57.2336 48.6606 2.4
      vertex -57.3807 49.0941 46
      vertex -57.3807 49.0941 2.4
    endloop
  endfacet
  facet normal -0.946966 -0.321335 0
    outer loop
      vertex -57.3807 49.0941 46
      vertex -57.2336 48.6606 2.4
      vertex -57.2336 48.6606 46
    endloop
  endfacet
  facet normal -0.659278 -0.7519 0
    outer loop
      vertex -56.4749 47.5251 2.4
      vertex -56.1307 47.2233 46
      vertex -56.4749 47.5251 46
    endloop
  endfacet
  facet normal -0.659278 -0.7519 -0
    outer loop
      vertex -56.1307 47.2233 46
      vertex -56.4749 47.5251 2.4
      vertex -56.1307 47.2233 2.4
    endloop
  endfacet
  facet normal 0.442314 0.89686 -0
    outer loop
      vertex -52.25 53.0311 2.4
      vertex -52.6606 53.2336 46
      vertex -52.25 53.0311 46
    endloop
  endfacet
  facet normal 0.442314 0.89686 0
    outer loop
      vertex -52.6606 53.2336 46
      vertex -52.25 53.0311 2.4
      vertex -52.6606 53.2336 2.4
    endloop
  endfacet
  facet normal -0.195234 0.980757 0
    outer loop
      vertex -54.4568 53.4701 2.4
      vertex -54.9059 53.3807 46
      vertex -54.4568 53.4701 46
    endloop
  endfacet
  facet normal -0.195234 0.980757 0
    outer loop
      vertex -54.9059 53.3807 46
      vertex -54.4568 53.4701 2.4
      vertex -54.9059 53.3807 2.4
    endloop
  endfacet
  facet normal 0.7519 0.659278 0
    outer loop
      vertex -51.2233 52.1307 46
      vertex -51.5251 52.4749 2.4
      vertex -51.5251 52.4749 46
    endloop
  endfacet
  facet normal 0.7519 0.659278 0
    outer loop
      vertex -51.5251 52.4749 2.4
      vertex -51.2233 52.1307 46
      vertex -51.2233 52.1307 2.4
    endloop
  endfacet
  facet normal 0.195234 0.980757 -0
    outer loop
      vertex -53.0941 53.3807 2.4
      vertex -53.5432 53.4701 46
      vertex -53.0941 53.3807 46
    endloop
  endfacet
  facet normal 0.195234 0.980757 0
    outer loop
      vertex -53.5432 53.4701 46
      vertex -53.0941 53.3807 2.4
      vertex -53.5432 53.4701 2.4
    endloop
  endfacet
  facet normal 0.7519 -0.659278 0
    outer loop
      vertex -51.5251 47.5251 46
      vertex -51.2233 47.8693 2.4
      vertex -51.2233 47.8693 46
    endloop
  endfacet
  facet normal 0.7519 -0.659278 0
    outer loop
      vertex -51.2233 47.8693 2.4
      vertex -51.5251 47.5251 46
      vertex -51.5251 47.5251 2.4
    endloop
  endfacet
  facet normal -0.442314 -0.89686 0
    outer loop
      vertex -55.75 46.9689 2.4
      vertex -55.3394 46.7664 46
      vertex -55.75 46.9689 46
    endloop
  endfacet
  facet normal -0.442314 -0.89686 -0
    outer loop
      vertex -55.3394 46.7664 46
      vertex -55.75 46.9689 2.4
      vertex -55.3394 46.7664 2.4
    endloop
  endfacet
  facet normal -0.980757 0.195234 0
    outer loop
      vertex -57.4701 50.4568 2.4
      vertex -57.3807 50.9059 46
      vertex -57.3807 50.9059 2.4
    endloop
  endfacet
  facet normal -0.980757 0.195234 0
    outer loop
      vertex -57.3807 50.9059 46
      vertex -57.4701 50.4568 2.4
      vertex -57.4701 50.4568 46
    endloop
  endfacet
  facet normal 0.0653156 -0.997865 0
    outer loop
      vertex -54 46.5 2.4
      vertex -53.5432 46.5299 46
      vertex -54 46.5 46
    endloop
  endfacet
  facet normal 0.0653156 -0.997865 0
    outer loop
      vertex -53.5432 46.5299 46
      vertex -54 46.5 2.4
      vertex -53.5432 46.5299 2.4
    endloop
  endfacet
  facet normal 0.442314 -0.89686 0
    outer loop
      vertex -52.6606 46.7664 2.4
      vertex -52.25 46.9689 46
      vertex -52.6606 46.7664 46
    endloop
  endfacet
  facet normal 0.442314 -0.89686 0
    outer loop
      vertex -52.25 46.9689 46
      vertex -52.6606 46.7664 2.4
      vertex -52.25 46.9689 2.4
    endloop
  endfacet
  facet normal 0.659278 -0.7519 0
    outer loop
      vertex -51.8693 47.2233 2.4
      vertex -51.5251 47.5251 46
      vertex -51.8693 47.2233 46
    endloop
  endfacet
  facet normal 0.659278 -0.7519 0
    outer loop
      vertex -51.5251 47.5251 46
      vertex -51.8693 47.2233 2.4
      vertex -51.5251 47.5251 2.4
    endloop
  endfacet
  facet normal -0.89686 -0.442314 0
    outer loop
      vertex -57.0311 48.25 2.4
      vertex -57.2336 48.6606 46
      vertex -57.2336 48.6606 2.4
    endloop
  endfacet
  facet normal -0.89686 -0.442314 0
    outer loop
      vertex -57.2336 48.6606 46
      vertex -57.0311 48.25 2.4
      vertex -57.0311 48.25 46
    endloop
  endfacet
  facet normal 0.89686 -0.442314 0
    outer loop
      vertex -50.9689 48.25 46
      vertex -50.7664 48.6606 2.4
      vertex -50.7664 48.6606 46
    endloop
  endfacet
  facet normal 0.89686 -0.442314 0
    outer loop
      vertex -50.7664 48.6606 2.4
      vertex -50.9689 48.25 46
      vertex -50.9689 48.25 2.4
    endloop
  endfacet
  facet normal 0.659278 0.7519 -0
    outer loop
      vertex -51.5251 52.4749 2.4
      vertex -51.8693 52.7767 46
      vertex -51.5251 52.4749 46
    endloop
  endfacet
  facet normal 0.659278 0.7519 0
    outer loop
      vertex -51.8693 52.7767 46
      vertex -51.5251 52.4749 2.4
      vertex -51.8693 52.7767 2.4
    endloop
  endfacet
  facet normal 0.997865 -0.0653156 0
    outer loop
      vertex -50.5299 49.5432 46
      vertex -50.5 50 2.4
      vertex -50.5 50 46
    endloop
  endfacet
  facet normal 0.997865 -0.0653156 0
    outer loop
      vertex -50.5 50 2.4
      vertex -50.5299 49.5432 46
      vertex -50.5299 49.5432 2.4
    endloop
  endfacet
  facet normal -0.555607 -0.831445 0
    outer loop
      vertex -56.1307 47.2233 2.4
      vertex -55.75 46.9689 46
      vertex -56.1307 47.2233 46
    endloop
  endfacet
  facet normal -0.555607 -0.831445 -0
    outer loop
      vertex -55.75 46.9689 46
      vertex -56.1307 47.2233 2.4
      vertex -55.75 46.9689 2.4
    endloop
  endfacet
  facet normal 0.89686 0.442314 0
    outer loop
      vertex -50.7664 51.3394 46
      vertex -50.9689 51.75 2.4
      vertex -50.9689 51.75 46
    endloop
  endfacet
  facet normal 0.89686 0.442314 0
    outer loop
      vertex -50.9689 51.75 2.4
      vertex -50.7664 51.3394 46
      vertex -50.7664 51.3394 2.4
    endloop
  endfacet
  facet normal 0.980757 -0.195234 0
    outer loop
      vertex -50.6193 49.0941 46
      vertex -50.5299 49.5432 2.4
      vertex -50.5299 49.5432 46
    endloop
  endfacet
  facet normal 0.980757 -0.195234 0
    outer loop
      vertex -50.5299 49.5432 2.4
      vertex -50.6193 49.0941 46
      vertex -50.6193 49.0941 2.4
    endloop
  endfacet
  facet normal 0.946966 0.321335 0
    outer loop
      vertex -50.6193 50.9059 46
      vertex -50.7664 51.3394 2.4
      vertex -50.7664 51.3394 46
    endloop
  endfacet
  facet normal 0.946966 0.321335 0
    outer loop
      vertex -50.7664 51.3394 2.4
      vertex -50.6193 50.9059 46
      vertex -50.6193 50.9059 2.4
    endloop
  endfacet
  facet normal -0.0653156 0.997865 0
    outer loop
      vertex -54 53.5 2.4
      vertex -54.4568 53.4701 46
      vertex -54 53.5 46
    endloop
  endfacet
  facet normal -0.0653156 0.997865 0
    outer loop
      vertex -54.4568 53.4701 46
      vertex -54 53.5 2.4
      vertex -54.4568 53.4701 2.4
    endloop
  endfacet
  facet normal -0.980757 -0.195234 0
    outer loop
      vertex -57.3807 49.0941 2.4
      vertex -57.4701 49.5432 46
      vertex -57.4701 49.5432 2.4
    endloop
  endfacet
  facet normal -0.980757 -0.195234 0
    outer loop
      vertex -57.4701 49.5432 46
      vertex -57.3807 49.0941 2.4
      vertex -57.3807 49.0941 46
    endloop
  endfacet
  facet normal -0.7519 -0.659278 0
    outer loop
      vertex -56.4749 47.5251 2.4
      vertex -56.7767 47.8693 46
      vertex -56.7767 47.8693 2.4
    endloop
  endfacet
  facet normal -0.7519 -0.659278 0
    outer loop
      vertex -56.7767 47.8693 46
      vertex -56.4749 47.5251 2.4
      vertex -56.4749 47.5251 46
    endloop
  endfacet
  facet normal 0 0 1
    outer loop
      vertex -52.7 50 46
      vertex -50.5 50 46
      vertex -50.5299 50.4568 46
    endloop
  endfacet
  facet normal 0 0 1
    outer loop
      vertex -52.7111 50.1697 46
      vertex -50.5299 50.4568 46
      vertex -50.6193 50.9059 46
    endloop
  endfacet
  facet normal 0 0 1
    outer loop
      vertex -50.5 50 46
      vertex -52.7 50 46
      vertex -50.5299 49.5432 46
    endloop
  endfacet
  facet normal 0 0 1
    outer loop
      vertex -52.7443 50.3365 46
      vertex -50.6193 50.9059 46
      vertex -50.7664 51.3394 46
    endloop
  endfacet
  facet normal -0 0 1
    outer loop
      vertex -52.7111 49.8303 46
      vertex -50.5299 49.5432 46
      vertex -52.7 50 46
    endloop
  endfacet
  facet normal 0 0 1
    outer loop
      vertex -52.799 50.4975 46
      vertex -50.7664 51.3394 46
      vertex -50.9689 51.75 46
    endloop
  endfacet
  facet normal 0 0 1
    outer loop
      vertex -50.5299 49.5432 46
      vertex -52.7111 49.8303 46
      vertex -50.6193 49.0941 46
    endloop
  endfacet
  facet normal 0 0 1
    outer loop
      vertex -52.8742 50.65 46
      vertex -50.9689 51.75 46
      vertex -51.2233 52.1307 46
    endloop
  endfacet
  facet normal -0 0 1
    outer loop
      vertex -52.7443 49.6635 46
      vertex -50.6193 49.0941 46
      vertex -52.7111 49.8303 46
    endloop
  endfacet
  facet normal 0 0 1
    outer loop
      vertex -52.9686 50.7914 46
      vertex -51.2233 52.1307 46
      vertex -51.5251 52.4749 46
    endloop
  endfacet
  facet normal 0 0 1
    outer loop
      vertex -50.6193 49.0941 46
      vertex -52.7443 49.6635 46
      vertex -50.7664 48.6606 46
    endloop
  endfacet
  facet normal 0 0 1
    outer loop
      vertex -53.0808 50.9192 46
      vertex -51.5251 52.4749 46
      vertex -51.8693 52.7767 46
    endloop
  endfacet
  facet normal -0 0 1
    outer loop
      vertex -52.799 49.5025 46
      vertex -50.7664 48.6606 46
      vertex -52.7443 49.6635 46
    endloop
  endfacet
  facet normal 0 0 1
    outer loop
      vertex -53.2086 51.0314 46
      vertex -51.8693 52.7767 46
      vertex -52.25 53.0311 46
    endloop
  endfacet
  facet normal 0 0 1
    outer loop
      vertex -50.7664 48.6606 46
      vertex -52.799 49.5025 46
      vertex -50.9689 48.25 46
    endloop
  endfacet
  facet normal 0 0 1
    outer loop
      vertex -53.35 51.1258 46
      vertex -52.25 53.0311 46
      vertex -52.6606 53.2336 46
    endloop
  endfacet
  facet normal -0 0 1
    outer loop
      vertex -52.8742 49.35 46
      vertex -50.9689 48.25 46
      vertex -52.799 49.5025 46
    endloop
  endfacet
  facet normal 0 0 1
    outer loop
      vertex -50.9689 48.25 46
      vertex -52.8742 49.35 46
      vertex -51.2233 47.8693 46
    endloop
  endfacet
  facet normal 0 0 1
    outer loop
      vertex -50.5299 50.4568 46
      vertex -52.7111 50.1697 46
      vertex -52.7 50 46
    endloop
  endfacet
  facet normal 0 0 1
    outer loop
      vertex -50.6193 50.9059 46
      vertex -52.7443 50.3365 46
      vertex -52.7111 50.1697 46
    endloop
  endfacet
  facet normal 0 0 1
    outer loop
      vertex -50.7664 51.3394 46
      vertex -52.799 50.4975 46
      vertex -52.7443 50.3365 46
    endloop
  endfacet
  facet normal 0 0 1
    outer loop
      vertex -50.9689 51.75 46
      vertex -52.8742 50.65 46
      vertex -52.799 50.4975 46
    endloop
  endfacet
  facet normal 0 0 1
    outer loop
      vertex -51.2233 52.1307 46
      vertex -52.9686 50.7914 46
      vertex -52.8742 50.65 46
    endloop
  endfacet
  facet normal 0 0 1
    outer loop
      vertex -51.5251 52.4749 46
      vertex -53.0808 50.9192 46
      vertex -52.9686 50.7914 46
    endloop
  endfacet
  facet normal 0 0 1
    outer loop
      vertex -53.5025 51.201 46
      vertex -52.6606 53.2336 46
      vertex -53.0941 53.3807 46
    endloop
  endfacet
  facet normal 0 0 1
    outer loop
      vertex -51.8693 52.7767 46
      vertex -53.2086 51.0314 46
      vertex -53.0808 50.9192 46
    endloop
  endfacet
  facet normal 0 0 1
    outer loop
      vertex -52.25 53.0311 46
      vertex -53.35 51.1258 46
      vertex -53.2086 51.0314 46
    endloop
  endfacet
  facet normal 0 0 1
    outer loop
      vertex -52.6606 53.2336 46
      vertex -53.5025 51.201 46
      vertex -53.35 51.1258 46
    endloop
  endfacet
  facet normal 0 0 1
    outer loop
      vertex -53.6635 51.2557 46
      vertex -53.0941 53.3807 46
      vertex -53.5432 53.4701 46
    endloop
  endfacet
  facet normal 0 0 1
    outer loop
      vertex -53.0941 53.3807 46
      vertex -53.6635 51.2557 46
      vertex -53.5025 51.201 46
    endloop
  endfacet
  facet normal 0 0 1
    outer loop
      vertex -53.5432 53.4701 46
      vertex -53.8303 51.2889 46
      vertex -53.6635 51.2557 46
    endloop
  endfacet
  facet normal 0 0 1
    outer loop
      vertex -54 53.5 46
      vertex -53.8303 51.2889 46
      vertex -53.5432 53.4701 46
    endloop
  endfacet
  facet normal 0 0 1
    outer loop
      vertex -54 53.5 46
      vertex -54 51.3 46
      vertex -53.8303 51.2889 46
    endloop
  endfacet
  facet normal 0 0 1
    outer loop
      vertex -54 53.5 46
      vertex -54.1697 51.2889 46
      vertex -54 51.3 46
    endloop
  endfacet
  facet normal -0 0 1
    outer loop
      vertex -54.4568 53.4701 46
      vertex -54.1697 51.2889 46
      vertex -54 53.5 46
    endloop
  endfacet
  facet normal 0 0 1
    outer loop
      vertex -54.1697 51.2889 46
      vertex -54.4568 53.4701 46
      vertex -54.3365 51.2557 46
    endloop
  endfacet
  facet normal -0 0 1
    outer loop
      vertex -54.9059 53.3807 46
      vertex -54.3365 51.2557 46
      vertex -54.4568 53.4701 46
    endloop
  endfacet
  facet normal 0 0 1
    outer loop
      vertex -54.3365 51.2557 46
      vertex -54.9059 53.3807 46
      vertex -54.4975 51.201 46
    endloop
  endfacet
  facet normal -0 0 1
    outer loop
      vertex -55.3394 53.2336 46
      vertex -54.4975 51.201 46
      vertex -54.9059 53.3807 46
    endloop
  endfacet
  facet normal 0 0 1
    outer loop
      vertex -54.4975 51.201 46
      vertex -55.3394 53.2336 46
      vertex -54.65 51.1258 46
    endloop
  endfacet
  facet normal -0 0 1
    outer loop
      vertex -55.75 53.0311 46
      vertex -54.65 51.1258 46
      vertex -55.3394 53.2336 46
    endloop
  endfacet
  facet normal 0 0 1
    outer loop
      vertex -54.65 51.1258 46
      vertex -55.75 53.0311 46
      vertex -54.7914 51.0314 46
    endloop
  endfacet
  facet normal -0 0 1
    outer loop
      vertex -56.1307 52.7767 46
      vertex -54.7914 51.0314 46
      vertex -55.75 53.0311 46
    endloop
  endfacet
  facet normal 0 0 1
    outer loop
      vertex -54.7914 51.0314 46
      vertex -56.1307 52.7767 46
      vertex -54.9192 50.9192 46
    endloop
  endfacet
  facet normal -0 0 1
    outer loop
      vertex -56.4749 52.4749 46
      vertex -54.9192 50.9192 46
      vertex -56.1307 52.7767 46
    endloop
  endfacet
  facet normal 0 0 1
    outer loop
      vertex -54.9192 50.9192 46
      vertex -56.4749 52.4749 46
      vertex -55.0314 50.7914 46
    endloop
  endfacet
  facet normal 0 0 1
    outer loop
      vertex -55.0314 50.7914 46
      vertex -56.7767 52.1307 46
      vertex -55.1258 50.65 46
    endloop
  endfacet
  facet normal -0 0 1
    outer loop
      vertex -56.7767 52.1307 46
      vertex -55.0314 50.7914 46
      vertex -56.4749 52.4749 46
    endloop
  endfacet
  facet normal -0 0 1
    outer loop
      vertex -52.9686 49.2086 46
      vertex -51.2233 47.8693 46
      vertex -52.8742 49.35 46
    endloop
  endfacet
  facet normal 0 0 1
    outer loop
      vertex -51.2233 47.8693 46
      vertex -52.9686 49.2086 46
      vertex -51.5251 47.5251 46
    endloop
  endfacet
  facet normal -0 0 1
    outer loop
      vertex -53.0808 49.0808 46
      vertex -51.5251 47.5251 46
      vertex -52.9686 49.2086 46
    endloop
  endfacet
  facet normal 0 0 1
    outer loop
      vertex -51.5251 47.5251 46
      vertex -53.0808 49.0808 46
      vertex -51.8693 47.2233 46
    endloop
  endfacet
  facet normal -0 0 1
    outer loop
      vertex -53.2086 48.9686 46
      vertex -51.8693 47.2233 46
      vertex -53.0808 49.0808 46
    endloop
  endfacet
  facet normal 0 0 1
    outer loop
      vertex -51.8693 47.2233 46
      vertex -53.2086 48.9686 46
      vertex -52.25 46.9689 46
    endloop
  endfacet
  facet normal -0 0 1
    outer loop
      vertex -53.35 48.8742 46
      vertex -52.25 46.9689 46
      vertex -53.2086 48.9686 46
    endloop
  endfacet
  facet normal 0 0 1
    outer loop
      vertex -52.25 46.9689 46
      vertex -53.35 48.8742 46
      vertex -52.6606 46.7664 46
    endloop
  endfacet
  facet normal -0 0 1
    outer loop
      vertex -53.5025 48.799 46
      vertex -52.6606 46.7664 46
      vertex -53.35 48.8742 46
    endloop
  endfacet
  facet normal 0 0 1
    outer loop
      vertex -52.6606 46.7664 46
      vertex -53.5025 48.799 46
      vertex -53.0941 46.6193 46
    endloop
  endfacet
  facet normal -0 0 1
    outer loop
      vertex -53.6635 48.7443 46
      vertex -53.0941 46.6193 46
      vertex -53.5025 48.799 46
    endloop
  endfacet
  facet normal 0 0 1
    outer loop
      vertex -53.0941 46.6193 46
      vertex -53.6635 48.7443 46
      vertex -53.5432 46.5299 46
    endloop
  endfacet
  facet normal -0 0 1
    outer loop
      vertex -53.8303 48.7111 46
      vertex -53.5432 46.5299 46
      vertex -53.6635 48.7443 46
    endloop
  endfacet
  facet normal -0 0 1
    outer loop
      vertex -54 48.7 46
      vertex -53.5432 46.5299 46
      vertex -53.8303 48.7111 46
    endloop
  endfacet
  facet normal 0 0 1
    outer loop
      vertex -54 48.7 46
      vertex -54 46.5 46
      vertex -53.5432 46.5299 46
    endloop
  endfacet
  facet normal 0 0 1
    outer loop
      vertex -54.1697 48.7111 46
      vertex -54 46.5 46
      vertex -54 48.7 46
    endloop
  endfacet
  facet normal 0 0 1
    outer loop
      vertex -54.4568 46.5299 46
      vertex -54.1697 48.7111 46
      vertex -54.3365 48.7443 46
    endloop
  endfacet
  facet normal 0 0 1
    outer loop
      vertex -54.1697 48.7111 46
      vertex -54.4568 46.5299 46
      vertex -54 46.5 46
    endloop
  endfacet
  facet normal 0 0 1
    outer loop
      vertex -54.9059 46.6193 46
      vertex -54.3365 48.7443 46
      vertex -54.4975 48.799 46
    endloop
  endfacet
  facet normal 0 0 1
    outer loop
      vertex -55.3394 46.7664 46
      vertex -54.4975 48.799 46
      vertex -54.65 48.8742 46
    endloop
  endfacet
  facet normal 0 0 1
    outer loop
      vertex -55.75 46.9689 46
      vertex -54.65 48.8742 46
      vertex -54.7914 48.9686 46
    endloop
  endfacet
  facet normal 0 0 1
    outer loop
      vertex -54.3365 48.7443 46
      vertex -54.9059 46.6193 46
      vertex -54.4568 46.5299 46
    endloop
  endfacet
  facet normal 0 0 1
    outer loop
      vertex -56.1307 47.2233 46
      vertex -54.7914 48.9686 46
      vertex -54.9192 49.0808 46
    endloop
  endfacet
  facet normal 0 0 1
    outer loop
      vertex -56.4749 47.5251 46
      vertex -54.9192 49.0808 46
      vertex -55.0314 49.2086 46
    endloop
  endfacet
  facet normal 0 0 1
    outer loop
      vertex -56.7767 47.8693 46
      vertex -55.0314 49.2086 46
      vertex -55.1258 49.35 46
    endloop
  endfacet
  facet normal 0 0 1
    outer loop
      vertex -57.0311 48.25 46
      vertex -55.1258 49.35 46
      vertex -55.201 49.5025 46
    endloop
  endfacet
  facet normal 0 0 1
    outer loop
      vertex -57.2336 48.6606 46
      vertex -55.201 49.5025 46
      vertex -55.2557 49.6635 46
    endloop
  endfacet
  facet normal 0 0 1
    outer loop
      vertex -57.3807 49.0941 46
      vertex -55.2557 49.6635 46
      vertex -55.2889 49.8303 46
    endloop
  endfacet
  facet normal 0 0 1
    outer loop
      vertex -54.4975 48.799 46
      vertex -55.3394 46.7664 46
      vertex -54.9059 46.6193 46
    endloop
  endfacet
  facet normal 0 0 1
    outer loop
      vertex -57.4701 49.5432 46
      vertex -55.2889 49.8303 46
      vertex -55.3 50 46
    endloop
  endfacet
  facet normal -0 0 1
    outer loop
      vertex -57.0311 51.75 46
      vertex -55.1258 50.65 46
      vertex -56.7767 52.1307 46
    endloop
  endfacet
  facet normal 0 0 1
    outer loop
      vertex -55.1258 50.65 46
      vertex -57.0311 51.75 46
      vertex -55.201 50.4975 46
    endloop
  endfacet
  facet normal 0 0 1
    outer loop
      vertex -54.65 48.8742 46
      vertex -55.75 46.9689 46
      vertex -55.3394 46.7664 46
    endloop
  endfacet
  facet normal -0 0 1
    outer loop
      vertex -57.2336 51.3394 46
      vertex -55.201 50.4975 46
      vertex -57.0311 51.75 46
    endloop
  endfacet
  facet normal 0 0 1
    outer loop
      vertex -54.7914 48.9686 46
      vertex -56.1307 47.2233 46
      vertex -55.75 46.9689 46
    endloop
  endfacet
  facet normal 0 0 1
    outer loop
      vertex -55.201 50.4975 46
      vertex -57.2336 51.3394 46
      vertex -55.2557 50.3365 46
    endloop
  endfacet
  facet normal 0 0 1
    outer loop
      vertex -54.9192 49.0808 46
      vertex -56.4749 47.5251 46
      vertex -56.1307 47.2233 46
    endloop
  endfacet
  facet normal -0 0 1
    outer loop
      vertex -57.3807 50.9059 46
      vertex -55.2557 50.3365 46
      vertex -57.2336 51.3394 46
    endloop
  endfacet
  facet normal 0 0 1
    outer loop
      vertex -55.0314 49.2086 46
      vertex -56.7767 47.8693 46
      vertex -56.4749 47.5251 46
    endloop
  endfacet
  facet normal 0 0 1
    outer loop
      vertex -55.2557 50.3365 46
      vertex -57.3807 50.9059 46
      vertex -55.2889 50.1697 46
    endloop
  endfacet
  facet normal 0 0 1
    outer loop
      vertex -55.1258 49.35 46
      vertex -57.0311 48.25 46
      vertex -56.7767 47.8693 46
    endloop
  endfacet
  facet normal -0 0 1
    outer loop
      vertex -57.4701 50.4568 46
      vertex -55.2889 50.1697 46
      vertex -57.3807 50.9059 46
    endloop
  endfacet
  facet normal 0 0 1
    outer loop
      vertex -55.201 49.5025 46
      vertex -57.2336 48.6606 46
      vertex -57.0311 48.25 46
    endloop
  endfacet
  facet normal 0 0 1
    outer loop
      vertex -55.2889 50.1697 46
      vertex -57.4701 50.4568 46
      vertex -55.3 50 46
    endloop
  endfacet
  facet normal 0 0 1
    outer loop
      vertex -55.2557 49.6635 46
      vertex -57.3807 49.0941 46
      vertex -57.2336 48.6606 46
    endloop
  endfacet
  facet normal 0 0 1
    outer loop
      vertex -57.5 50 46
      vertex -55.3 50 46
      vertex -57.4701 50.4568 46
    endloop
  endfacet
  facet normal 0 0 1
    outer loop
      vertex -55.2889 49.8303 46
      vertex -57.4701 49.5432 46
      vertex -57.3807 49.0941 46
    endloop
  endfacet
  facet normal 0 0 1
    outer loop
      vertex -55.3 50 46
      vertex -57.5 50 46
      vertex -57.4701 49.5432 46
    endloop
  endfacet
  facet normal -0.195234 -0.980757 0
    outer loop
      vertex -54.9059 46.6193 2.4
      vertex -54.4568 46.5299 46
      vertex -54.9059 46.6193 46
    endloop
  endfacet
  facet normal -0.195234 -0.980757 -0
    outer loop
      vertex -54.4568 46.5299 46
      vertex -54.9059 46.6193 2.4
      vertex -54.4568 46.5299 2.4
    endloop
  endfacet
  facet normal -0.831445 0.555607 0
    outer loop
      vertex -57.0311 51.75 2.4
      vertex -56.7767 52.1307 46
      vertex -56.7767 52.1307 2.4
    endloop
  endfacet
  facet normal -0.831445 0.555607 0
    outer loop
      vertex -56.7767 52.1307 46
      vertex -57.0311 51.75 2.4
      vertex -57.0311 51.75 46
    endloop
  endfacet
  facet normal -0.0653156 -0.997865 0
    outer loop
      vertex -54.4568 46.5299 2.4
      vertex -54 46.5 46
      vertex -54.4568 46.5299 46
    endloop
  endfacet
  facet normal -0.0653156 -0.997865 -0
    outer loop
      vertex -54 46.5 46
      vertex -54.4568 46.5299 2.4
      vertex -54 46.5 2.4
    endloop
  endfacet
  facet normal -0.980761 -0.195211 0
    outer loop
      vertex -52.7111 50.1697 34
      vertex -52.7443 50.3365 46
      vertex -52.7443 50.3365 34
    endloop
  endfacet
  facet normal -0.980761 -0.195211 0
    outer loop
      vertex -52.7443 50.3365 46
      vertex -52.7111 50.1697 34
      vertex -52.7111 50.1697 46
    endloop
  endfacet
  facet normal -0.997868 -0.0652701 0
    outer loop
      vertex -52.7 50 34
      vertex -52.7111 50.1697 46
      vertex -52.7111 50.1697 34
    endloop
  endfacet
  facet normal -0.997868 -0.0652701 0
    outer loop
      vertex -52.7111 50.1697 46
      vertex -52.7 50 34
      vertex -52.7 50 46
    endloop
  endfacet
  facet normal -0.946844 -0.321692 0
    outer loop
      vertex -52.7443 50.3365 34
      vertex -52.799 50.4975 46
      vertex -52.799 50.4975 34
    endloop
  endfacet
  facet normal -0.946844 -0.321692 0
    outer loop
      vertex -52.799 50.4975 46
      vertex -52.7443 50.3365 34
      vertex -52.7443 50.3365 46
    endloop
  endfacet
  facet normal 0.195211 0.980761 -0
    outer loop
      vertex -54.1697 48.7111 34
      vertex -54.3365 48.7443 46
      vertex -54.1697 48.7111 46
    endloop
  endfacet
  facet normal 0.195211 0.980761 0
    outer loop
      vertex -54.3365 48.7443 46
      vertex -54.1697 48.7111 34
      vertex -54.3365 48.7443 34
    endloop
  endfacet
  facet normal -0.442267 -0.896884 0
    outer loop
      vertex -53.5025 51.201 34
      vertex -53.35 51.1258 46
      vertex -53.5025 51.201 46
    endloop
  endfacet
  facet normal -0.442267 -0.896884 -0
    outer loop
      vertex -53.35 51.1258 46
      vertex -53.5025 51.201 34
      vertex -53.35 51.1258 34
    endloop
  endfacet
  facet normal -0.896884 -0.442267 0
    outer loop
      vertex -52.799 50.4975 34
      vertex -52.8742 50.65 46
      vertex -52.8742 50.65 34
    endloop
  endfacet
  facet normal -0.896884 -0.442267 0
    outer loop
      vertex -52.8742 50.65 46
      vertex -52.799 50.4975 34
      vertex -52.799 50.4975 46
    endloop
  endfacet
  facet normal -0.831688 -0.555243 0
    outer loop
      vertex -52.8742 50.65 34
      vertex -52.9686 50.7914 46
      vertex -52.9686 50.7914 34
    endloop
  endfacet
  facet normal -0.831688 -0.555243 0
    outer loop
      vertex -52.9686 50.7914 46
      vertex -52.8742 50.65 34
      vertex -52.8742 50.65 46
    endloop
  endfacet
  facet normal -0.751483 0.659753 0
    outer loop
      vertex -53.0808 49.0808 34
      vertex -52.9686 49.2086 46
      vertex -52.9686 49.2086 34
    endloop
  endfacet
  facet normal -0.751483 0.659753 0
    outer loop
      vertex -52.9686 49.2086 46
      vertex -53.0808 49.0808 34
      vertex -53.0808 49.0808 46
    endloop
  endfacet
  facet normal 0.442267 -0.896884 0
    outer loop
      vertex -54.65 51.1258 34
      vertex -54.4975 51.201 46
      vertex -54.65 51.1258 46
    endloop
  endfacet
  facet normal 0.442267 -0.896884 0
    outer loop
      vertex -54.4975 51.201 46
      vertex -54.65 51.1258 34
      vertex -54.4975 51.201 34
    endloop
  endfacet
  facet normal 0.997868 0.0652701 0
    outer loop
      vertex -55.2889 49.8303 46
      vertex -55.3 50 34
      vertex -55.3 50 46
    endloop
  endfacet
  facet normal 0.997868 0.0652701 0
    outer loop
      vertex -55.3 50 34
      vertex -55.2889 49.8303 46
      vertex -55.2889 49.8303 34
    endloop
  endfacet
  facet normal -0.896884 0.442267 0
    outer loop
      vertex -52.8742 49.35 34
      vertex -52.799 49.5025 46
      vertex -52.799 49.5025 34
    endloop
  endfacet
  facet normal -0.896884 0.442267 0
    outer loop
      vertex -52.799 49.5025 46
      vertex -52.8742 49.35 34
      vertex -52.8742 49.35 46
    endloop
  endfacet
  facet normal 0.659753 -0.751483 0
    outer loop
      vertex -54.9192 50.9192 34
      vertex -54.7914 51.0314 46
      vertex -54.9192 50.9192 46
    endloop
  endfacet
  facet normal 0.659753 -0.751483 0
    outer loop
      vertex -54.7914 51.0314 46
      vertex -54.9192 50.9192 34
      vertex -54.7914 51.0314 34
    endloop
  endfacet
  facet normal -0.751483 -0.659753 0
    outer loop
      vertex -52.9686 50.7914 34
      vertex -53.0808 50.9192 46
      vertex -53.0808 50.9192 34
    endloop
  endfacet
  facet normal -0.751483 -0.659753 0
    outer loop
      vertex -53.0808 50.9192 46
      vertex -52.9686 50.7914 34
      vertex -52.9686 50.7914 46
    endloop
  endfacet
  facet normal -0.980761 0.195211 0
    outer loop
      vertex -52.7443 49.6635 34
      vertex -52.7111 49.8303 46
      vertex -52.7111 49.8303 34
    endloop
  endfacet
  facet normal -0.980761 0.195211 0
    outer loop
      vertex -52.7111 49.8303 46
      vertex -52.7443 49.6635 34
      vertex -52.7443 49.6635 46
    endloop
  endfacet
  facet normal -0.946844 0.321692 0
    outer loop
      vertex -52.799 49.5025 34
      vertex -52.7443 49.6635 46
      vertex -52.7443 49.6635 34
    endloop
  endfacet
  facet normal -0.946844 0.321692 0
    outer loop
      vertex -52.7443 49.6635 46
      vertex -52.799 49.5025 34
      vertex -52.799 49.5025 46
    endloop
  endfacet
  facet normal 0.980761 0.195211 0
    outer loop
      vertex -55.2557 49.6635 46
      vertex -55.2889 49.8303 34
      vertex -55.2889 49.8303 46
    endloop
  endfacet
  facet normal 0.980761 0.195211 0
    outer loop
      vertex -55.2889 49.8303 34
      vertex -55.2557 49.6635 46
      vertex -55.2557 49.6635 34
    endloop
  endfacet
  facet normal 0.751483 0.659753 0
    outer loop
      vertex -54.9192 49.0808 46
      vertex -55.0314 49.2086 34
      vertex -55.0314 49.2086 46
    endloop
  endfacet
  facet normal 0.751483 0.659753 0
    outer loop
      vertex -55.0314 49.2086 34
      vertex -54.9192 49.0808 46
      vertex -54.9192 49.0808 34
    endloop
  endfacet
  facet normal -0.555243 -0.831688 0
    outer loop
      vertex -53.35 51.1258 34
      vertex -53.2086 51.0314 46
      vertex -53.35 51.1258 46
    endloop
  endfacet
  facet normal -0.555243 -0.831688 -0
    outer loop
      vertex -53.2086 51.0314 46
      vertex -53.35 51.1258 34
      vertex -53.2086 51.0314 34
    endloop
  endfacet
  facet normal -0.831688 0.555243 0
    outer loop
      vertex -52.9686 49.2086 34
      vertex -52.8742 49.35 46
      vertex -52.8742 49.35 34
    endloop
  endfacet
  facet normal -0.831688 0.555243 0
    outer loop
      vertex -52.8742 49.35 46
      vertex -52.9686 49.2086 34
      vertex -52.9686 49.2086 46
    endloop
  endfacet
  facet normal -0.321692 0.946844 0
    outer loop
      vertex -53.5025 48.799 34
      vertex -53.6635 48.7443 46
      vertex -53.5025 48.799 46
    endloop
  endfacet
  facet normal -0.321692 0.946844 0
    outer loop
      vertex -53.6635 48.7443 46
      vertex -53.5025 48.799 34
      vertex -53.6635 48.7443 34
    endloop
  endfacet
  facet normal 0.555243 -0.831688 0
    outer loop
      vertex -54.7914 51.0314 34
      vertex -54.65 51.1258 46
      vertex -54.7914 51.0314 46
    endloop
  endfacet
  facet normal 0.555243 -0.831688 0
    outer loop
      vertex -54.65 51.1258 46
      vertex -54.7914 51.0314 34
      vertex -54.65 51.1258 34
    endloop
  endfacet
  facet normal -0.195211 0.980761 0
    outer loop
      vertex -53.6635 48.7443 34
      vertex -53.8303 48.7111 46
      vertex -53.6635 48.7443 46
    endloop
  endfacet
  facet normal -0.195211 0.980761 0
    outer loop
      vertex -53.8303 48.7111 46
      vertex -53.6635 48.7443 34
      vertex -53.8303 48.7111 34
    endloop
  endfacet
  facet normal 0.0652701 0.997868 -0
    outer loop
      vertex -54 48.7 34
      vertex -54.1697 48.7111 46
      vertex -54 48.7 46
    endloop
  endfacet
  facet normal 0.0652701 0.997868 0
    outer loop
      vertex -54.1697 48.7111 46
      vertex -54 48.7 34
      vertex -54.1697 48.7111 34
    endloop
  endfacet
  facet normal 0.659753 0.751483 -0
    outer loop
      vertex -54.7914 48.9686 34
      vertex -54.9192 49.0808 46
      vertex -54.7914 48.9686 46
    endloop
  endfacet
  facet normal 0.659753 0.751483 0
    outer loop
      vertex -54.9192 49.0808 46
      vertex -54.7914 48.9686 34
      vertex -54.9192 49.0808 34
    endloop
  endfacet
  facet normal -0.659753 -0.751483 0
    outer loop
      vertex -53.2086 51.0314 34
      vertex -53.0808 50.9192 46
      vertex -53.2086 51.0314 46
    endloop
  endfacet
  facet normal -0.659753 -0.751483 -0
    outer loop
      vertex -53.0808 50.9192 46
      vertex -53.2086 51.0314 34
      vertex -53.0808 50.9192 34
    endloop
  endfacet
  facet normal 0.980761 -0.195211 0
    outer loop
      vertex -55.2889 50.1697 46
      vertex -55.2557 50.3365 34
      vertex -55.2557 50.3365 46
    endloop
  endfacet
  facet normal 0.980761 -0.195211 0
    outer loop
      vertex -55.2557 50.3365 34
      vertex -55.2889 50.1697 46
      vertex -55.2889 50.1697 34
    endloop
  endfacet
  facet normal 0.321692 -0.946844 0
    outer loop
      vertex -54.4975 51.201 34
      vertex -54.3365 51.2557 46
      vertex -54.4975 51.201 46
    endloop
  endfacet
  facet normal 0.321692 -0.946844 0
    outer loop
      vertex -54.3365 51.2557 46
      vertex -54.4975 51.201 34
      vertex -54.3365 51.2557 34
    endloop
  endfacet
  facet normal 0.946844 0.321692 0
    outer loop
      vertex -55.201 49.5025 46
      vertex -55.2557 49.6635 34
      vertex -55.2557 49.6635 46
    endloop
  endfacet
  facet normal 0.946844 0.321692 0
    outer loop
      vertex -55.2557 49.6635 34
      vertex -55.201 49.5025 46
      vertex -55.201 49.5025 34
    endloop
  endfacet
  facet normal -0.0652701 0.997868 0
    outer loop
      vertex -53.8303 48.7111 34
      vertex -54 48.7 46
      vertex -53.8303 48.7111 46
    endloop
  endfacet
  facet normal -0.0652701 0.997868 0
    outer loop
      vertex -54 48.7 46
      vertex -53.8303 48.7111 34
      vertex -54 48.7 34
    endloop
  endfacet
  facet normal 0.751483 -0.659753 0
    outer loop
      vertex -55.0314 50.7914 46
      vertex -54.9192 50.9192 34
      vertex -54.9192 50.9192 46
    endloop
  endfacet
  facet normal 0.751483 -0.659753 0
    outer loop
      vertex -54.9192 50.9192 34
      vertex -55.0314 50.7914 46
      vertex -55.0314 50.7914 34
    endloop
  endfacet
  facet normal 0.831688 -0.555243 0
    outer loop
      vertex -55.1258 50.65 46
      vertex -55.0314 50.7914 34
      vertex -55.0314 50.7914 46
    endloop
  endfacet
  facet normal 0.831688 -0.555243 0
    outer loop
      vertex -55.0314 50.7914 34
      vertex -55.1258 50.65 46
      vertex -55.1258 50.65 34
    endloop
  endfacet
  facet normal 0.946844 -0.321692 0
    outer loop
      vertex -55.2557 50.3365 46
      vertex -55.201 50.4975 34
      vertex -55.201 50.4975 46
    endloop
  endfacet
  facet normal 0.946844 -0.321692 0
    outer loop
      vertex -55.201 50.4975 34
      vertex -55.2557 50.3365 46
      vertex -55.2557 50.3365 34
    endloop
  endfacet
  facet normal -0.321692 -0.946844 0
    outer loop
      vertex -53.6635 51.2557 34
      vertex -53.5025 51.201 46
      vertex -53.6635 51.2557 46
    endloop
  endfacet
  facet normal -0.321692 -0.946844 -0
    outer loop
      vertex -53.5025 51.201 46
      vertex -53.6635 51.2557 34
      vertex -53.5025 51.201 34
    endloop
  endfacet
  facet normal 0.997868 -0.0652701 0
    outer loop
      vertex -55.3 50 46
      vertex -55.2889 50.1697 34
      vertex -55.2889 50.1697 46
    endloop
  endfacet
  facet normal 0.997868 -0.0652701 0
    outer loop
      vertex -55.2889 50.1697 34
      vertex -55.3 50 46
      vertex -55.3 50 34
    endloop
  endfacet
  facet normal 0.831688 0.555243 0
    outer loop
      vertex -55.0314 49.2086 46
      vertex -55.1258 49.35 34
      vertex -55.1258 49.35 46
    endloop
  endfacet
  facet normal 0.831688 0.555243 0
    outer loop
      vertex -55.1258 49.35 34
      vertex -55.0314 49.2086 46
      vertex -55.0314 49.2086 34
    endloop
  endfacet
  facet normal -0.997868 0.0652701 0
    outer loop
      vertex -52.7111 49.8303 34
      vertex -52.7 50 46
      vertex -52.7 50 34
    endloop
  endfacet
  facet normal -0.997868 0.0652701 0
    outer loop
      vertex -52.7 50 46
      vertex -52.7111 49.8303 34
      vertex -52.7111 49.8303 46
    endloop
  endfacet
  facet normal 0.0652701 -0.997868 0
    outer loop
      vertex -54.1697 51.2889 34
      vertex -54 51.3 46
      vertex -54.1697 51.2889 46
    endloop
  endfacet
  facet normal 0.0652701 -0.997868 0
    outer loop
      vertex -54 51.3 46
      vertex -54.1697 51.2889 34
      vertex -54 51.3 34
    endloop
  endfacet
  facet normal -0.555243 0.831688 0
    outer loop
      vertex -53.2086 48.9686 34
      vertex -53.35 48.8742 46
      vertex -53.2086 48.9686 46
    endloop
  endfacet
  facet normal -0.555243 0.831688 0
    outer loop
      vertex -53.35 48.8742 46
      vertex -53.2086 48.9686 34
      vertex -53.35 48.8742 34
    endloop
  endfacet
  facet normal 0.195211 -0.980761 0
    outer loop
      vertex -54.3365 51.2557 34
      vertex -54.1697 51.2889 46
      vertex -54.3365 51.2557 46
    endloop
  endfacet
  facet normal 0.195211 -0.980761 0
    outer loop
      vertex -54.1697 51.2889 46
      vertex -54.3365 51.2557 34
      vertex -54.1697 51.2889 34
    endloop
  endfacet
  facet normal 0.896884 -0.442267 0
    outer loop
      vertex -55.201 50.4975 46
      vertex -55.1258 50.65 34
      vertex -55.1258 50.65 46
    endloop
  endfacet
  facet normal 0.896884 -0.442267 0
    outer loop
      vertex -55.1258 50.65 34
      vertex -55.201 50.4975 46
      vertex -55.201 50.4975 34
    endloop
  endfacet
  facet normal 0.321692 0.946844 -0
    outer loop
      vertex -54.3365 48.7443 34
      vertex -54.4975 48.799 46
      vertex -54.3365 48.7443 46
    endloop
  endfacet
  facet normal 0.321692 0.946844 0
    outer loop
      vertex -54.4975 48.799 46
      vertex -54.3365 48.7443 34
      vertex -54.4975 48.799 34
    endloop
  endfacet
  facet normal -0.0652701 -0.997868 0
    outer loop
      vertex -54 51.3 34
      vertex -53.8303 51.2889 46
      vertex -54 51.3 46
    endloop
  endfacet
  facet normal -0.0652701 -0.997868 -0
    outer loop
      vertex -53.8303 51.2889 46
      vertex -54 51.3 34
      vertex -53.8303 51.2889 34
    endloop
  endfacet
  facet normal -0.195211 -0.980761 0
    outer loop
      vertex -53.8303 51.2889 34
      vertex -53.6635 51.2557 46
      vertex -53.8303 51.2889 46
    endloop
  endfacet
  facet normal -0.195211 -0.980761 -0
    outer loop
      vertex -53.6635 51.2557 46
      vertex -53.8303 51.2889 34
      vertex -53.6635 51.2557 34
    endloop
  endfacet
  facet normal -0.442267 0.896884 0
    outer loop
      vertex -53.35 48.8742 34
      vertex -53.5025 48.799 46
      vertex -53.35 48.8742 46
    endloop
  endfacet
  facet normal -0.442267 0.896884 0
    outer loop
      vertex -53.5025 48.799 46
      vertex -53.35 48.8742 34
      vertex -53.5025 48.799 34
    endloop
  endfacet
  facet normal 0.442267 0.896884 -0
    outer loop
      vertex -54.4975 48.799 34
      vertex -54.65 48.8742 46
      vertex -54.4975 48.799 46
    endloop
  endfacet
  facet normal 0.442267 0.896884 0
    outer loop
      vertex -54.65 48.8742 46
      vertex -54.4975 48.799 34
      vertex -54.65 48.8742 34
    endloop
  endfacet
  facet normal -0.659753 0.751483 0
    outer loop
      vertex -53.0808 49.0808 34
      vertex -53.2086 48.9686 46
      vertex -53.0808 49.0808 46
    endloop
  endfacet
  facet normal -0.659753 0.751483 0
    outer loop
      vertex -53.2086 48.9686 46
      vertex -53.0808 49.0808 34
      vertex -53.2086 48.9686 34
    endloop
  endfacet
  facet normal 0.896884 0.442267 0
    outer loop
      vertex -55.1258 49.35 46
      vertex -55.201 49.5025 34
      vertex -55.201 49.5025 46
    endloop
  endfacet
  facet normal 0.896884 0.442267 0
    outer loop
      vertex -55.201 49.5025 34
      vertex -55.1258 49.35 46
      vertex -55.1258 49.35 34
    endloop
  endfacet
  facet normal 0 0 1
    outer loop
      vertex -52.7111 50.1697 34
      vertex -52.7111 49.8303 34
      vertex -52.7 50 34
    endloop
  endfacet
  facet normal 0 0 1
    outer loop
      vertex -52.7443 50.3365 34
      vertex -52.7111 49.8303 34
      vertex -52.7111 50.1697 34
    endloop
  endfacet
  facet normal 0 0 1
    outer loop
      vertex -52.7443 50.3365 34
      vertex -52.7443 49.6635 34
      vertex -52.7111 49.8303 34
    endloop
  endfacet
  facet normal 0 0 1
    outer loop
      vertex -52.799 50.4975 34
      vertex -52.7443 49.6635 34
      vertex -52.7443 50.3365 34
    endloop
  endfacet
  facet normal 0 0 1
    outer loop
      vertex -52.799 50.4975 34
      vertex -52.799 49.5025 34
      vertex -52.7443 49.6635 34
    endloop
  endfacet
  facet normal 0 0 1
    outer loop
      vertex -52.8742 50.65 34
      vertex -52.799 49.5025 34
      vertex -52.799 50.4975 34
    endloop
  endfacet
  facet normal 0 0 1
    outer loop
      vertex -52.8742 50.65 34
      vertex -52.8742 49.35 34
      vertex -52.799 49.5025 34
    endloop
  endfacet
  facet normal 0 0 1
    outer loop
      vertex -52.9686 50.7914 34
      vertex -52.8742 49.35 34
      vertex -52.8742 50.65 34
    endloop
  endfacet
  facet normal 0 0 1
    outer loop
      vertex -52.9686 50.7914 34
      vertex -52.9686 49.2086 34
      vertex -52.8742 49.35 34
    endloop
  endfacet
  facet normal 0 0 1
    outer loop
      vertex -53.0808 50.9192 34
      vertex -52.9686 49.2086 34
      vertex -52.9686 50.7914 34
    endloop
  endfacet
  facet normal 0 0 1
    outer loop
      vertex -53.0808 50.9192 34
      vertex -53.0808 49.0808 34
      vertex -52.9686 49.2086 34
    endloop
  endfacet
  facet normal 0 0 1
    outer loop
      vertex -53.2086 51.0314 34
      vertex -53.0808 49.0808 34
      vertex -53.0808 50.9192 34
    endloop
  endfacet
  facet normal 0 0 1
    outer loop
      vertex -53.2086 51.0314 34
      vertex -53.2086 48.9686 34
      vertex -53.0808 49.0808 34
    endloop
  endfacet
  facet normal 0 0 1
    outer loop
      vertex -53.35 51.1258 34
      vertex -53.2086 48.9686 34
      vertex -53.2086 51.0314 34
    endloop
  endfacet
  facet normal 0 0 1
    outer loop
      vertex -53.35 51.1258 34
      vertex -53.35 48.8742 34
      vertex -53.2086 48.9686 34
    endloop
  endfacet
  facet normal 0 0 1
    outer loop
      vertex -53.5025 51.201 34
      vertex -53.35 48.8742 34
      vertex -53.35 51.1258 34
    endloop
  endfacet
  facet normal 0 0 1
    outer loop
      vertex -53.5025 51.201 34
      vertex -53.5025 48.799 34
      vertex -53.35 48.8742 34
    endloop
  endfacet
  facet normal 0 0 1
    outer loop
      vertex -53.6635 51.2557 34
      vertex -53.5025 48.799 34
      vertex -53.5025 51.201 34
    endloop
  endfacet
  facet normal 0 0 1
    outer loop
      vertex -53.6635 51.2557 34
      vertex -53.6635 48.7443 34
      vertex -53.5025 48.799 34
    endloop
  endfacet
  facet normal 0 0 1
    outer loop
      vertex -53.8303 51.2889 34
      vertex -53.6635 48.7443 34
      vertex -53.6635 51.2557 34
    endloop
  endfacet
  facet normal 0 0 1
    outer loop
      vertex -53.8303 51.2889 34
      vertex -53.8303 48.7111 34
      vertex -53.6635 48.7443 34
    endloop
  endfacet
  facet normal 0 0 1
    outer loop
      vertex -54 51.3 34
      vertex -53.8303 48.7111 34
      vertex -53.8303 51.2889 34
    endloop
  endfacet
  facet normal 0 0 1
    outer loop
      vertex -54 51.3 34
      vertex -54 48.7 34
      vertex -53.8303 48.7111 34
    endloop
  endfacet
  facet normal -0 0 1
    outer loop
      vertex -54.1697 51.2889 34
      vertex -54 48.7 34
      vertex -54 51.3 34
    endloop
  endfacet
  facet normal 0 0 1
    outer loop
      vertex -54.1697 51.2889 34
      vertex -54.1697 48.7111 34
      vertex -54 48.7 34
    endloop
  endfacet
  facet normal -0 0 1
    outer loop
      vertex -54.3365 51.2557 34
      vertex -54.1697 48.7111 34
      vertex -54.1697 51.2889 34
    endloop
  endfacet
  facet normal 0 0 1
    outer loop
      vertex -54.3365 51.2557 34
      vertex -54.3365 48.7443 34
      vertex -54.1697 48.7111 34
    endloop
  endfacet
  facet normal -0 0 1
    outer loop
      vertex -54.4975 51.201 34
      vertex -54.3365 48.7443 34
      vertex -54.3365 51.2557 34
    endloop
  endfacet
  facet normal 0 0 1
    outer loop
      vertex -54.4975 51.201 34
      vertex -54.4975 48.799 34
      vertex -54.3365 48.7443 34
    endloop
  endfacet
  facet normal -0 0 1
    outer loop
      vertex -54.65 51.1258 34
      vertex -54.4975 48.799 34
      vertex -54.4975 51.201 34
    endloop
  endfacet
  facet normal 0 0 1
    outer loop
      vertex -54.65 51.1258 34
      vertex -54.65 48.8742 34
      vertex -54.4975 48.799 34
    endloop
  endfacet
  facet normal -0 0 1
    outer loop
      vertex -54.7914 51.0314 34
      vertex -54.65 48.8742 34
      vertex -54.65 51.1258 34
    endloop
  endfacet
  facet normal 0 0 1
    outer loop
      vertex -54.7914 51.0314 34
      vertex -54.7914 48.9686 34
      vertex -54.65 48.8742 34
    endloop
  endfacet
  facet normal -0 0 1
    outer loop
      vertex -54.9192 50.9192 34
      vertex -54.7914 48.9686 34
      vertex -54.7914 51.0314 34
    endloop
  endfacet
  facet normal 0 0 1
    outer loop
      vertex -54.9192 50.9192 34
      vertex -54.9192 49.0808 34
      vertex -54.7914 48.9686 34
    endloop
  endfacet
  facet normal -0 0 1
    outer loop
      vertex -55.0314 50.7914 34
      vertex -54.9192 49.0808 34
      vertex -54.9192 50.9192 34
    endloop
  endfacet
  facet normal 0 0 1
    outer loop
      vertex -55.0314 50.7914 34
      vertex -55.0314 49.2086 34
      vertex -54.9192 49.0808 34
    endloop
  endfacet
  facet normal -0 0 1
    outer loop
      vertex -55.1258 50.65 34
      vertex -55.0314 49.2086 34
      vertex -55.0314 50.7914 34
    endloop
  endfacet
  facet normal 0 0 1
    outer loop
      vertex -55.1258 50.65 34
      vertex -55.1258 49.35 34
      vertex -55.0314 49.2086 34
    endloop
  endfacet
  facet normal -0 0 1
    outer loop
      vertex -55.201 50.4975 34
      vertex -55.1258 49.35 34
      vertex -55.1258 50.65 34
    endloop
  endfacet
  facet normal 0 0 1
    outer loop
      vertex -55.201 50.4975 34
      vertex -55.201 49.5025 34
      vertex -55.1258 49.35 34
    endloop
  endfacet
  facet normal -0 0 1
    outer loop
      vertex -55.2557 50.3365 34
      vertex -55.201 49.5025 34
      vertex -55.201 50.4975 34
    endloop
  endfacet
  facet normal 0 0 1
    outer loop
      vertex -55.2557 50.3365 34
      vertex -55.2557 49.6635 34
      vertex -55.201 49.5025 34
    endloop
  endfacet
  facet normal -0 0 1
    outer loop
      vertex -55.2889 50.1697 34
      vertex -55.2557 49.6635 34
      vertex -55.2557 50.3365 34
    endloop
  endfacet
  facet normal 0 0 1
    outer loop
      vertex -55.2889 50.1697 34
      vertex -55.2889 49.8303 34
      vertex -55.2557 49.6635 34
    endloop
  endfacet
  facet normal 0 -0 1
    outer loop
      vertex -55.2889 49.8303 34
      vertex -55.2889 50.1697 34
      vertex -55.3 50 34
    endloop
  endfacet
  facet normal 0.555243 0.831688 -0
    outer loop
      vertex -54.65 48.8742 34
      vertex -54.7914 48.9686 46
      vertex -54.65 48.8742 46
    endloop
  endfacet
  facet normal 0.555243 0.831688 0
    outer loop
      vertex -54.7914 48.9686 46
      vertex -54.65 48.8742 34
      vertex -54.7914 48.9686 34
    endloop
  endfacet
  facet normal 0.980757 0.195234 0
    outer loop
      vertex 57.4701 -49.5432 46
      vertex 57.3807 -49.0941 2.4
      vertex 57.3807 -49.0941 46
    endloop
  endfacet
  facet normal 0.980757 0.195234 0
    outer loop
      vertex 57.3807 -49.0941 2.4
      vertex 57.4701 -49.5432 46
      vertex 57.4701 -49.5432 2.4
    endloop
  endfacet
  facet normal 0.997865 0.0653156 0
    outer loop
      vertex 57.5 -50 46
      vertex 57.4701 -49.5432 2.4
      vertex 57.4701 -49.5432 46
    endloop
  endfacet
  facet normal 0.997865 0.0653156 0
    outer loop
      vertex 57.4701 -49.5432 2.4
      vertex 57.5 -50 46
      vertex 57.5 -50 2.4
    endloop
  endfacet
  facet normal 0.321335 -0.946966 0
    outer loop
      vertex 54.9059 -53.3807 2.4
      vertex 55.3394 -53.2336 46
      vertex 54.9059 -53.3807 46
    endloop
  endfacet
  facet normal 0.321335 -0.946966 0
    outer loop
      vertex 55.3394 -53.2336 46
      vertex 54.9059 -53.3807 2.4
      vertex 55.3394 -53.2336 2.4
    endloop
  endfacet
  facet normal 0.831445 0.555607 0
    outer loop
      vertex 57.0311 -48.25 46
      vertex 56.7767 -47.8693 2.4
      vertex 56.7767 -47.8693 46
    endloop
  endfacet
  facet normal 0.831445 0.555607 0
    outer loop
      vertex 56.7767 -47.8693 2.4
      vertex 57.0311 -48.25 46
      vertex 57.0311 -48.25 2.4
    endloop
  endfacet
  facet normal -0.89686 0.442314 0
    outer loop
      vertex 50.7664 -48.6606 2.4
      vertex 50.9689 -48.25 46
      vertex 50.9689 -48.25 2.4
    endloop
  endfacet
  facet normal -0.89686 0.442314 0
    outer loop
      vertex 50.9689 -48.25 46
      vertex 50.7664 -48.6606 2.4
      vertex 50.7664 -48.6606 46
    endloop
  endfacet
  facet normal -0.555607 0.831445 0
    outer loop
      vertex 52.25 -46.9689 2.4
      vertex 51.8693 -47.2233 46
      vertex 52.25 -46.9689 46
    endloop
  endfacet
  facet normal -0.555607 0.831445 0
    outer loop
      vertex 51.8693 -47.2233 46
      vertex 52.25 -46.9689 2.4
      vertex 51.8693 -47.2233 2.4
    endloop
  endfacet
  facet normal -0.659278 0.7519 0
    outer loop
      vertex 51.8693 -47.2233 2.4
      vertex 51.5251 -47.5251 46
      vertex 51.8693 -47.2233 46
    endloop
  endfacet
  facet normal -0.659278 0.7519 0
    outer loop
      vertex 51.5251 -47.5251 46
      vertex 51.8693 -47.2233 2.4
      vertex 51.5251 -47.5251 2.4
    endloop
  endfacet
  facet normal -0.7519 0.659278 0
    outer loop
      vertex 51.2233 -47.8693 2.4
      vertex 51.5251 -47.5251 46
      vertex 51.5251 -47.5251 2.4
    endloop
  endfacet
  facet normal -0.7519 0.659278 0
    outer loop
      vertex 51.5251 -47.5251 46
      vertex 51.2233 -47.8693 2.4
      vertex 51.2233 -47.8693 46
    endloop
  endfacet
  facet normal 0.946966 -0.321335 0
    outer loop
      vertex 57.2336 -51.3394 46
      vertex 57.3807 -50.9059 2.4
      vertex 57.3807 -50.9059 46
    endloop
  endfacet
  facet normal 0.946966 -0.321335 0
    outer loop
      vertex 57.3807 -50.9059 2.4
      vertex 57.2336 -51.3394 46
      vertex 57.2336 -51.3394 2.4
    endloop
  endfacet
  facet normal -0.997865 0.0653156 0
    outer loop
      vertex 50.5 -50 2.4
      vertex 50.5299 -49.5432 46
      vertex 50.5299 -49.5432 2.4
    endloop
  endfacet
  facet normal -0.997865 0.0653156 0
    outer loop
      vertex 50.5299 -49.5432 46
      vertex 50.5 -50 2.4
      vertex 50.5 -50 46
    endloop
  endfacet
  facet normal 0.555607 0.831445 -0
    outer loop
      vertex 56.1307 -47.2233 2.4
      vertex 55.75 -46.9689 46
      vertex 56.1307 -47.2233 46
    endloop
  endfacet
  facet normal 0.555607 0.831445 0
    outer loop
      vertex 55.75 -46.9689 46
      vertex 56.1307 -47.2233 2.4
      vertex 55.75 -46.9689 2.4
    endloop
  endfacet
  facet normal -0.321335 -0.946966 0
    outer loop
      vertex 52.6606 -53.2336 2.4
      vertex 53.0941 -53.3807 46
      vertex 52.6606 -53.2336 46
    endloop
  endfacet
  facet normal -0.321335 -0.946966 -0
    outer loop
      vertex 53.0941 -53.3807 46
      vertex 52.6606 -53.2336 2.4
      vertex 53.0941 -53.3807 2.4
    endloop
  endfacet
  facet normal 0.195234 -0.980757 0
    outer loop
      vertex 54.4568 -53.4701 2.4
      vertex 54.9059 -53.3807 46
      vertex 54.4568 -53.4701 46
    endloop
  endfacet
  facet normal 0.195234 -0.980757 0
    outer loop
      vertex 54.9059 -53.3807 46
      vertex 54.4568 -53.4701 2.4
      vertex 54.9059 -53.3807 2.4
    endloop
  endfacet
  facet normal -0.321335 0.946966 0
    outer loop
      vertex 53.0941 -46.6193 2.4
      vertex 52.6606 -46.7664 46
      vertex 53.0941 -46.6193 46
    endloop
  endfacet
  facet normal -0.321335 0.946966 0
    outer loop
      vertex 52.6606 -46.7664 46
      vertex 53.0941 -46.6193 2.4
      vertex 52.6606 -46.7664 2.4
    endloop
  endfacet
  facet normal -0.831445 -0.555607 0
    outer loop
      vertex 51.2233 -52.1307 2.4
      vertex 50.9689 -51.75 46
      vertex 50.9689 -51.75 2.4
    endloop
  endfacet
  facet normal -0.831445 -0.555607 0
    outer loop
      vertex 50.9689 -51.75 46
      vertex 51.2233 -52.1307 2.4
      vertex 51.2233 -52.1307 46
    endloop
  endfacet
  facet normal 0.555607 -0.831445 0
    outer loop
      vertex 55.75 -53.0311 2.4
      vertex 56.1307 -52.7767 46
      vertex 55.75 -53.0311 46
    endloop
  endfacet
  facet normal 0.555607 -0.831445 0
    outer loop
      vertex 56.1307 -52.7767 46
      vertex 55.75 -53.0311 2.4
      vertex 56.1307 -52.7767 2.4
    endloop
  endfacet
  facet normal -0.946966 0.321335 0
    outer loop
      vertex 50.6193 -49.0941 2.4
      vertex 50.7664 -48.6606 46
      vertex 50.7664 -48.6606 2.4
    endloop
  endfacet
  facet normal -0.946966 0.321335 0
    outer loop
      vertex 50.7664 -48.6606 46
      vertex 50.6193 -49.0941 2.4
      vertex 50.6193 -49.0941 46
    endloop
  endfacet
  facet normal 0.321335 0.946966 -0
    outer loop
      vertex 55.3394 -46.7664 2.4
      vertex 54.9059 -46.6193 46
      vertex 55.3394 -46.7664 46
    endloop
  endfacet
  facet normal 0.321335 0.946966 0
    outer loop
      vertex 54.9059 -46.6193 46
      vertex 55.3394 -46.7664 2.4
      vertex 54.9059 -46.6193 2.4
    endloop
  endfacet
  facet normal 0.0653156 0.997865 -0
    outer loop
      vertex 54.4568 -46.5299 2.4
      vertex 54 -46.5 46
      vertex 54.4568 -46.5299 46
    endloop
  endfacet
  facet normal 0.0653156 0.997865 0
    outer loop
      vertex 54 -46.5 46
      vertex 54.4568 -46.5299 2.4
      vertex 54 -46.5 2.4
    endloop
  endfacet
  facet normal -0.442314 0.89686 0
    outer loop
      vertex 52.6606 -46.7664 2.4
      vertex 52.25 -46.9689 46
      vertex 52.6606 -46.7664 46
    endloop
  endfacet
  facet normal -0.442314 0.89686 0
    outer loop
      vertex 52.25 -46.9689 46
      vertex 52.6606 -46.7664 2.4
      vertex 52.25 -46.9689 2.4
    endloop
  endfacet
  facet normal 0.831445 -0.555607 0
    outer loop
      vertex 56.7767 -52.1307 46
      vertex 57.0311 -51.75 2.4
      vertex 57.0311 -51.75 46
    endloop
  endfacet
  facet normal 0.831445 -0.555607 0
    outer loop
      vertex 57.0311 -51.75 2.4
      vertex 56.7767 -52.1307 46
      vertex 56.7767 -52.1307 2.4
    endloop
  endfacet
  facet normal -0.997865 -0.0653156 0
    outer loop
      vertex 50.5299 -50.4568 2.4
      vertex 50.5 -50 46
      vertex 50.5 -50 2.4
    endloop
  endfacet
  facet normal -0.997865 -0.0653156 0
    outer loop
      vertex 50.5 -50 46
      vertex 50.5299 -50.4568 2.4
      vertex 50.5299 -50.4568 46
    endloop
  endfacet
  facet normal -0.946966 -0.321335 0
    outer loop
      vertex 50.7664 -51.3394 2.4
      vertex 50.6193 -50.9059 46
      vertex 50.6193 -50.9059 2.4
    endloop
  endfacet
  facet normal -0.946966 -0.321335 0
    outer loop
      vertex 50.6193 -50.9059 46
      vertex 50.7664 -51.3394 2.4
      vertex 50.7664 -51.3394 46
    endloop
  endfacet
  facet normal -0.659278 -0.7519 0
    outer loop
      vertex 51.5251 -52.4749 2.4
      vertex 51.8693 -52.7767 46
      vertex 51.5251 -52.4749 46
    endloop
  endfacet
  facet normal -0.659278 -0.7519 -0
    outer loop
      vertex 51.8693 -52.7767 46
      vertex 51.5251 -52.4749 2.4
      vertex 51.8693 -52.7767 2.4
    endloop
  endfacet
  facet normal 0.442314 0.89686 -0
    outer loop
      vertex 55.75 -46.9689 2.4
      vertex 55.3394 -46.7664 46
      vertex 55.75 -46.9689 46
    endloop
  endfacet
  facet normal 0.442314 0.89686 0
    outer loop
      vertex 55.3394 -46.7664 46
      vertex 55.75 -46.9689 2.4
      vertex 55.3394 -46.7664 2.4
    endloop
  endfacet
  facet normal -0.195234 0.980757 0
    outer loop
      vertex 53.5432 -46.5299 2.4
      vertex 53.0941 -46.6193 46
      vertex 53.5432 -46.5299 46
    endloop
  endfacet
  facet normal -0.195234 0.980757 0
    outer loop
      vertex 53.0941 -46.6193 46
      vertex 53.5432 -46.5299 2.4
      vertex 53.0941 -46.6193 2.4
    endloop
  endfacet
  facet normal 0.7519 0.659278 0
    outer loop
      vertex 56.7767 -47.8693 46
      vertex 56.4749 -47.5251 2.4
      vertex 56.4749 -47.5251 46
    endloop
  endfacet
  facet normal 0.7519 0.659278 0
    outer loop
      vertex 56.4749 -47.5251 2.4
      vertex 56.7767 -47.8693 46
      vertex 56.7767 -47.8693 2.4
    endloop
  endfacet
  facet normal 0.195234 0.980757 -0
    outer loop
      vertex 54.9059 -46.6193 2.4
      vertex 54.4568 -46.5299 46
      vertex 54.9059 -46.6193 46
    endloop
  endfacet
  facet normal 0.195234 0.980757 0
    outer loop
      vertex 54.4568 -46.5299 46
      vertex 54.9059 -46.6193 2.4
      vertex 54.4568 -46.5299 2.4
    endloop
  endfacet
  facet normal 0.7519 -0.659278 0
    outer loop
      vertex 56.4749 -52.4749 46
      vertex 56.7767 -52.1307 2.4
      vertex 56.7767 -52.1307 46
    endloop
  endfacet
  facet normal 0.7519 -0.659278 0
    outer loop
      vertex 56.7767 -52.1307 2.4
      vertex 56.4749 -52.4749 46
      vertex 56.4749 -52.4749 2.4
    endloop
  endfacet
  facet normal -0.442314 -0.89686 0
    outer loop
      vertex 52.25 -53.0311 2.4
      vertex 52.6606 -53.2336 46
      vertex 52.25 -53.0311 46
    endloop
  endfacet
  facet normal -0.442314 -0.89686 -0
    outer loop
      vertex 52.6606 -53.2336 46
      vertex 52.25 -53.0311 2.4
      vertex 52.6606 -53.2336 2.4
    endloop
  endfacet
  facet normal -0.980757 0.195234 0
    outer loop
      vertex 50.5299 -49.5432 2.4
      vertex 50.6193 -49.0941 46
      vertex 50.6193 -49.0941 2.4
    endloop
  endfacet
  facet normal -0.980757 0.195234 0
    outer loop
      vertex 50.6193 -49.0941 46
      vertex 50.5299 -49.5432 2.4
      vertex 50.5299 -49.5432 46
    endloop
  endfacet
  facet normal 0.0653156 -0.997865 0
    outer loop
      vertex 54 -53.5 2.4
      vertex 54.4568 -53.4701 46
      vertex 54 -53.5 46
    endloop
  endfacet
  facet normal 0.0653156 -0.997865 0
    outer loop
      vertex 54.4568 -53.4701 46
      vertex 54 -53.5 2.4
      vertex 54.4568 -53.4701 2.4
    endloop
  endfacet
  facet normal 0.442314 -0.89686 0
    outer loop
      vertex 55.3394 -53.2336 2.4
      vertex 55.75 -53.0311 46
      vertex 55.3394 -53.2336 46
    endloop
  endfacet
  facet normal 0.442314 -0.89686 0
    outer loop
      vertex 55.75 -53.0311 46
      vertex 55.3394 -53.2336 2.4
      vertex 55.75 -53.0311 2.4
    endloop
  endfacet
  facet normal 0.659278 -0.7519 0
    outer loop
      vertex 56.1307 -52.7767 2.4
      vertex 56.4749 -52.4749 46
      vertex 56.1307 -52.7767 46
    endloop
  endfacet
  facet normal 0.659278 -0.7519 0
    outer loop
      vertex 56.4749 -52.4749 46
      vertex 56.1307 -52.7767 2.4
      vertex 56.4749 -52.4749 2.4
    endloop
  endfacet
  facet normal -0.89686 -0.442314 0
    outer loop
      vertex 50.9689 -51.75 2.4
      vertex 50.7664 -51.3394 46
      vertex 50.7664 -51.3394 2.4
    endloop
  endfacet
  facet normal -0.89686 -0.442314 0
    outer loop
      vertex 50.7664 -51.3394 46
      vertex 50.9689 -51.75 2.4
      vertex 50.9689 -51.75 46
    endloop
  endfacet
  facet normal 0.89686 -0.442314 0
    outer loop
      vertex 57.0311 -51.75 46
      vertex 57.2336 -51.3394 2.4
      vertex 57.2336 -51.3394 46
    endloop
  endfacet
  facet normal 0.89686 -0.442314 0
    outer loop
      vertex 57.2336 -51.3394 2.4
      vertex 57.0311 -51.75 46
      vertex 57.0311 -51.75 2.4
    endloop
  endfacet
  facet normal 0.659278 0.7519 -0
    outer loop
      vertex 56.4749 -47.5251 2.4
      vertex 56.1307 -47.2233 46
      vertex 56.4749 -47.5251 46
    endloop
  endfacet
  facet normal 0.659278 0.7519 0
    outer loop
      vertex 56.1307 -47.2233 46
      vertex 56.4749 -47.5251 2.4
      vertex 56.1307 -47.2233 2.4
    endloop
  endfacet
  facet normal 0.997865 -0.0653156 0
    outer loop
      vertex 57.4701 -50.4568 46
      vertex 57.5 -50 2.4
      vertex 57.5 -50 46
    endloop
  endfacet
  facet normal 0.997865 -0.0653156 0
    outer loop
      vertex 57.5 -50 2.4
      vertex 57.4701 -50.4568 46
      vertex 57.4701 -50.4568 2.4
    endloop
  endfacet
  facet normal -0.555607 -0.831445 0
    outer loop
      vertex 51.8693 -52.7767 2.4
      vertex 52.25 -53.0311 46
      vertex 51.8693 -52.7767 46
    endloop
  endfacet
  facet normal -0.555607 -0.831445 -0
    outer loop
      vertex 52.25 -53.0311 46
      vertex 51.8693 -52.7767 2.4
      vertex 52.25 -53.0311 2.4
    endloop
  endfacet
  facet normal 0.89686 0.442314 0
    outer loop
      vertex 57.2336 -48.6606 46
      vertex 57.0311 -48.25 2.4
      vertex 57.0311 -48.25 46
    endloop
  endfacet
  facet normal 0.89686 0.442314 0
    outer loop
      vertex 57.0311 -48.25 2.4
      vertex 57.2336 -48.6606 46
      vertex 57.2336 -48.6606 2.4
    endloop
  endfacet
  facet normal 0.980757 -0.195234 0
    outer loop
      vertex 57.3807 -50.9059 46
      vertex 57.4701 -50.4568 2.4
      vertex 57.4701 -50.4568 46
    endloop
  endfacet
  facet normal 0.980757 -0.195234 0
    outer loop
      vertex 57.4701 -50.4568 2.4
      vertex 57.3807 -50.9059 46
      vertex 57.3807 -50.9059 2.4
    endloop
  endfacet
  facet normal 0.946966 0.321335 0
    outer loop
      vertex 57.3807 -49.0941 46
      vertex 57.2336 -48.6606 2.4
      vertex 57.2336 -48.6606 46
    endloop
  endfacet
  facet normal 0.946966 0.321335 0
    outer loop
      vertex 57.2336 -48.6606 2.4
      vertex 57.3807 -49.0941 46
      vertex 57.3807 -49.0941 2.4
    endloop
  endfacet
  facet normal -0.0653156 0.997865 0
    outer loop
      vertex 54 -46.5 2.4
      vertex 53.5432 -46.5299 46
      vertex 54 -46.5 46
    endloop
  endfacet
  facet normal -0.0653156 0.997865 0
    outer loop
      vertex 53.5432 -46.5299 46
      vertex 54 -46.5 2.4
      vertex 53.5432 -46.5299 2.4
    endloop
  endfacet
  facet normal -0.980757 -0.195234 0
    outer loop
      vertex 50.6193 -50.9059 2.4
      vertex 50.5299 -50.4568 46
      vertex 50.5299 -50.4568 2.4
    endloop
  endfacet
  facet normal -0.980757 -0.195234 0
    outer loop
      vertex 50.5299 -50.4568 46
      vertex 50.6193 -50.9059 2.4
      vertex 50.6193 -50.9059 46
    endloop
  endfacet
  facet normal -0.7519 -0.659278 0
    outer loop
      vertex 51.5251 -52.4749 2.4
      vertex 51.2233 -52.1307 46
      vertex 51.2233 -52.1307 2.4
    endloop
  endfacet
  facet normal -0.7519 -0.659278 0
    outer loop
      vertex 51.2233 -52.1307 46
      vertex 51.5251 -52.4749 2.4
      vertex 51.5251 -52.4749 46
    endloop
  endfacet
  facet normal 0 0 1
    outer loop
      vertex 55.3 -50 46
      vertex 57.5 -50 46
      vertex 57.4701 -49.5432 46
    endloop
  endfacet
  facet normal 0 0 1
    outer loop
      vertex 55.2889 -49.8303 46
      vertex 57.4701 -49.5432 46
      vertex 57.3807 -49.0941 46
    endloop
  endfacet
  facet normal 0 0 1
    outer loop
      vertex 57.5 -50 46
      vertex 55.3 -50 46
      vertex 57.4701 -50.4568 46
    endloop
  endfacet
  facet normal 0 0 1
    outer loop
      vertex 55.2557 -49.6635 46
      vertex 57.3807 -49.0941 46
      vertex 57.2336 -48.6606 46
    endloop
  endfacet
  facet normal -0 0 1
    outer loop
      vertex 55.2889 -50.1697 46
      vertex 57.4701 -50.4568 46
      vertex 55.3 -50 46
    endloop
  endfacet
  facet normal 0 0 1
    outer loop
      vertex 55.201 -49.5025 46
      vertex 57.2336 -48.6606 46
      vertex 57.0311 -48.25 46
    endloop
  endfacet
  facet normal 0 0 1
    outer loop
      vertex 57.4701 -50.4568 46
      vertex 55.2889 -50.1697 46
      vertex 57.3807 -50.9059 46
    endloop
  endfacet
  facet normal 0 0 1
    outer loop
      vertex 55.1258 -49.35 46
      vertex 57.0311 -48.25 46
      vertex 56.7767 -47.8693 46
    endloop
  endfacet
  facet normal -0 0 1
    outer loop
      vertex 55.2557 -50.3365 46
      vertex 57.3807 -50.9059 46
      vertex 55.2889 -50.1697 46
    endloop
  endfacet
  facet normal 0 0 1
    outer loop
      vertex 55.0314 -49.2086 46
      vertex 56.7767 -47.8693 46
      vertex 56.4749 -47.5251 46
    endloop
  endfacet
  facet normal 0 0 1
    outer loop
      vertex 57.3807 -50.9059 46
      vertex 55.2557 -50.3365 46
      vertex 57.2336 -51.3394 46
    endloop
  endfacet
  facet normal 0 0 1
    outer loop
      vertex 54.9192 -49.0808 46
      vertex 56.4749 -47.5251 46
      vertex 56.1307 -47.2233 46
    endloop
  endfacet
  facet normal -0 0 1
    outer loop
      vertex 55.201 -50.4975 46
      vertex 57.2336 -51.3394 46
      vertex 55.2557 -50.3365 46
    endloop
  endfacet
  facet normal 0 0 1
    outer loop
      vertex 54.7914 -48.9686 46
      vertex 56.1307 -47.2233 46
      vertex 55.75 -46.9689 46
    endloop
  endfacet
  facet normal 0 0 1
    outer loop
      vertex 57.2336 -51.3394 46
      vertex 55.201 -50.4975 46
      vertex 57.0311 -51.75 46
    endloop
  endfacet
  facet normal 0 0 1
    outer loop
      vertex 54.65 -48.8742 46
      vertex 55.75 -46.9689 46
      vertex 55.3394 -46.7664 46
    endloop
  endfacet
  facet normal -0 0 1
    outer loop
      vertex 55.1258 -50.65 46
      vertex 57.0311 -51.75 46
      vertex 55.201 -50.4975 46
    endloop
  endfacet
  facet normal 0 0 1
    outer loop
      vertex 57.0311 -51.75 46
      vertex 55.1258 -50.65 46
      vertex 56.7767 -52.1307 46
    endloop
  endfacet
  facet normal 0 0 1
    outer loop
      vertex 57.4701 -49.5432 46
      vertex 55.2889 -49.8303 46
      vertex 55.3 -50 46
    endloop
  endfacet
  facet normal 0 0 1
    outer loop
      vertex 57.3807 -49.0941 46
      vertex 55.2557 -49.6635 46
      vertex 55.2889 -49.8303 46
    endloop
  endfacet
  facet normal 0 0 1
    outer loop
      vertex 57.2336 -48.6606 46
      vertex 55.201 -49.5025 46
      vertex 55.2557 -49.6635 46
    endloop
  endfacet
  facet normal 0 0 1
    outer loop
      vertex 57.0311 -48.25 46
      vertex 55.1258 -49.35 46
      vertex 55.201 -49.5025 46
    endloop
  endfacet
  facet normal 0 0 1
    outer loop
      vertex 56.7767 -47.8693 46
      vertex 55.0314 -49.2086 46
      vertex 55.1258 -49.35 46
    endloop
  endfacet
  facet normal 0 0 1
    outer loop
      vertex 56.4749 -47.5251 46
      vertex 54.9192 -49.0808 46
      vertex 55.0314 -49.2086 46
    endloop
  endfacet
  facet normal 0 0 1
    outer loop
      vertex 54.4975 -48.799 46
      vertex 55.3394 -46.7664 46
      vertex 54.9059 -46.6193 46
    endloop
  endfacet
  facet normal 0 0 1
    outer loop
      vertex 56.1307 -47.2233 46
      vertex 54.7914 -48.9686 46
      vertex 54.9192 -49.0808 46
    endloop
  endfacet
  facet normal 0 0 1
    outer loop
      vertex 55.75 -46.9689 46
      vertex 54.65 -48.8742 46
      vertex 54.7914 -48.9686 46
    endloop
  endfacet
  facet normal 0 0 1
    outer loop
      vertex 55.3394 -46.7664 46
      vertex 54.4975 -48.799 46
      vertex 54.65 -48.8742 46
    endloop
  endfacet
  facet normal 0 0 1
    outer loop
      vertex 54.3365 -48.7443 46
      vertex 54.9059 -46.6193 46
      vertex 54.4568 -46.5299 46
    endloop
  endfacet
  facet normal 0 0 1
    outer loop
      vertex 54.9059 -46.6193 46
      vertex 54.3365 -48.7443 46
      vertex 54.4975 -48.799 46
    endloop
  endfacet
  facet normal 0 0 1
    outer loop
      vertex 54.4568 -46.5299 46
      vertex 54.1697 -48.7111 46
      vertex 54.3365 -48.7443 46
    endloop
  endfacet
  facet normal 0 0 1
    outer loop
      vertex 54 -46.5 46
      vertex 54.1697 -48.7111 46
      vertex 54.4568 -46.5299 46
    endloop
  endfacet
  facet normal 0 0 1
    outer loop
      vertex 54 -46.5 46
      vertex 54 -48.7 46
      vertex 54.1697 -48.7111 46
    endloop
  endfacet
  facet normal 0 0 1
    outer loop
      vertex 54 -46.5 46
      vertex 53.8303 -48.7111 46
      vertex 54 -48.7 46
    endloop
  endfacet
  facet normal -0 0 1
    outer loop
      vertex 53.5432 -46.5299 46
      vertex 53.8303 -48.7111 46
      vertex 54 -46.5 46
    endloop
  endfacet
  facet normal 0 0 1
    outer loop
      vertex 53.8303 -48.7111 46
      vertex 53.5432 -46.5299 46
      vertex 53.6635 -48.7443 46
    endloop
  endfacet
  facet normal -0 0 1
    outer loop
      vertex 53.0941 -46.6193 46
      vertex 53.6635 -48.7443 46
      vertex 53.5432 -46.5299 46
    endloop
  endfacet
  facet normal 0 0 1
    outer loop
      vertex 53.6635 -48.7443 46
      vertex 53.0941 -46.6193 46
      vertex 53.5025 -48.799 46
    endloop
  endfacet
  facet normal -0 0 1
    outer loop
      vertex 52.6606 -46.7664 46
      vertex 53.5025 -48.799 46
      vertex 53.0941 -46.6193 46
    endloop
  endfacet
  facet normal 0 0 1
    outer loop
      vertex 53.5025 -48.799 46
      vertex 52.6606 -46.7664 46
      vertex 53.35 -48.8742 46
    endloop
  endfacet
  facet normal -0 0 1
    outer loop
      vertex 52.25 -46.9689 46
      vertex 53.35 -48.8742 46
      vertex 52.6606 -46.7664 46
    endloop
  endfacet
  facet normal 0 0 1
    outer loop
      vertex 53.35 -48.8742 46
      vertex 52.25 -46.9689 46
      vertex 53.2086 -48.9686 46
    endloop
  endfacet
  facet normal -0 0 1
    outer loop
      vertex 51.8693 -47.2233 46
      vertex 53.2086 -48.9686 46
      vertex 52.25 -46.9689 46
    endloop
  endfacet
  facet normal 0 0 1
    outer loop
      vertex 53.2086 -48.9686 46
      vertex 51.8693 -47.2233 46
      vertex 53.0808 -49.0808 46
    endloop
  endfacet
  facet normal -0 0 1
    outer loop
      vertex 51.5251 -47.5251 46
      vertex 53.0808 -49.0808 46
      vertex 51.8693 -47.2233 46
    endloop
  endfacet
  facet normal 0 0 1
    outer loop
      vertex 53.0808 -49.0808 46
      vertex 51.5251 -47.5251 46
      vertex 52.9686 -49.2086 46
    endloop
  endfacet
  facet normal 0 0 1
    outer loop
      vertex 52.9686 -49.2086 46
      vertex 51.2233 -47.8693 46
      vertex 52.8742 -49.35 46
    endloop
  endfacet
  facet normal -0 0 1
    outer loop
      vertex 51.2233 -47.8693 46
      vertex 52.9686 -49.2086 46
      vertex 51.5251 -47.5251 46
    endloop
  endfacet
  facet normal -0 0 1
    outer loop
      vertex 55.0314 -50.7914 46
      vertex 56.7767 -52.1307 46
      vertex 55.1258 -50.65 46
    endloop
  endfacet
  facet normal 0 0 1
    outer loop
      vertex 56.7767 -52.1307 46
      vertex 55.0314 -50.7914 46
      vertex 56.4749 -52.4749 46
    endloop
  endfacet
  facet normal -0 0 1
    outer loop
      vertex 54.9192 -50.9192 46
      vertex 56.4749 -52.4749 46
      vertex 55.0314 -50.7914 46
    endloop
  endfacet
  facet normal 0 0 1
    outer loop
      vertex 56.4749 -52.4749 46
      vertex 54.9192 -50.9192 46
      vertex 56.1307 -52.7767 46
    endloop
  endfacet
  facet normal -0 0 1
    outer loop
      vertex 54.7914 -51.0314 46
      vertex 56.1307 -52.7767 46
      vertex 54.9192 -50.9192 46
    endloop
  endfacet
  facet normal 0 0 1
    outer loop
      vertex 56.1307 -52.7767 46
      vertex 54.7914 -51.0314 46
      vertex 55.75 -53.0311 46
    endloop
  endfacet
  facet normal -0 0 1
    outer loop
      vertex 54.65 -51.1258 46
      vertex 55.75 -53.0311 46
      vertex 54.7914 -51.0314 46
    endloop
  endfacet
  facet normal 0 0 1
    outer loop
      vertex 55.75 -53.0311 46
      vertex 54.65 -51.1258 46
      vertex 55.3394 -53.2336 46
    endloop
  endfacet
  facet normal -0 0 1
    outer loop
      vertex 54.4975 -51.201 46
      vertex 55.3394 -53.2336 46
      vertex 54.65 -51.1258 46
    endloop
  endfacet
  facet normal 0 0 1
    outer loop
      vertex 55.3394 -53.2336 46
      vertex 54.4975 -51.201 46
      vertex 54.9059 -53.3807 46
    endloop
  endfacet
  facet normal -0 0 1
    outer loop
      vertex 54.3365 -51.2557 46
      vertex 54.9059 -53.3807 46
      vertex 54.4975 -51.201 46
    endloop
  endfacet
  facet normal 0 0 1
    outer loop
      vertex 54.9059 -53.3807 46
      vertex 54.3365 -51.2557 46
      vertex 54.4568 -53.4701 46
    endloop
  endfacet
  facet normal -0 0 1
    outer loop
      vertex 54.1697 -51.2889 46
      vertex 54.4568 -53.4701 46
      vertex 54.3365 -51.2557 46
    endloop
  endfacet
  facet normal -0 0 1
    outer loop
      vertex 54 -51.3 46
      vertex 54.4568 -53.4701 46
      vertex 54.1697 -51.2889 46
    endloop
  endfacet
  facet normal 0 0 1
    outer loop
      vertex 54 -51.3 46
      vertex 54 -53.5 46
      vertex 54.4568 -53.4701 46
    endloop
  endfacet
  facet normal 0 0 1
    outer loop
      vertex 53.8303 -51.2889 46
      vertex 54 -53.5 46
      vertex 54 -51.3 46
    endloop
  endfacet
  facet normal 0 0 1
    outer loop
      vertex 53.5432 -53.4701 46
      vertex 53.8303 -51.2889 46
      vertex 53.6635 -51.2557 46
    endloop
  endfacet
  facet normal 0 0 1
    outer loop
      vertex 53.8303 -51.2889 46
      vertex 53.5432 -53.4701 46
      vertex 54 -53.5 46
    endloop
  endfacet
  facet normal 0 0 1
    outer loop
      vertex 53.0941 -53.3807 46
      vertex 53.6635 -51.2557 46
      vertex 53.5025 -51.201 46
    endloop
  endfacet
  facet normal 0 0 1
    outer loop
      vertex 52.6606 -53.2336 46
      vertex 53.5025 -51.201 46
      vertex 53.35 -51.1258 46
    endloop
  endfacet
  facet normal 0 0 1
    outer loop
      vertex 52.25 -53.0311 46
      vertex 53.35 -51.1258 46
      vertex 53.2086 -51.0314 46
    endloop
  endfacet
  facet normal 0 0 1
    outer loop
      vertex 53.6635 -51.2557 46
      vertex 53.0941 -53.3807 46
      vertex 53.5432 -53.4701 46
    endloop
  endfacet
  facet normal 0 0 1
    outer loop
      vertex 51.8693 -52.7767 46
      vertex 53.2086 -51.0314 46
      vertex 53.0808 -50.9192 46
    endloop
  endfacet
  facet normal 0 0 1
    outer loop
      vertex 51.5251 -52.4749 46
      vertex 53.0808 -50.9192 46
      vertex 52.9686 -50.7914 46
    endloop
  endfacet
  facet normal 0 0 1
    outer loop
      vertex 51.2233 -52.1307 46
      vertex 52.9686 -50.7914 46
      vertex 52.8742 -50.65 46
    endloop
  endfacet
  facet normal 0 0 1
    outer loop
      vertex 50.9689 -51.75 46
      vertex 52.8742 -50.65 46
      vertex 52.799 -50.4975 46
    endloop
  endfacet
  facet normal 0 0 1
    outer loop
      vertex 50.7664 -51.3394 46
      vertex 52.799 -50.4975 46
      vertex 52.7443 -50.3365 46
    endloop
  endfacet
  facet normal 0 0 1
    outer loop
      vertex 50.6193 -50.9059 46
      vertex 52.7443 -50.3365 46
      vertex 52.7111 -50.1697 46
    endloop
  endfacet
  facet normal 0 0 1
    outer loop
      vertex 53.5025 -51.201 46
      vertex 52.6606 -53.2336 46
      vertex 53.0941 -53.3807 46
    endloop
  endfacet
  facet normal 0 0 1
    outer loop
      vertex 50.5299 -50.4568 46
      vertex 52.7111 -50.1697 46
      vertex 52.7 -50 46
    endloop
  endfacet
  facet normal -0 0 1
    outer loop
      vertex 50.9689 -48.25 46
      vertex 52.8742 -49.35 46
      vertex 51.2233 -47.8693 46
    endloop
  endfacet
  facet normal 0 0 1
    outer loop
      vertex 52.8742 -49.35 46
      vertex 50.9689 -48.25 46
      vertex 52.799 -49.5025 46
    endloop
  endfacet
  facet normal 0 0 1
    outer loop
      vertex 53.35 -51.1258 46
      vertex 52.25 -53.0311 46
      vertex 52.6606 -53.2336 46
    endloop
  endfacet
  facet normal -0 0 1
    outer loop
      vertex 50.7664 -48.6606 46
      vertex 52.799 -49.5025 46
      vertex 50.9689 -48.25 46
    endloop
  endfacet
  facet normal 0 0 1
    outer loop
      vertex 53.2086 -51.0314 46
      vertex 51.8693 -52.7767 46
      vertex 52.25 -53.0311 46
    endloop
  endfacet
  facet normal 0 0 1
    outer loop
      vertex 52.799 -49.5025 46
      vertex 50.7664 -48.6606 46
      vertex 52.7443 -49.6635 46
    endloop
  endfacet
  facet normal 0 0 1
    outer loop
      vertex 53.0808 -50.9192 46
      vertex 51.5251 -52.4749 46
      vertex 51.8693 -52.7767 46
    endloop
  endfacet
  facet normal -0 0 1
    outer loop
      vertex 50.6193 -49.0941 46
      vertex 52.7443 -49.6635 46
      vertex 50.7664 -48.6606 46
    endloop
  endfacet
  facet normal 0 0 1
    outer loop
      vertex 52.9686 -50.7914 46
      vertex 51.2233 -52.1307 46
      vertex 51.5251 -52.4749 46
    endloop
  endfacet
  facet normal 0 0 1
    outer loop
      vertex 52.7443 -49.6635 46
      vertex 50.6193 -49.0941 46
      vertex 52.7111 -49.8303 46
    endloop
  endfacet
  facet normal 0 0 1
    outer loop
      vertex 52.8742 -50.65 46
      vertex 50.9689 -51.75 46
      vertex 51.2233 -52.1307 46
    endloop
  endfacet
  facet normal -0 0 1
    outer loop
      vertex 50.5299 -49.5432 46
      vertex 52.7111 -49.8303 46
      vertex 50.6193 -49.0941 46
    endloop
  endfacet
  facet normal 0 0 1
    outer loop
      vertex 52.799 -50.4975 46
      vertex 50.7664 -51.3394 46
      vertex 50.9689 -51.75 46
    endloop
  endfacet
  facet normal 0 0 1
    outer loop
      vertex 52.7111 -49.8303 46
      vertex 50.5299 -49.5432 46
      vertex 52.7 -50 46
    endloop
  endfacet
  facet normal 0 0 1
    outer loop
      vertex 52.7443 -50.3365 46
      vertex 50.6193 -50.9059 46
      vertex 50.7664 -51.3394 46
    endloop
  endfacet
  facet normal 0 0 1
    outer loop
      vertex 50.5 -50 46
      vertex 52.7 -50 46
      vertex 50.5299 -49.5432 46
    endloop
  endfacet
  facet normal 0 0 1
    outer loop
      vertex 52.7111 -50.1697 46
      vertex 50.5299 -50.4568 46
      vertex 50.6193 -50.9059 46
    endloop
  endfacet
  facet normal 0 0 1
    outer loop
      vertex 52.7 -50 46
      vertex 50.5 -50 46
      vertex 50.5299 -50.4568 46
    endloop
  endfacet
  facet normal -0.195234 -0.980757 0
    outer loop
      vertex 53.0941 -53.3807 2.4
      vertex 53.5432 -53.4701 46
      vertex 53.0941 -53.3807 46
    endloop
  endfacet
  facet normal -0.195234 -0.980757 -0
    outer loop
      vertex 53.5432 -53.4701 46
      vertex 53.0941 -53.3807 2.4
      vertex 53.5432 -53.4701 2.4
    endloop
  endfacet
  facet normal -0.831445 0.555607 0
    outer loop
      vertex 50.9689 -48.25 2.4
      vertex 51.2233 -47.8693 46
      vertex 51.2233 -47.8693 2.4
    endloop
  endfacet
  facet normal -0.831445 0.555607 0
    outer loop
      vertex 51.2233 -47.8693 46
      vertex 50.9689 -48.25 2.4
      vertex 50.9689 -48.25 46
    endloop
  endfacet
  facet normal -0.0653156 -0.997865 0
    outer loop
      vertex 53.5432 -53.4701 2.4
      vertex 54 -53.5 46
      vertex 53.5432 -53.4701 46
    endloop
  endfacet
  facet normal -0.0653156 -0.997865 -0
    outer loop
      vertex 54 -53.5 46
      vertex 53.5432 -53.4701 2.4
      vertex 54 -53.5 2.4
    endloop
  endfacet
  facet normal -0.980761 -0.195211 0
    outer loop
      vertex 55.2889 -49.8303 34
      vertex 55.2557 -49.6635 46
      vertex 55.2557 -49.6635 34
    endloop
  endfacet
  facet normal -0.980761 -0.195211 0
    outer loop
      vertex 55.2557 -49.6635 46
      vertex 55.2889 -49.8303 34
      vertex 55.2889 -49.8303 46
    endloop
  endfacet
  facet normal -0.997868 -0.0652701 0
    outer loop
      vertex 55.3 -50 34
      vertex 55.2889 -49.8303 46
      vertex 55.2889 -49.8303 34
    endloop
  endfacet
  facet normal -0.997868 -0.0652701 0
    outer loop
      vertex 55.2889 -49.8303 46
      vertex 55.3 -50 34
      vertex 55.3 -50 46
    endloop
  endfacet
  facet normal -0.946844 -0.321692 0
    outer loop
      vertex 55.2557 -49.6635 34
      vertex 55.201 -49.5025 46
      vertex 55.201 -49.5025 34
    endloop
  endfacet
  facet normal -0.946844 -0.321692 0
    outer loop
      vertex 55.201 -49.5025 46
      vertex 55.2557 -49.6635 34
      vertex 55.2557 -49.6635 46
    endloop
  endfacet
  facet normal 0.195211 0.980761 -0
    outer loop
      vertex 53.8303 -51.2889 34
      vertex 53.6635 -51.2557 46
      vertex 53.8303 -51.2889 46
    endloop
  endfacet
  facet normal 0.195211 0.980761 0
    outer loop
      vertex 53.6635 -51.2557 46
      vertex 53.8303 -51.2889 34
      vertex 53.6635 -51.2557 34
    endloop
  endfacet
  facet normal -0.442267 -0.896884 0
    outer loop
      vertex 54.4975 -48.799 34
      vertex 54.65 -48.8742 46
      vertex 54.4975 -48.799 46
    endloop
  endfacet
  facet normal -0.442267 -0.896884 -0
    outer loop
      vertex 54.65 -48.8742 46
      vertex 54.4975 -48.799 34
      vertex 54.65 -48.8742 34
    endloop
  endfacet
  facet normal -0.896884 -0.442267 0
    outer loop
      vertex 55.201 -49.5025 34
      vertex 55.1258 -49.35 46
      vertex 55.1258 -49.35 34
    endloop
  endfacet
  facet normal -0.896884 -0.442267 0
    outer loop
      vertex 55.1258 -49.35 46
      vertex 55.201 -49.5025 34
      vertex 55.201 -49.5025 46
    endloop
  endfacet
  facet normal -0.831688 -0.555243 0
    outer loop
      vertex 55.1258 -49.35 34
      vertex 55.0314 -49.2086 46
      vertex 55.0314 -49.2086 34
    endloop
  endfacet
  facet normal -0.831688 -0.555243 0
    outer loop
      vertex 55.0314 -49.2086 46
      vertex 55.1258 -49.35 34
      vertex 55.1258 -49.35 46
    endloop
  endfacet
  facet normal -0.751483 0.659753 0
    outer loop
      vertex 54.9192 -50.9192 34
      vertex 55.0314 -50.7914 46
      vertex 55.0314 -50.7914 34
    endloop
  endfacet
  facet normal -0.751483 0.659753 0
    outer loop
      vertex 55.0314 -50.7914 46
      vertex 54.9192 -50.9192 34
      vertex 54.9192 -50.9192 46
    endloop
  endfacet
  facet normal 0.442267 -0.896884 0
    outer loop
      vertex 53.35 -48.8742 34
      vertex 53.5025 -48.799 46
      vertex 53.35 -48.8742 46
    endloop
  endfacet
  facet normal 0.442267 -0.896884 0
    outer loop
      vertex 53.5025 -48.799 46
      vertex 53.35 -48.8742 34
      vertex 53.5025 -48.799 34
    endloop
  endfacet
  facet normal 0.997868 0.0652701 0
    outer loop
      vertex 52.7111 -50.1697 46
      vertex 52.7 -50 34
      vertex 52.7 -50 46
    endloop
  endfacet
  facet normal 0.997868 0.0652701 0
    outer loop
      vertex 52.7 -50 34
      vertex 52.7111 -50.1697 46
      vertex 52.7111 -50.1697 34
    endloop
  endfacet
  facet normal -0.896884 0.442267 0
    outer loop
      vertex 55.1258 -50.65 34
      vertex 55.201 -50.4975 46
      vertex 55.201 -50.4975 34
    endloop
  endfacet
  facet normal -0.896884 0.442267 0
    outer loop
      vertex 55.201 -50.4975 46
      vertex 55.1258 -50.65 34
      vertex 55.1258 -50.65 46
    endloop
  endfacet
  facet normal 0.659753 -0.751483 0
    outer loop
      vertex 53.0808 -49.0808 34
      vertex 53.2086 -48.9686 46
      vertex 53.0808 -49.0808 46
    endloop
  endfacet
  facet normal 0.659753 -0.751483 0
    outer loop
      vertex 53.2086 -48.9686 46
      vertex 53.0808 -49.0808 34
      vertex 53.2086 -48.9686 34
    endloop
  endfacet
  facet normal -0.751483 -0.659753 0
    outer loop
      vertex 55.0314 -49.2086 34
      vertex 54.9192 -49.0808 46
      vertex 54.9192 -49.0808 34
    endloop
  endfacet
  facet normal -0.751483 -0.659753 0
    outer loop
      vertex 54.9192 -49.0808 46
      vertex 55.0314 -49.2086 34
      vertex 55.0314 -49.2086 46
    endloop
  endfacet
  facet normal -0.980761 0.195211 0
    outer loop
      vertex 55.2557 -50.3365 34
      vertex 55.2889 -50.1697 46
      vertex 55.2889 -50.1697 34
    endloop
  endfacet
  facet normal -0.980761 0.195211 0
    outer loop
      vertex 55.2889 -50.1697 46
      vertex 55.2557 -50.3365 34
      vertex 55.2557 -50.3365 46
    endloop
  endfacet
  facet normal -0.946844 0.321692 0
    outer loop
      vertex 55.201 -50.4975 34
      vertex 55.2557 -50.3365 46
      vertex 55.2557 -50.3365 34
    endloop
  endfacet
  facet normal -0.946844 0.321692 0
    outer loop
      vertex 55.2557 -50.3365 46
      vertex 55.201 -50.4975 34
      vertex 55.201 -50.4975 46
    endloop
  endfacet
  facet normal 0.980761 0.195211 0
    outer loop
      vertex 52.7443 -50.3365 46
      vertex 52.7111 -50.1697 34
      vertex 52.7111 -50.1697 46
    endloop
  endfacet
  facet normal 0.980761 0.195211 0
    outer loop
      vertex 52.7111 -50.1697 34
      vertex 52.7443 -50.3365 46
      vertex 52.7443 -50.3365 34
    endloop
  endfacet
  facet normal 0.751483 0.659753 0
    outer loop
      vertex 53.0808 -50.9192 46
      vertex 52.9686 -50.7914 34
      vertex 52.9686 -50.7914 46
    endloop
  endfacet
  facet normal 0.751483 0.659753 0
    outer loop
      vertex 52.9686 -50.7914 34
      vertex 53.0808 -50.9192 46
      vertex 53.0808 -50.9192 34
    endloop
  endfacet
  facet normal -0.555243 -0.831688 0
    outer loop
      vertex 54.65 -48.8742 34
      vertex 54.7914 -48.9686 46
      vertex 54.65 -48.8742 46
    endloop
  endfacet
  facet normal -0.555243 -0.831688 -0
    outer loop
      vertex 54.7914 -48.9686 46
      vertex 54.65 -48.8742 34
      vertex 54.7914 -48.9686 34
    endloop
  endfacet
  facet normal -0.831688 0.555243 0
    outer loop
      vertex 55.0314 -50.7914 34
      vertex 55.1258 -50.65 46
      vertex 55.1258 -50.65 34
    endloop
  endfacet
  facet normal -0.831688 0.555243 0
    outer loop
      vertex 55.1258 -50.65 46
      vertex 55.0314 -50.7914 34
      vertex 55.0314 -50.7914 46
    endloop
  endfacet
  facet normal -0.321692 0.946844 0
    outer loop
      vertex 54.4975 -51.201 34
      vertex 54.3365 -51.2557 46
      vertex 54.4975 -51.201 46
    endloop
  endfacet
  facet normal -0.321692 0.946844 0
    outer loop
      vertex 54.3365 -51.2557 46
      vertex 54.4975 -51.201 34
      vertex 54.3365 -51.2557 34
    endloop
  endfacet
  facet normal 0.555243 -0.831688 0
    outer loop
      vertex 53.2086 -48.9686 34
      vertex 53.35 -48.8742 46
      vertex 53.2086 -48.9686 46
    endloop
  endfacet
  facet normal 0.555243 -0.831688 0
    outer loop
      vertex 53.35 -48.8742 46
      vertex 53.2086 -48.9686 34
      vertex 53.35 -48.8742 34
    endloop
  endfacet
  facet normal -0.195211 0.980761 0
    outer loop
      vertex 54.3365 -51.2557 34
      vertex 54.1697 -51.2889 46
      vertex 54.3365 -51.2557 46
    endloop
  endfacet
  facet normal -0.195211 0.980761 0
    outer loop
      vertex 54.1697 -51.2889 46
      vertex 54.3365 -51.2557 34
      vertex 54.1697 -51.2889 34
    endloop
  endfacet
  facet normal 0.0652701 0.997868 -0
    outer loop
      vertex 54 -51.3 34
      vertex 53.8303 -51.2889 46
      vertex 54 -51.3 46
    endloop
  endfacet
  facet normal 0.0652701 0.997868 0
    outer loop
      vertex 53.8303 -51.2889 46
      vertex 54 -51.3 34
      vertex 53.8303 -51.2889 34
    endloop
  endfacet
  facet normal 0.659753 0.751483 -0
    outer loop
      vertex 53.2086 -51.0314 34
      vertex 53.0808 -50.9192 46
      vertex 53.2086 -51.0314 46
    endloop
  endfacet
  facet normal 0.659753 0.751483 0
    outer loop
      vertex 53.0808 -50.9192 46
      vertex 53.2086 -51.0314 34
      vertex 53.0808 -50.9192 34
    endloop
  endfacet
  facet normal -0.659753 -0.751483 0
    outer loop
      vertex 54.7914 -48.9686 34
      vertex 54.9192 -49.0808 46
      vertex 54.7914 -48.9686 46
    endloop
  endfacet
  facet normal -0.659753 -0.751483 -0
    outer loop
      vertex 54.9192 -49.0808 46
      vertex 54.7914 -48.9686 34
      vertex 54.9192 -49.0808 34
    endloop
  endfacet
  facet normal 0.980761 -0.195211 0
    outer loop
      vertex 52.7111 -49.8303 46
      vertex 52.7443 -49.6635 34
      vertex 52.7443 -49.6635 46
    endloop
  endfacet
  facet normal 0.980761 -0.195211 0
    outer loop
      vertex 52.7443 -49.6635 34
      vertex 52.7111 -49.8303 46
      vertex 52.7111 -49.8303 34
    endloop
  endfacet
  facet normal 0.321692 -0.946844 0
    outer loop
      vertex 53.5025 -48.799 34
      vertex 53.6635 -48.7443 46
      vertex 53.5025 -48.799 46
    endloop
  endfacet
  facet normal 0.321692 -0.946844 0
    outer loop
      vertex 53.6635 -48.7443 46
      vertex 53.5025 -48.799 34
      vertex 53.6635 -48.7443 34
    endloop
  endfacet
  facet normal 0.946844 0.321692 0
    outer loop
      vertex 52.799 -50.4975 46
      vertex 52.7443 -50.3365 34
      vertex 52.7443 -50.3365 46
    endloop
  endfacet
  facet normal 0.946844 0.321692 0
    outer loop
      vertex 52.7443 -50.3365 34
      vertex 52.799 -50.4975 46
      vertex 52.799 -50.4975 34
    endloop
  endfacet
  facet normal -0.0652701 0.997868 0
    outer loop
      vertex 54.1697 -51.2889 34
      vertex 54 -51.3 46
      vertex 54.1697 -51.2889 46
    endloop
  endfacet
  facet normal -0.0652701 0.997868 0
    outer loop
      vertex 54 -51.3 46
      vertex 54.1697 -51.2889 34
      vertex 54 -51.3 34
    endloop
  endfacet
  facet normal 0.751483 -0.659753 0
    outer loop
      vertex 52.9686 -49.2086 46
      vertex 53.0808 -49.0808 34
      vertex 53.0808 -49.0808 46
    endloop
  endfacet
  facet normal 0.751483 -0.659753 0
    outer loop
      vertex 53.0808 -49.0808 34
      vertex 52.9686 -49.2086 46
      vertex 52.9686 -49.2086 34
    endloop
  endfacet
  facet normal 0.831688 -0.555243 0
    outer loop
      vertex 52.8742 -49.35 46
      vertex 52.9686 -49.2086 34
      vertex 52.9686 -49.2086 46
    endloop
  endfacet
  facet normal 0.831688 -0.555243 0
    outer loop
      vertex 52.9686 -49.2086 34
      vertex 52.8742 -49.35 46
      vertex 52.8742 -49.35 34
    endloop
  endfacet
  facet normal 0.946844 -0.321692 0
    outer loop
      vertex 52.7443 -49.6635 46
      vertex 52.799 -49.5025 34
      vertex 52.799 -49.5025 46
    endloop
  endfacet
  facet normal 0.946844 -0.321692 0
    outer loop
      vertex 52.799 -49.5025 34
      vertex 52.7443 -49.6635 46
      vertex 52.7443 -49.6635 34
    endloop
  endfacet
  facet normal -0.321692 -0.946844 0
    outer loop
      vertex 54.3365 -48.7443 34
      vertex 54.4975 -48.799 46
      vertex 54.3365 -48.7443 46
    endloop
  endfacet
  facet normal -0.321692 -0.946844 -0
    outer loop
      vertex 54.4975 -48.799 46
      vertex 54.3365 -48.7443 34
      vertex 54.4975 -48.799 34
    endloop
  endfacet
  facet normal 0.997868 -0.0652701 0
    outer loop
      vertex 52.7 -50 46
      vertex 52.7111 -49.8303 34
      vertex 52.7111 -49.8303 46
    endloop
  endfacet
  facet normal 0.997868 -0.0652701 0
    outer loop
      vertex 52.7111 -49.8303 34
      vertex 52.7 -50 46
      vertex 52.7 -50 34
    endloop
  endfacet
  facet normal 0.831688 0.555243 0
    outer loop
      vertex 52.9686 -50.7914 46
      vertex 52.8742 -50.65 34
      vertex 52.8742 -50.65 46
    endloop
  endfacet
  facet normal 0.831688 0.555243 0
    outer loop
      vertex 52.8742 -50.65 34
      vertex 52.9686 -50.7914 46
      vertex 52.9686 -50.7914 34
    endloop
  endfacet
  facet normal -0.997868 0.0652701 0
    outer loop
      vertex 55.2889 -50.1697 34
      vertex 55.3 -50 46
      vertex 55.3 -50 34
    endloop
  endfacet
  facet normal -0.997868 0.0652701 0
    outer loop
      vertex 55.3 -50 46
      vertex 55.2889 -50.1697 34
      vertex 55.2889 -50.1697 46
    endloop
  endfacet
  facet normal 0.0652701 -0.997868 0
    outer loop
      vertex 53.8303 -48.7111 34
      vertex 54 -48.7 46
      vertex 53.8303 -48.7111 46
    endloop
  endfacet
  facet normal 0.0652701 -0.997868 0
    outer loop
      vertex 54 -48.7 46
      vertex 53.8303 -48.7111 34
      vertex 54 -48.7 34
    endloop
  endfacet
  facet normal -0.555243 0.831688 0
    outer loop
      vertex 54.7914 -51.0314 34
      vertex 54.65 -51.1258 46
      vertex 54.7914 -51.0314 46
    endloop
  endfacet
  facet normal -0.555243 0.831688 0
    outer loop
      vertex 54.65 -51.1258 46
      vertex 54.7914 -51.0314 34
      vertex 54.65 -51.1258 34
    endloop
  endfacet
  facet normal 0.195211 -0.980761 0
    outer loop
      vertex 53.6635 -48.7443 34
      vertex 53.8303 -48.7111 46
      vertex 53.6635 -48.7443 46
    endloop
  endfacet
  facet normal 0.195211 -0.980761 0
    outer loop
      vertex 53.8303 -48.7111 46
      vertex 53.6635 -48.7443 34
      vertex 53.8303 -48.7111 34
    endloop
  endfacet
  facet normal 0.896884 -0.442267 0
    outer loop
      vertex 52.799 -49.5025 46
      vertex 52.8742 -49.35 34
      vertex 52.8742 -49.35 46
    endloop
  endfacet
  facet normal 0.896884 -0.442267 0
    outer loop
      vertex 52.8742 -49.35 34
      vertex 52.799 -49.5025 46
      vertex 52.799 -49.5025 34
    endloop
  endfacet
  facet normal 0.321692 0.946844 -0
    outer loop
      vertex 53.6635 -51.2557 34
      vertex 53.5025 -51.201 46
      vertex 53.6635 -51.2557 46
    endloop
  endfacet
  facet normal 0.321692 0.946844 0
    outer loop
      vertex 53.5025 -51.201 46
      vertex 53.6635 -51.2557 34
      vertex 53.5025 -51.201 34
    endloop
  endfacet
  facet normal -0.0652701 -0.997868 0
    outer loop
      vertex 54 -48.7 34
      vertex 54.1697 -48.7111 46
      vertex 54 -48.7 46
    endloop
  endfacet
  facet normal -0.0652701 -0.997868 -0
    outer loop
      vertex 54.1697 -48.7111 46
      vertex 54 -48.7 34
      vertex 54.1697 -48.7111 34
    endloop
  endfacet
  facet normal -0.195211 -0.980761 0
    outer loop
      vertex 54.1697 -48.7111 34
      vertex 54.3365 -48.7443 46
      vertex 54.1697 -48.7111 46
    endloop
  endfacet
  facet normal -0.195211 -0.980761 -0
    outer loop
      vertex 54.3365 -48.7443 46
      vertex 54.1697 -48.7111 34
      vertex 54.3365 -48.7443 34
    endloop
  endfacet
  facet normal -0.442267 0.896884 0
    outer loop
      vertex 54.65 -51.1258 34
      vertex 54.4975 -51.201 46
      vertex 54.65 -51.1258 46
    endloop
  endfacet
  facet normal -0.442267 0.896884 0
    outer loop
      vertex 54.4975 -51.201 46
      vertex 54.65 -51.1258 34
      vertex 54.4975 -51.201 34
    endloop
  endfacet
  facet normal 0.442267 0.896884 -0
    outer loop
      vertex 53.5025 -51.201 34
      vertex 53.35 -51.1258 46
      vertex 53.5025 -51.201 46
    endloop
  endfacet
  facet normal 0.442267 0.896884 0
    outer loop
      vertex 53.35 -51.1258 46
      vertex 53.5025 -51.201 34
      vertex 53.35 -51.1258 34
    endloop
  endfacet
  facet normal -0.659753 0.751483 0
    outer loop
      vertex 54.9192 -50.9192 34
      vertex 54.7914 -51.0314 46
      vertex 54.9192 -50.9192 46
    endloop
  endfacet
  facet normal -0.659753 0.751483 0
    outer loop
      vertex 54.7914 -51.0314 46
      vertex 54.9192 -50.9192 34
      vertex 54.7914 -51.0314 34
    endloop
  endfacet
  facet normal 0.896884 0.442267 0
    outer loop
      vertex 52.8742 -50.65 46
      vertex 52.799 -50.4975 34
      vertex 52.799 -50.4975 46
    endloop
  endfacet
  facet normal 0.896884 0.442267 0
    outer loop
      vertex 52.799 -50.4975 34
      vertex 52.8742 -50.65 46
      vertex 52.8742 -50.65 34
    endloop
  endfacet
  facet normal 0 0 1
    outer loop
      vertex 55.2889 -49.8303 34
      vertex 55.2889 -50.1697 34
      vertex 55.3 -50 34
    endloop
  endfacet
  facet normal 0 0 1
    outer loop
      vertex 55.2557 -49.6635 34
      vertex 55.2889 -50.1697 34
      vertex 55.2889 -49.8303 34
    endloop
  endfacet
  facet normal 0 0 1
    outer loop
      vertex 55.2557 -49.6635 34
      vertex 55.2557 -50.3365 34
      vertex 55.2889 -50.1697 34
    endloop
  endfacet
  facet normal 0 0 1
    outer loop
      vertex 55.201 -49.5025 34
      vertex 55.2557 -50.3365 34
      vertex 55.2557 -49.6635 34
    endloop
  endfacet
  facet normal 0 0 1
    outer loop
      vertex 55.201 -49.5025 34
      vertex 55.201 -50.4975 34
      vertex 55.2557 -50.3365 34
    endloop
  endfacet
  facet normal 0 0 1
    outer loop
      vertex 55.1258 -49.35 34
      vertex 55.201 -50.4975 34
      vertex 55.201 -49.5025 34
    endloop
  endfacet
  facet normal 0 0 1
    outer loop
      vertex 55.1258 -49.35 34
      vertex 55.1258 -50.65 34
      vertex 55.201 -50.4975 34
    endloop
  endfacet
  facet normal 0 0 1
    outer loop
      vertex 55.0314 -49.2086 34
      vertex 55.1258 -50.65 34
      vertex 55.1258 -49.35 34
    endloop
  endfacet
  facet normal 0 0 1
    outer loop
      vertex 55.0314 -49.2086 34
      vertex 55.0314 -50.7914 34
      vertex 55.1258 -50.65 34
    endloop
  endfacet
  facet normal 0 0 1
    outer loop
      vertex 54.9192 -49.0808 34
      vertex 55.0314 -50.7914 34
      vertex 55.0314 -49.2086 34
    endloop
  endfacet
  facet normal 0 0 1
    outer loop
      vertex 54.9192 -49.0808 34
      vertex 54.9192 -50.9192 34
      vertex 55.0314 -50.7914 34
    endloop
  endfacet
  facet normal 0 0 1
    outer loop
      vertex 54.7914 -48.9686 34
      vertex 54.9192 -50.9192 34
      vertex 54.9192 -49.0808 34
    endloop
  endfacet
  facet normal 0 0 1
    outer loop
      vertex 54.7914 -48.9686 34
      vertex 54.7914 -51.0314 34
      vertex 54.9192 -50.9192 34
    endloop
  endfacet
  facet normal 0 0 1
    outer loop
      vertex 54.65 -48.8742 34
      vertex 54.7914 -51.0314 34
      vertex 54.7914 -48.9686 34
    endloop
  endfacet
  facet normal 0 0 1
    outer loop
      vertex 54.65 -48.8742 34
      vertex 54.65 -51.1258 34
      vertex 54.7914 -51.0314 34
    endloop
  endfacet
  facet normal 0 0 1
    outer loop
      vertex 54.4975 -48.799 34
      vertex 54.65 -51.1258 34
      vertex 54.65 -48.8742 34
    endloop
  endfacet
  facet normal 0 0 1
    outer loop
      vertex 54.4975 -48.799 34
      vertex 54.4975 -51.201 34
      vertex 54.65 -51.1258 34
    endloop
  endfacet
  facet normal 0 0 1
    outer loop
      vertex 54.3365 -48.7443 34
      vertex 54.4975 -51.201 34
      vertex 54.4975 -48.799 34
    endloop
  endfacet
  facet normal 0 0 1
    outer loop
      vertex 54.3365 -48.7443 34
      vertex 54.3365 -51.2557 34
      vertex 54.4975 -51.201 34
    endloop
  endfacet
  facet normal 0 0 1
    outer loop
      vertex 54.1697 -48.7111 34
      vertex 54.3365 -51.2557 34
      vertex 54.3365 -48.7443 34
    endloop
  endfacet
  facet normal 0 0 1
    outer loop
      vertex 54.1697 -48.7111 34
      vertex 54.1697 -51.2889 34
      vertex 54.3365 -51.2557 34
    endloop
  endfacet
  facet normal 0 0 1
    outer loop
      vertex 54 -48.7 34
      vertex 54.1697 -51.2889 34
      vertex 54.1697 -48.7111 34
    endloop
  endfacet
  facet normal 0 0 1
    outer loop
      vertex 54 -48.7 34
      vertex 54 -51.3 34
      vertex 54.1697 -51.2889 34
    endloop
  endfacet
  facet normal -0 0 1
    outer loop
      vertex 53.8303 -48.7111 34
      vertex 54 -51.3 34
      vertex 54 -48.7 34
    endloop
  endfacet
  facet normal 0 0 1
    outer loop
      vertex 53.8303 -48.7111 34
      vertex 53.8303 -51.2889 34
      vertex 54 -51.3 34
    endloop
  endfacet
  facet normal -0 0 1
    outer loop
      vertex 53.6635 -48.7443 34
      vertex 53.8303 -51.2889 34
      vertex 53.8303 -48.7111 34
    endloop
  endfacet
  facet normal 0 0 1
    outer loop
      vertex 53.6635 -48.7443 34
      vertex 53.6635 -51.2557 34
      vertex 53.8303 -51.2889 34
    endloop
  endfacet
  facet normal -0 0 1
    outer loop
      vertex 53.5025 -48.799 34
      vertex 53.6635 -51.2557 34
      vertex 53.6635 -48.7443 34
    endloop
  endfacet
  facet normal 0 0 1
    outer loop
      vertex 53.5025 -48.799 34
      vertex 53.5025 -51.201 34
      vertex 53.6635 -51.2557 34
    endloop
  endfacet
  facet normal -0 0 1
    outer loop
      vertex 53.35 -48.8742 34
      vertex 53.5025 -51.201 34
      vertex 53.5025 -48.799 34
    endloop
  endfacet
  facet normal 0 0 1
    outer loop
      vertex 53.35 -48.8742 34
      vertex 53.35 -51.1258 34
      vertex 53.5025 -51.201 34
    endloop
  endfacet
  facet normal -0 0 1
    outer loop
      vertex 53.2086 -48.9686 34
      vertex 53.35 -51.1258 34
      vertex 53.35 -48.8742 34
    endloop
  endfacet
  facet normal 0 0 1
    outer loop
      vertex 53.2086 -48.9686 34
      vertex 53.2086 -51.0314 34
      vertex 53.35 -51.1258 34
    endloop
  endfacet
  facet normal -0 0 1
    outer loop
      vertex 53.0808 -49.0808 34
      vertex 53.2086 -51.0314 34
      vertex 53.2086 -48.9686 34
    endloop
  endfacet
  facet normal 0 0 1
    outer loop
      vertex 53.0808 -49.0808 34
      vertex 53.0808 -50.9192 34
      vertex 53.2086 -51.0314 34
    endloop
  endfacet
  facet normal -0 0 1
    outer loop
      vertex 52.9686 -49.2086 34
      vertex 53.0808 -50.9192 34
      vertex 53.0808 -49.0808 34
    endloop
  endfacet
  facet normal 0 0 1
    outer loop
      vertex 52.9686 -49.2086 34
      vertex 52.9686 -50.7914 34
      vertex 53.0808 -50.9192 34
    endloop
  endfacet
  facet normal -0 0 1
    outer loop
      vertex 52.8742 -49.35 34
      vertex 52.9686 -50.7914 34
      vertex 52.9686 -49.2086 34
    endloop
  endfacet
  facet normal 0 0 1
    outer loop
      vertex 52.8742 -49.35 34
      vertex 52.8742 -50.65 34
      vertex 52.9686 -50.7914 34
    endloop
  endfacet
  facet normal -0 0 1
    outer loop
      vertex 52.799 -49.5025 34
      vertex 52.8742 -50.65 34
      vertex 52.8742 -49.35 34
    endloop
  endfacet
  facet normal 0 0 1
    outer loop
      vertex 52.799 -49.5025 34
      vertex 52.799 -50.4975 34
      vertex 52.8742 -50.65 34
    endloop
  endfacet
  facet normal -0 0 1
    outer loop
      vertex 52.7443 -49.6635 34
      vertex 52.799 -50.4975 34
      vertex 52.799 -49.5025 34
    endloop
  endfacet
  facet normal 0 0 1
    outer loop
      vertex 52.7443 -49.6635 34
      vertex 52.7443 -50.3365 34
      vertex 52.799 -50.4975 34
    endloop
  endfacet
  facet normal -0 0 1
    outer loop
      vertex 52.7111 -49.8303 34
      vertex 52.7443 -50.3365 34
      vertex 52.7443 -49.6635 34
    endloop
  endfacet
  facet normal 0 0 1
    outer loop
      vertex 52.7111 -49.8303 34
      vertex 52.7111 -50.1697 34
      vertex 52.7443 -50.3365 34
    endloop
  endfacet
  facet normal 0 -0 1
    outer loop
      vertex 52.7111 -50.1697 34
      vertex 52.7111 -49.8303 34
      vertex 52.7 -50 34
    endloop
  endfacet
  facet normal 0.555243 0.831688 -0
    outer loop
      vertex 53.35 -51.1258 34
      vertex 53.2086 -51.0314 46
      vertex 53.35 -51.1258 46
    endloop
  endfacet
  facet normal 0.555243 0.831688 0
    outer loop
      vertex 53.2086 -51.0314 46
      vertex 53.35 -51.1258 34
      vertex 53.2086 -51.0314 34
    endloop
  endfacet
  facet normal 0.980757 0.195234 0
    outer loop
      vertex -50.5299 -49.5432 46
      vertex -50.6193 -49.0941 2.4
      vertex -50.6193 -49.0941 46
    endloop
  endfacet
  facet normal 0.980757 0.195234 0
    outer loop
      vertex -50.6193 -49.0941 2.4
      vertex -50.5299 -49.5432 46
      vertex -50.5299 -49.5432 2.4
    endloop
  endfacet
  facet normal 0.997865 0.0653156 0
    outer loop
      vertex -50.5 -50 46
      vertex -50.5299 -49.5432 2.4
      vertex -50.5299 -49.5432 46
    endloop
  endfacet
  facet normal 0.997865 0.0653156 0
    outer loop
      vertex -50.5299 -49.5432 2.4
      vertex -50.5 -50 46
      vertex -50.5 -50 2.4
    endloop
  endfacet
  facet normal 0.321335 -0.946966 0
    outer loop
      vertex -53.0941 -53.3807 2.4
      vertex -52.6606 -53.2336 46
      vertex -53.0941 -53.3807 46
    endloop
  endfacet
  facet normal 0.321335 -0.946966 0
    outer loop
      vertex -52.6606 -53.2336 46
      vertex -53.0941 -53.3807 2.4
      vertex -52.6606 -53.2336 2.4
    endloop
  endfacet
  facet normal 0.831445 0.555607 0
    outer loop
      vertex -50.9689 -48.25 46
      vertex -51.2233 -47.8693 2.4
      vertex -51.2233 -47.8693 46
    endloop
  endfacet
  facet normal 0.831445 0.555607 0
    outer loop
      vertex -51.2233 -47.8693 2.4
      vertex -50.9689 -48.25 46
      vertex -50.9689 -48.25 2.4
    endloop
  endfacet
  facet normal -0.89686 0.442314 0
    outer loop
      vertex -57.2336 -48.6606 2.4
      vertex -57.0311 -48.25 46
      vertex -57.0311 -48.25 2.4
    endloop
  endfacet
  facet normal -0.89686 0.442314 0
    outer loop
      vertex -57.0311 -48.25 46
      vertex -57.2336 -48.6606 2.4
      vertex -57.2336 -48.6606 46
    endloop
  endfacet
  facet normal -0.555607 0.831445 0
    outer loop
      vertex -55.75 -46.9689 2.4
      vertex -56.1307 -47.2233 46
      vertex -55.75 -46.9689 46
    endloop
  endfacet
  facet normal -0.555607 0.831445 0
    outer loop
      vertex -56.1307 -47.2233 46
      vertex -55.75 -46.9689 2.4
      vertex -56.1307 -47.2233 2.4
    endloop
  endfacet
  facet normal -0.659278 0.7519 0
    outer loop
      vertex -56.1307 -47.2233 2.4
      vertex -56.4749 -47.5251 46
      vertex -56.1307 -47.2233 46
    endloop
  endfacet
  facet normal -0.659278 0.7519 0
    outer loop
      vertex -56.4749 -47.5251 46
      vertex -56.1307 -47.2233 2.4
      vertex -56.4749 -47.5251 2.4
    endloop
  endfacet
  facet normal -0.7519 0.659278 0
    outer loop
      vertex -56.7767 -47.8693 2.4
      vertex -56.4749 -47.5251 46
      vertex -56.4749 -47.5251 2.4
    endloop
  endfacet
  facet normal -0.7519 0.659278 0
    outer loop
      vertex -56.4749 -47.5251 46
      vertex -56.7767 -47.8693 2.4
      vertex -56.7767 -47.8693 46
    endloop
  endfacet
  facet normal 0.946966 -0.321335 0
    outer loop
      vertex -50.7664 -51.3394 46
      vertex -50.6193 -50.9059 2.4
      vertex -50.6193 -50.9059 46
    endloop
  endfacet
  facet normal 0.946966 -0.321335 0
    outer loop
      vertex -50.6193 -50.9059 2.4
      vertex -50.7664 -51.3394 46
      vertex -50.7664 -51.3394 2.4
    endloop
  endfacet
  facet normal -0.997865 0.0653156 0
    outer loop
      vertex -57.5 -50 2.4
      vertex -57.4701 -49.5432 46
      vertex -57.4701 -49.5432 2.4
    endloop
  endfacet
  facet normal -0.997865 0.0653156 0
    outer loop
      vertex -57.4701 -49.5432 46
      vertex -57.5 -50 2.4
      vertex -57.5 -50 46
    endloop
  endfacet
  facet normal 0.555607 0.831445 -0
    outer loop
      vertex -51.8693 -47.2233 2.4
      vertex -52.25 -46.9689 46
      vertex -51.8693 -47.2233 46
    endloop
  endfacet
  facet normal 0.555607 0.831445 0
    outer loop
      vertex -52.25 -46.9689 46
      vertex -51.8693 -47.2233 2.4
      vertex -52.25 -46.9689 2.4
    endloop
  endfacet
  facet normal -0.321335 -0.946966 0
    outer loop
      vertex -55.3394 -53.2336 2.4
      vertex -54.9059 -53.3807 46
      vertex -55.3394 -53.2336 46
    endloop
  endfacet
  facet normal -0.321335 -0.946966 -0
    outer loop
      vertex -54.9059 -53.3807 46
      vertex -55.3394 -53.2336 2.4
      vertex -54.9059 -53.3807 2.4
    endloop
  endfacet
  facet normal 0.195234 -0.980757 0
    outer loop
      vertex -53.5432 -53.4701 2.4
      vertex -53.0941 -53.3807 46
      vertex -53.5432 -53.4701 46
    endloop
  endfacet
  facet normal 0.195234 -0.980757 0
    outer loop
      vertex -53.0941 -53.3807 46
      vertex -53.5432 -53.4701 2.4
      vertex -53.0941 -53.3807 2.4
    endloop
  endfacet
  facet normal -0.321335 0.946966 0
    outer loop
      vertex -54.9059 -46.6193 2.4
      vertex -55.3394 -46.7664 46
      vertex -54.9059 -46.6193 46
    endloop
  endfacet
  facet normal -0.321335 0.946966 0
    outer loop
      vertex -55.3394 -46.7664 46
      vertex -54.9059 -46.6193 2.4
      vertex -55.3394 -46.7664 2.4
    endloop
  endfacet
  facet normal -0.831445 -0.555607 0
    outer loop
      vertex -56.7767 -52.1307 2.4
      vertex -57.0311 -51.75 46
      vertex -57.0311 -51.75 2.4
    endloop
  endfacet
  facet normal -0.831445 -0.555607 0
    outer loop
      vertex -57.0311 -51.75 46
      vertex -56.7767 -52.1307 2.4
      vertex -56.7767 -52.1307 46
    endloop
  endfacet
  facet normal 0.555607 -0.831445 0
    outer loop
      vertex -52.25 -53.0311 2.4
      vertex -51.8693 -52.7767 46
      vertex -52.25 -53.0311 46
    endloop
  endfacet
  facet normal 0.555607 -0.831445 0
    outer loop
      vertex -51.8693 -52.7767 46
      vertex -52.25 -53.0311 2.4
      vertex -51.8693 -52.7767 2.4
    endloop
  endfacet
  facet normal -0.946966 0.321335 0
    outer loop
      vertex -57.3807 -49.0941 2.4
      vertex -57.2336 -48.6606 46
      vertex -57.2336 -48.6606 2.4
    endloop
  endfacet
  facet normal -0.946966 0.321335 0
    outer loop
      vertex -57.2336 -48.6606 46
      vertex -57.3807 -49.0941 2.4
      vertex -57.3807 -49.0941 46
    endloop
  endfacet
  facet normal 0.321335 0.946966 -0
    outer loop
      vertex -52.6606 -46.7664 2.4
      vertex -53.0941 -46.6193 46
      vertex -52.6606 -46.7664 46
    endloop
  endfacet
  facet normal 0.321335 0.946966 0
    outer loop
      vertex -53.0941 -46.6193 46
      vertex -52.6606 -46.7664 2.4
      vertex -53.0941 -46.6193 2.4
    endloop
  endfacet
  facet normal 0.0653156 0.997865 -0
    outer loop
      vertex -53.5432 -46.5299 2.4
      vertex -54 -46.5 46
      vertex -53.5432 -46.5299 46
    endloop
  endfacet
  facet normal 0.0653156 0.997865 0
    outer loop
      vertex -54 -46.5 46
      vertex -53.5432 -46.5299 2.4
      vertex -54 -46.5 2.4
    endloop
  endfacet
  facet normal -0.442314 0.89686 0
    outer loop
      vertex -55.3394 -46.7664 2.4
      vertex -55.75 -46.9689 46
      vertex -55.3394 -46.7664 46
    endloop
  endfacet
  facet normal -0.442314 0.89686 0
    outer loop
      vertex -55.75 -46.9689 46
      vertex -55.3394 -46.7664 2.4
      vertex -55.75 -46.9689 2.4
    endloop
  endfacet
  facet normal 0.831445 -0.555607 0
    outer loop
      vertex -51.2233 -52.1307 46
      vertex -50.9689 -51.75 2.4
      vertex -50.9689 -51.75 46
    endloop
  endfacet
  facet normal 0.831445 -0.555607 0
    outer loop
      vertex -50.9689 -51.75 2.4
      vertex -51.2233 -52.1307 46
      vertex -51.2233 -52.1307 2.4
    endloop
  endfacet
  facet normal -0.997865 -0.0653156 0
    outer loop
      vertex -57.4701 -50.4568 2.4
      vertex -57.5 -50 46
      vertex -57.5 -50 2.4
    endloop
  endfacet
  facet normal -0.997865 -0.0653156 0
    outer loop
      vertex -57.5 -50 46
      vertex -57.4701 -50.4568 2.4
      vertex -57.4701 -50.4568 46
    endloop
  endfacet
  facet normal -0.946966 -0.321335 0
    outer loop
      vertex -57.2336 -51.3394 2.4
      vertex -57.3807 -50.9059 46
      vertex -57.3807 -50.9059 2.4
    endloop
  endfacet
  facet normal -0.946966 -0.321335 0
    outer loop
      vertex -57.3807 -50.9059 46
      vertex -57.2336 -51.3394 2.4
      vertex -57.2336 -51.3394 46
    endloop
  endfacet
  facet normal -0.659278 -0.7519 0
    outer loop
      vertex -56.4749 -52.4749 2.4
      vertex -56.1307 -52.7767 46
      vertex -56.4749 -52.4749 46
    endloop
  endfacet
  facet normal -0.659278 -0.7519 -0
    outer loop
      vertex -56.1307 -52.7767 46
      vertex -56.4749 -52.4749 2.4
      vertex -56.1307 -52.7767 2.4
    endloop
  endfacet
  facet normal 0.442314 0.89686 -0
    outer loop
      vertex -52.25 -46.9689 2.4
      vertex -52.6606 -46.7664 46
      vertex -52.25 -46.9689 46
    endloop
  endfacet
  facet normal 0.442314 0.89686 0
    outer loop
      vertex -52.6606 -46.7664 46
      vertex -52.25 -46.9689 2.4
      vertex -52.6606 -46.7664 2.4
    endloop
  endfacet
  facet normal -0.195234 0.980757 0
    outer loop
      vertex -54.4568 -46.5299 2.4
      vertex -54.9059 -46.6193 46
      vertex -54.4568 -46.5299 46
    endloop
  endfacet
  facet normal -0.195234 0.980757 0
    outer loop
      vertex -54.9059 -46.6193 46
      vertex -54.4568 -46.5299 2.4
      vertex -54.9059 -46.6193 2.4
    endloop
  endfacet
  facet normal 0.7519 0.659278 0
    outer loop
      vertex -51.2233 -47.8693 46
      vertex -51.5251 -47.5251 2.4
      vertex -51.5251 -47.5251 46
    endloop
  endfacet
  facet normal 0.7519 0.659278 0
    outer loop
      vertex -51.5251 -47.5251 2.4
      vertex -51.2233 -47.8693 46
      vertex -51.2233 -47.8693 2.4
    endloop
  endfacet
  facet normal 0.195234 0.980757 -0
    outer loop
      vertex -53.0941 -46.6193 2.4
      vertex -53.5432 -46.5299 46
      vertex -53.0941 -46.6193 46
    endloop
  endfacet
  facet normal 0.195234 0.980757 0
    outer loop
      vertex -53.5432 -46.5299 46
      vertex -53.0941 -46.6193 2.4
      vertex -53.5432 -46.5299 2.4
    endloop
  endfacet
  facet normal 0.7519 -0.659278 0
    outer loop
      vertex -51.5251 -52.4749 46
      vertex -51.2233 -52.1307 2.4
      vertex -51.2233 -52.1307 46
    endloop
  endfacet
  facet normal 0.7519 -0.659278 0
    outer loop
      vertex -51.2233 -52.1307 2.4
      vertex -51.5251 -52.4749 46
      vertex -51.5251 -52.4749 2.4
    endloop
  endfacet
  facet normal -0.442314 -0.89686 0
    outer loop
      vertex -55.75 -53.0311 2.4
      vertex -55.3394 -53.2336 46
      vertex -55.75 -53.0311 46
    endloop
  endfacet
  facet normal -0.442314 -0.89686 -0
    outer loop
      vertex -55.3394 -53.2336 46
      vertex -55.75 -53.0311 2.4
      vertex -55.3394 -53.2336 2.4
    endloop
  endfacet
  facet normal -0.980757 0.195234 0
    outer loop
      vertex -57.4701 -49.5432 2.4
      vertex -57.3807 -49.0941 46
      vertex -57.3807 -49.0941 2.4
    endloop
  endfacet
  facet normal -0.980757 0.195234 0
    outer loop
      vertex -57.3807 -49.0941 46
      vertex -57.4701 -49.5432 2.4
      vertex -57.4701 -49.5432 46
    endloop
  endfacet
  facet normal 0.0653156 -0.997865 0
    outer loop
      vertex -54 -53.5 2.4
      vertex -53.5432 -53.4701 46
      vertex -54 -53.5 46
    endloop
  endfacet
  facet normal 0.0653156 -0.997865 0
    outer loop
      vertex -53.5432 -53.4701 46
      vertex -54 -53.5 2.4
      vertex -53.5432 -53.4701 2.4
    endloop
  endfacet
  facet normal 0.442314 -0.89686 0
    outer loop
      vertex -52.6606 -53.2336 2.4
      vertex -52.25 -53.0311 46
      vertex -52.6606 -53.2336 46
    endloop
  endfacet
  facet normal 0.442314 -0.89686 0
    outer loop
      vertex -52.25 -53.0311 46
      vertex -52.6606 -53.2336 2.4
      vertex -52.25 -53.0311 2.4
    endloop
  endfacet
  facet normal 0.659278 -0.7519 0
    outer loop
      vertex -51.8693 -52.7767 2.4
      vertex -51.5251 -52.4749 46
      vertex -51.8693 -52.7767 46
    endloop
  endfacet
  facet normal 0.659278 -0.7519 0
    outer loop
      vertex -51.5251 -52.4749 46
      vertex -51.8693 -52.7767 2.4
      vertex -51.5251 -52.4749 2.4
    endloop
  endfacet
  facet normal -0.89686 -0.442314 0
    outer loop
      vertex -57.0311 -51.75 2.4
      vertex -57.2336 -51.3394 46
      vertex -57.2336 -51.3394 2.4
    endloop
  endfacet
  facet normal -0.89686 -0.442314 0
    outer loop
      vertex -57.2336 -51.3394 46
      vertex -57.0311 -51.75 2.4
      vertex -57.0311 -51.75 46
    endloop
  endfacet
  facet normal 0.89686 -0.442314 0
    outer loop
      vertex -50.9689 -51.75 46
      vertex -50.7664 -51.3394 2.4
      vertex -50.7664 -51.3394 46
    endloop
  endfacet
  facet normal 0.89686 -0.442314 0
    outer loop
      vertex -50.7664 -51.3394 2.4
      vertex -50.9689 -51.75 46
      vertex -50.9689 -51.75 2.4
    endloop
  endfacet
  facet normal 0.659278 0.7519 -0
    outer loop
      vertex -51.5251 -47.5251 2.4
      vertex -51.8693 -47.2233 46
      vertex -51.5251 -47.5251 46
    endloop
  endfacet
  facet normal 0.659278 0.7519 0
    outer loop
      vertex -51.8693 -47.2233 46
      vertex -51.5251 -47.5251 2.4
      vertex -51.8693 -47.2233 2.4
    endloop
  endfacet
  facet normal 0.997865 -0.0653156 0
    outer loop
      vertex -50.5299 -50.4568 46
      vertex -50.5 -50 2.4
      vertex -50.5 -50 46
    endloop
  endfacet
  facet normal 0.997865 -0.0653156 0
    outer loop
      vertex -50.5 -50 2.4
      vertex -50.5299 -50.4568 46
      vertex -50.5299 -50.4568 2.4
    endloop
  endfacet
  facet normal -0.555607 -0.831445 0
    outer loop
      vertex -56.1307 -52.7767 2.4
      vertex -55.75 -53.0311 46
      vertex -56.1307 -52.7767 46
    endloop
  endfacet
  facet normal -0.555607 -0.831445 -0
    outer loop
      vertex -55.75 -53.0311 46
      vertex -56.1307 -52.7767 2.4
      vertex -55.75 -53.0311 2.4
    endloop
  endfacet
  facet normal 0.89686 0.442314 0
    outer loop
      vertex -50.7664 -48.6606 46
      vertex -50.9689 -48.25 2.4
      vertex -50.9689 -48.25 46
    endloop
  endfacet
  facet normal 0.89686 0.442314 0
    outer loop
      vertex -50.9689 -48.25 2.4
      vertex -50.7664 -48.6606 46
      vertex -50.7664 -48.6606 2.4
    endloop
  endfacet
  facet normal 0.980757 -0.195234 0
    outer loop
      vertex -50.6193 -50.9059 46
      vertex -50.5299 -50.4568 2.4
      vertex -50.5299 -50.4568 46
    endloop
  endfacet
  facet normal 0.980757 -0.195234 0
    outer loop
      vertex -50.5299 -50.4568 2.4
      vertex -50.6193 -50.9059 46
      vertex -50.6193 -50.9059 2.4
    endloop
  endfacet
  facet normal 0.946966 0.321335 0
    outer loop
      vertex -50.6193 -49.0941 46
      vertex -50.7664 -48.6606 2.4
      vertex -50.7664 -48.6606 46
    endloop
  endfacet
  facet normal 0.946966 0.321335 0
    outer loop
      vertex -50.7664 -48.6606 2.4
      vertex -50.6193 -49.0941 46
      vertex -50.6193 -49.0941 2.4
    endloop
  endfacet
  facet normal -0.0653156 0.997865 0
    outer loop
      vertex -54 -46.5 2.4
      vertex -54.4568 -46.5299 46
      vertex -54 -46.5 46
    endloop
  endfacet
  facet normal -0.0653156 0.997865 0
    outer loop
      vertex -54.4568 -46.5299 46
      vertex -54 -46.5 2.4
      vertex -54.4568 -46.5299 2.4
    endloop
  endfacet
  facet normal -0.980757 -0.195234 0
    outer loop
      vertex -57.3807 -50.9059 2.4
      vertex -57.4701 -50.4568 46
      vertex -57.4701 -50.4568 2.4
    endloop
  endfacet
  facet normal -0.980757 -0.195234 0
    outer loop
      vertex -57.4701 -50.4568 46
      vertex -57.3807 -50.9059 2.4
      vertex -57.3807 -50.9059 46
    endloop
  endfacet
  facet normal -0.7519 -0.659278 0
    outer loop
      vertex -56.4749 -52.4749 2.4
      vertex -56.7767 -52.1307 46
      vertex -56.7767 -52.1307 2.4
    endloop
  endfacet
  facet normal -0.7519 -0.659278 0
    outer loop
      vertex -56.7767 -52.1307 46
      vertex -56.4749 -52.4749 2.4
      vertex -56.4749 -52.4749 46
    endloop
  endfacet
  facet normal 0 0 1
    outer loop
      vertex -52.7 -50 46
      vertex -50.5 -50 46
      vertex -50.5299 -49.5432 46
    endloop
  endfacet
  facet normal 0 0 1
    outer loop
      vertex -52.7111 -49.8303 46
      vertex -50.5299 -49.5432 46
      vertex -50.6193 -49.0941 46
    endloop
  endfacet
  facet normal 0 0 1
    outer loop
      vertex -50.5 -50 46
      vertex -52.7 -50 46
      vertex -50.5299 -50.4568 46
    endloop
  endfacet
  facet normal 0 0 1
    outer loop
      vertex -52.7443 -49.6635 46
      vertex -50.6193 -49.0941 46
      vertex -50.7664 -48.6606 46
    endloop
  endfacet
  facet normal -0 0 1
    outer loop
      vertex -52.7111 -50.1697 46
      vertex -50.5299 -50.4568 46
      vertex -52.7 -50 46
    endloop
  endfacet
  facet normal 0 0 1
    outer loop
      vertex -52.799 -49.5025 46
      vertex -50.7664 -48.6606 46
      vertex -50.9689 -48.25 46
    endloop
  endfacet
  facet normal 0 0 1
    outer loop
      vertex -50.5299 -50.4568 46
      vertex -52.7111 -50.1697 46
      vertex -50.6193 -50.9059 46
    endloop
  endfacet
  facet normal 0 0 1
    outer loop
      vertex -52.8742 -49.35 46
      vertex -50.9689 -48.25 46
      vertex -51.2233 -47.8693 46
    endloop
  endfacet
  facet normal -0 0 1
    outer loop
      vertex -52.7443 -50.3365 46
      vertex -50.6193 -50.9059 46
      vertex -52.7111 -50.1697 46
    endloop
  endfacet
  facet normal 0 0 1
    outer loop
      vertex -52.9686 -49.2086 46
      vertex -51.2233 -47.8693 46
      vertex -51.5251 -47.5251 46
    endloop
  endfacet
  facet normal 0 0 1
    outer loop
      vertex -50.6193 -50.9059 46
      vertex -52.7443 -50.3365 46
      vertex -50.7664 -51.3394 46
    endloop
  endfacet
  facet normal 0 0 1
    outer loop
      vertex -53.0808 -49.0808 46
      vertex -51.5251 -47.5251 46
      vertex -51.8693 -47.2233 46
    endloop
  endfacet
  facet normal -0 0 1
    outer loop
      vertex -52.799 -50.4975 46
      vertex -50.7664 -51.3394 46
      vertex -52.7443 -50.3365 46
    endloop
  endfacet
  facet normal 0 0 1
    outer loop
      vertex -53.2086 -48.9686 46
      vertex -51.8693 -47.2233 46
      vertex -52.25 -46.9689 46
    endloop
  endfacet
  facet normal 0 0 1
    outer loop
      vertex -50.7664 -51.3394 46
      vertex -52.799 -50.4975 46
      vertex -50.9689 -51.75 46
    endloop
  endfacet
  facet normal 0 0 1
    outer loop
      vertex -53.35 -48.8742 46
      vertex -52.25 -46.9689 46
      vertex -52.6606 -46.7664 46
    endloop
  endfacet
  facet normal -0 0 1
    outer loop
      vertex -52.8742 -50.65 46
      vertex -50.9689 -51.75 46
      vertex -52.799 -50.4975 46
    endloop
  endfacet
  facet normal 0 0 1
    outer loop
      vertex -50.9689 -51.75 46
      vertex -52.8742 -50.65 46
      vertex -51.2233 -52.1307 46
    endloop
  endfacet
  facet normal 0 0 1
    outer loop
      vertex -50.5299 -49.5432 46
      vertex -52.7111 -49.8303 46
      vertex -52.7 -50 46
    endloop
  endfacet
  facet normal 0 0 1
    outer loop
      vertex -50.6193 -49.0941 46
      vertex -52.7443 -49.6635 46
      vertex -52.7111 -49.8303 46
    endloop
  endfacet
  facet normal 0 0 1
    outer loop
      vertex -50.7664 -48.6606 46
      vertex -52.799 -49.5025 46
      vertex -52.7443 -49.6635 46
    endloop
  endfacet
  facet normal 0 0 1
    outer loop
      vertex -50.9689 -48.25 46
      vertex -52.8742 -49.35 46
      vertex -52.799 -49.5025 46
    endloop
  endfacet
  facet normal 0 0 1
    outer loop
      vertex -51.2233 -47.8693 46
      vertex -52.9686 -49.2086 46
      vertex -52.8742 -49.35 46
    endloop
  endfacet
  facet normal 0 0 1
    outer loop
      vertex -51.5251 -47.5251 46
      vertex -53.0808 -49.0808 46
      vertex -52.9686 -49.2086 46
    endloop
  endfacet
  facet normal 0 0 1
    outer loop
      vertex -53.5025 -48.799 46
      vertex -52.6606 -46.7664 46
      vertex -53.0941 -46.6193 46
    endloop
  endfacet
  facet normal 0 0 1
    outer loop
      vertex -51.8693 -47.2233 46
      vertex -53.2086 -48.9686 46
      vertex -53.0808 -49.0808 46
    endloop
  endfacet
  facet normal 0 0 1
    outer loop
      vertex -52.25 -46.9689 46
      vertex -53.35 -48.8742 46
      vertex -53.2086 -48.9686 46
    endloop
  endfacet
  facet normal 0 0 1
    outer loop
      vertex -52.6606 -46.7664 46
      vertex -53.5025 -48.799 46
      vertex -53.35 -48.8742 46
    endloop
  endfacet
  facet normal 0 0 1
    outer loop
      vertex -53.6635 -48.7443 46
      vertex -53.0941 -46.6193 46
      vertex -53.5432 -46.5299 46
    endloop
  endfacet
  facet normal 0 0 1
    outer loop
      vertex -53.0941 -46.6193 46
      vertex -53.6635 -48.7443 46
      vertex -53.5025 -48.799 46
    endloop
  endfacet
  facet normal 0 0 1
    outer loop
      vertex -53.5432 -46.5299 46
      vertex -53.8303 -48.7111 46
      vertex -53.6635 -48.7443 46
    endloop
  endfacet
  facet normal 0 0 1
    outer loop
      vertex -54 -46.5 46
      vertex -53.8303 -48.7111 46
      vertex -53.5432 -46.5299 46
    endloop
  endfacet
  facet normal 0 0 1
    outer loop
      vertex -54 -46.5 46
      vertex -54 -48.7 46
      vertex -53.8303 -48.7111 46
    endloop
  endfacet
  facet normal 0 0 1
    outer loop
      vertex -54 -46.5 46
      vertex -54.1697 -48.7111 46
      vertex -54 -48.7 46
    endloop
  endfacet
  facet normal -0 0 1
    outer loop
      vertex -54.4568 -46.5299 46
      vertex -54.1697 -48.7111 46
      vertex -54 -46.5 46
    endloop
  endfacet
  facet normal 0 0 1
    outer loop
      vertex -54.1697 -48.7111 46
      vertex -54.4568 -46.5299 46
      vertex -54.3365 -48.7443 46
    endloop
  endfacet
  facet normal -0 0 1
    outer loop
      vertex -54.9059 -46.6193 46
      vertex -54.3365 -48.7443 46
      vertex -54.4568 -46.5299 46
    endloop
  endfacet
  facet normal 0 0 1
    outer loop
      vertex -54.3365 -48.7443 46
      vertex -54.9059 -46.6193 46
      vertex -54.4975 -48.799 46
    endloop
  endfacet
  facet normal -0 0 1
    outer loop
      vertex -55.3394 -46.7664 46
      vertex -54.4975 -48.799 46
      vertex -54.9059 -46.6193 46
    endloop
  endfacet
  facet normal 0 0 1
    outer loop
      vertex -54.4975 -48.799 46
      vertex -55.3394 -46.7664 46
      vertex -54.65 -48.8742 46
    endloop
  endfacet
  facet normal -0 0 1
    outer loop
      vertex -55.75 -46.9689 46
      vertex -54.65 -48.8742 46
      vertex -55.3394 -46.7664 46
    endloop
  endfacet
  facet normal 0 0 1
    outer loop
      vertex -54.65 -48.8742 46
      vertex -55.75 -46.9689 46
      vertex -54.7914 -48.9686 46
    endloop
  endfacet
  facet normal -0 0 1
    outer loop
      vertex -56.1307 -47.2233 46
      vertex -54.7914 -48.9686 46
      vertex -55.75 -46.9689 46
    endloop
  endfacet
  facet normal 0 0 1
    outer loop
      vertex -54.7914 -48.9686 46
      vertex -56.1307 -47.2233 46
      vertex -54.9192 -49.0808 46
    endloop
  endfacet
  facet normal -0 0 1
    outer loop
      vertex -56.4749 -47.5251 46
      vertex -54.9192 -49.0808 46
      vertex -56.1307 -47.2233 46
    endloop
  endfacet
  facet normal 0 0 1
    outer loop
      vertex -54.9192 -49.0808 46
      vertex -56.4749 -47.5251 46
      vertex -55.0314 -49.2086 46
    endloop
  endfacet
  facet normal 0 0 1
    outer loop
      vertex -55.0314 -49.2086 46
      vertex -56.7767 -47.8693 46
      vertex -55.1258 -49.35 46
    endloop
  endfacet
  facet normal -0 0 1
    outer loop
      vertex -56.7767 -47.8693 46
      vertex -55.0314 -49.2086 46
      vertex -56.4749 -47.5251 46
    endloop
  endfacet
  facet normal -0 0 1
    outer loop
      vertex -52.9686 -50.7914 46
      vertex -51.2233 -52.1307 46
      vertex -52.8742 -50.65 46
    endloop
  endfacet
  facet normal 0 0 1
    outer loop
      vertex -51.2233 -52.1307 46
      vertex -52.9686 -50.7914 46
      vertex -51.5251 -52.4749 46
    endloop
  endfacet
  facet normal -0 0 1
    outer loop
      vertex -53.0808 -50.9192 46
      vertex -51.5251 -52.4749 46
      vertex -52.9686 -50.7914 46
    endloop
  endfacet
  facet normal 0 0 1
    outer loop
      vertex -51.5251 -52.4749 46
      vertex -53.0808 -50.9192 46
      vertex -51.8693 -52.7767 46
    endloop
  endfacet
  facet normal -0 0 1
    outer loop
      vertex -53.2086 -51.0314 46
      vertex -51.8693 -52.7767 46
      vertex -53.0808 -50.9192 46
    endloop
  endfacet
  facet normal 0 0 1
    outer loop
      vertex -51.8693 -52.7767 46
      vertex -53.2086 -51.0314 46
      vertex -52.25 -53.0311 46
    endloop
  endfacet
  facet normal -0 0 1
    outer loop
      vertex -53.35 -51.1258 46
      vertex -52.25 -53.0311 46
      vertex -53.2086 -51.0314 46
    endloop
  endfacet
  facet normal 0 0 1
    outer loop
      vertex -52.25 -53.0311 46
      vertex -53.35 -51.1258 46
      vertex -52.6606 -53.2336 46
    endloop
  endfacet
  facet normal -0 0 1
    outer loop
      vertex -53.5025 -51.201 46
      vertex -52.6606 -53.2336 46
      vertex -53.35 -51.1258 46
    endloop
  endfacet
  facet normal 0 0 1
    outer loop
      vertex -52.6606 -53.2336 46
      vertex -53.5025 -51.201 46
      vertex -53.0941 -53.3807 46
    endloop
  endfacet
  facet normal -0 0 1
    outer loop
      vertex -53.6635 -51.2557 46
      vertex -53.0941 -53.3807 46
      vertex -53.5025 -51.201 46
    endloop
  endfacet
  facet normal 0 0 1
    outer loop
      vertex -53.0941 -53.3807 46
      vertex -53.6635 -51.2557 46
      vertex -53.5432 -53.4701 46
    endloop
  endfacet
  facet normal -0 0 1
    outer loop
      vertex -53.8303 -51.2889 46
      vertex -53.5432 -53.4701 46
      vertex -53.6635 -51.2557 46
    endloop
  endfacet
  facet normal -0 0 1
    outer loop
      vertex -54 -51.3 46
      vertex -53.5432 -53.4701 46
      vertex -53.8303 -51.2889 46
    endloop
  endfacet
  facet normal 0 0 1
    outer loop
      vertex -54 -51.3 46
      vertex -54 -53.5 46
      vertex -53.5432 -53.4701 46
    endloop
  endfacet
  facet normal 0 0 1
    outer loop
      vertex -54.1697 -51.2889 46
      vertex -54 -53.5 46
      vertex -54 -51.3 46
    endloop
  endfacet
  facet normal 0 0 1
    outer loop
      vertex -54.4568 -53.4701 46
      vertex -54.1697 -51.2889 46
      vertex -54.3365 -51.2557 46
    endloop
  endfacet
  facet normal 0 0 1
    outer loop
      vertex -54.1697 -51.2889 46
      vertex -54.4568 -53.4701 46
      vertex -54 -53.5 46
    endloop
  endfacet
  facet normal 0 0 1
    outer loop
      vertex -54.9059 -53.3807 46
      vertex -54.3365 -51.2557 46
      vertex -54.4975 -51.201 46
    endloop
  endfacet
  facet normal 0 0 1
    outer loop
      vertex -55.3394 -53.2336 46
      vertex -54.4975 -51.201 46
      vertex -54.65 -51.1258 46
    endloop
  endfacet
  facet normal 0 0 1
    outer loop
      vertex -55.75 -53.0311 46
      vertex -54.65 -51.1258 46
      vertex -54.7914 -51.0314 46
    endloop
  endfacet
  facet normal 0 0 1
    outer loop
      vertex -54.3365 -51.2557 46
      vertex -54.9059 -53.3807 46
      vertex -54.4568 -53.4701 46
    endloop
  endfacet
  facet normal 0 0 1
    outer loop
      vertex -56.1307 -52.7767 46
      vertex -54.7914 -51.0314 46
      vertex -54.9192 -50.9192 46
    endloop
  endfacet
  facet normal 0 0 1
    outer loop
      vertex -56.4749 -52.4749 46
      vertex -54.9192 -50.9192 46
      vertex -55.0314 -50.7914 46
    endloop
  endfacet
  facet normal 0 0 1
    outer loop
      vertex -56.7767 -52.1307 46
      vertex -55.0314 -50.7914 46
      vertex -55.1258 -50.65 46
    endloop
  endfacet
  facet normal 0 0 1
    outer loop
      vertex -57.0311 -51.75 46
      vertex -55.1258 -50.65 46
      vertex -55.201 -50.4975 46
    endloop
  endfacet
  facet normal 0 0 1
    outer loop
      vertex -57.2336 -51.3394 46
      vertex -55.201 -50.4975 46
      vertex -55.2557 -50.3365 46
    endloop
  endfacet
  facet normal 0 0 1
    outer loop
      vertex -57.3807 -50.9059 46
      vertex -55.2557 -50.3365 46
      vertex -55.2889 -50.1697 46
    endloop
  endfacet
  facet normal 0 0 1
    outer loop
      vertex -54.4975 -51.201 46
      vertex -55.3394 -53.2336 46
      vertex -54.9059 -53.3807 46
    endloop
  endfacet
  facet normal 0 0 1
    outer loop
      vertex -57.4701 -50.4568 46
      vertex -55.2889 -50.1697 46
      vertex -55.3 -50 46
    endloop
  endfacet
  facet normal -0 0 1
    outer loop
      vertex -57.0311 -48.25 46
      vertex -55.1258 -49.35 46
      vertex -56.7767 -47.8693 46
    endloop
  endfacet
  facet normal 0 0 1
    outer loop
      vertex -55.1258 -49.35 46
      vertex -57.0311 -48.25 46
      vertex -55.201 -49.5025 46
    endloop
  endfacet
  facet normal 0 0 1
    outer loop
      vertex -54.65 -51.1258 46
      vertex -55.75 -53.0311 46
      vertex -55.3394 -53.2336 46
    endloop
  endfacet
  facet normal -0 0 1
    outer loop
      vertex -57.2336 -48.6606 46
      vertex -55.201 -49.5025 46
      vertex -57.0311 -48.25 46
    endloop
  endfacet
  facet normal 0 0 1
    outer loop
      vertex -54.7914 -51.0314 46
      vertex -56.1307 -52.7767 46
      vertex -55.75 -53.0311 46
    endloop
  endfacet
  facet normal 0 0 1
    outer loop
      vertex -55.201 -49.5025 46
      vertex -57.2336 -48.6606 46
      vertex -55.2557 -49.6635 46
    endloop
  endfacet
  facet normal 0 0 1
    outer loop
      vertex -54.9192 -50.9192 46
      vertex -56.4749 -52.4749 46
      vertex -56.1307 -52.7767 46
    endloop
  endfacet
  facet normal -0 0 1
    outer loop
      vertex -57.3807 -49.0941 46
      vertex -55.2557 -49.6635 46
      vertex -57.2336 -48.6606 46
    endloop
  endfacet
  facet normal 0 0 1
    outer loop
      vertex -55.0314 -50.7914 46
      vertex -56.7767 -52.1307 46
      vertex -56.4749 -52.4749 46
    endloop
  endfacet
  facet normal 0 0 1
    outer loop
      vertex -55.2557 -49.6635 46
      vertex -57.3807 -49.0941 46
      vertex -55.2889 -49.8303 46
    endloop
  endfacet
  facet normal 0 0 1
    outer loop
      vertex -55.1258 -50.65 46
      vertex -57.0311 -51.75 46
      vertex -56.7767 -52.1307 46
    endloop
  endfacet
  facet normal -0 0 1
    outer loop
      vertex -57.4701 -49.5432 46
      vertex -55.2889 -49.8303 46
      vertex -57.3807 -49.0941 46
    endloop
  endfacet
  facet normal 0 0 1
    outer loop
      vertex -55.201 -50.4975 46
      vertex -57.2336 -51.3394 46
      vertex -57.0311 -51.75 46
    endloop
  endfacet
  facet normal 0 0 1
    outer loop
      vertex -55.2889 -49.8303 46
      vertex -57.4701 -49.5432 46
      vertex -55.3 -50 46
    endloop
  endfacet
  facet normal 0 0 1
    outer loop
      vertex -55.2557 -50.3365 46
      vertex -57.3807 -50.9059 46
      vertex -57.2336 -51.3394 46
    endloop
  endfacet
  facet normal 0 0 1
    outer loop
      vertex -57.5 -50 46
      vertex -55.3 -50 46
      vertex -57.4701 -49.5432 46
    endloop
  endfacet
  facet normal 0 0 1
    outer loop
      vertex -55.2889 -50.1697 46
      vertex -57.4701 -50.4568 46
      vertex -57.3807 -50.9059 46
    endloop
  endfacet
  facet normal 0 0 1
    outer loop
      vertex -55.3 -50 46
      vertex -57.5 -50 46
      vertex -57.4701 -50.4568 46
    endloop
  endfacet
  facet normal -0.195234 -0.980757 0
    outer loop
      vertex -54.9059 -53.3807 2.4
      vertex -54.4568 -53.4701 46
      vertex -54.9059 -53.3807 46
    endloop
  endfacet
  facet normal -0.195234 -0.980757 -0
    outer loop
      vertex -54.4568 -53.4701 46
      vertex -54.9059 -53.3807 2.4
      vertex -54.4568 -53.4701 2.4
    endloop
  endfacet
  facet normal -0.831445 0.555607 0
    outer loop
      vertex -57.0311 -48.25 2.4
      vertex -56.7767 -47.8693 46
      vertex -56.7767 -47.8693 2.4
    endloop
  endfacet
  facet normal -0.831445 0.555607 0
    outer loop
      vertex -56.7767 -47.8693 46
      vertex -57.0311 -48.25 2.4
      vertex -57.0311 -48.25 46
    endloop
  endfacet
  facet normal -0.0653156 -0.997865 0
    outer loop
      vertex -54.4568 -53.4701 2.4
      vertex -54 -53.5 46
      vertex -54.4568 -53.4701 46
    endloop
  endfacet
  facet normal -0.0653156 -0.997865 -0
    outer loop
      vertex -54 -53.5 46
      vertex -54.4568 -53.4701 2.4
      vertex -54 -53.5 2.4
    endloop
  endfacet
  facet normal -0.980761 -0.195211 0
    outer loop
      vertex -52.7111 -49.8303 34
      vertex -52.7443 -49.6635 46
      vertex -52.7443 -49.6635 34
    endloop
  endfacet
  facet normal -0.980761 -0.195211 0
    outer loop
      vertex -52.7443 -49.6635 46
      vertex -52.7111 -49.8303 34
      vertex -52.7111 -49.8303 46
    endloop
  endfacet
  facet normal -0.997868 -0.0652701 0
    outer loop
      vertex -52.7 -50 34
      vertex -52.7111 -49.8303 46
      vertex -52.7111 -49.8303 34
    endloop
  endfacet
  facet normal -0.997868 -0.0652701 0
    outer loop
      vertex -52.7111 -49.8303 46
      vertex -52.7 -50 34
      vertex -52.7 -50 46
    endloop
  endfacet
  facet normal -0.946844 -0.321692 0
    outer loop
      vertex -52.7443 -49.6635 34
      vertex -52.799 -49.5025 46
      vertex -52.799 -49.5025 34
    endloop
  endfacet
  facet normal -0.946844 -0.321692 0
    outer loop
      vertex -52.799 -49.5025 46
      vertex -52.7443 -49.6635 34
      vertex -52.7443 -49.6635 46
    endloop
  endfacet
  facet normal 0.195211 0.980761 -0
    outer loop
      vertex -54.1697 -51.2889 34
      vertex -54.3365 -51.2557 46
      vertex -54.1697 -51.2889 46
    endloop
  endfacet
  facet normal 0.195211 0.980761 0
    outer loop
      vertex -54.3365 -51.2557 46
      vertex -54.1697 -51.2889 34
      vertex -54.3365 -51.2557 34
    endloop
  endfacet
  facet normal -0.442267 -0.896884 0
    outer loop
      vertex -53.5025 -48.799 34
      vertex -53.35 -48.8742 46
      vertex -53.5025 -48.799 46
    endloop
  endfacet
  facet normal -0.442267 -0.896884 -0
    outer loop
      vertex -53.35 -48.8742 46
      vertex -53.5025 -48.799 34
      vertex -53.35 -48.8742 34
    endloop
  endfacet
  facet normal -0.896884 -0.442267 0
    outer loop
      vertex -52.799 -49.5025 34
      vertex -52.8742 -49.35 46
      vertex -52.8742 -49.35 34
    endloop
  endfacet
  facet normal -0.896884 -0.442267 0
    outer loop
      vertex -52.8742 -49.35 46
      vertex -52.799 -49.5025 34
      vertex -52.799 -49.5025 46
    endloop
  endfacet
  facet normal -0.831688 -0.555243 0
    outer loop
      vertex -52.8742 -49.35 34
      vertex -52.9686 -49.2086 46
      vertex -52.9686 -49.2086 34
    endloop
  endfacet
  facet normal -0.831688 -0.555243 0
    outer loop
      vertex -52.9686 -49.2086 46
      vertex -52.8742 -49.35 34
      vertex -52.8742 -49.35 46
    endloop
  endfacet
  facet normal -0.751483 0.659753 0
    outer loop
      vertex -53.0808 -50.9192 34
      vertex -52.9686 -50.7914 46
      vertex -52.9686 -50.7914 34
    endloop
  endfacet
  facet normal -0.751483 0.659753 0
    outer loop
      vertex -52.9686 -50.7914 46
      vertex -53.0808 -50.9192 34
      vertex -53.0808 -50.9192 46
    endloop
  endfacet
  facet normal 0.442267 -0.896884 0
    outer loop
      vertex -54.65 -48.8742 34
      vertex -54.4975 -48.799 46
      vertex -54.65 -48.8742 46
    endloop
  endfacet
  facet normal 0.442267 -0.896884 0
    outer loop
      vertex -54.4975 -48.799 46
      vertex -54.65 -48.8742 34
      vertex -54.4975 -48.799 34
    endloop
  endfacet
  facet normal 0.997868 0.0652701 0
    outer loop
      vertex -55.2889 -50.1697 46
      vertex -55.3 -50 34
      vertex -55.3 -50 46
    endloop
  endfacet
  facet normal 0.997868 0.0652701 0
    outer loop
      vertex -55.3 -50 34
      vertex -55.2889 -50.1697 46
      vertex -55.2889 -50.1697 34
    endloop
  endfacet
  facet normal -0.896884 0.442267 0
    outer loop
      vertex -52.8742 -50.65 34
      vertex -52.799 -50.4975 46
      vertex -52.799 -50.4975 34
    endloop
  endfacet
  facet normal -0.896884 0.442267 0
    outer loop
      vertex -52.799 -50.4975 46
      vertex -52.8742 -50.65 34
      vertex -52.8742 -50.65 46
    endloop
  endfacet
  facet normal 0.659753 -0.751483 0
    outer loop
      vertex -54.9192 -49.0808 34
      vertex -54.7914 -48.9686 46
      vertex -54.9192 -49.0808 46
    endloop
  endfacet
  facet normal 0.659753 -0.751483 0
    outer loop
      vertex -54.7914 -48.9686 46
      vertex -54.9192 -49.0808 34
      vertex -54.7914 -48.9686 34
    endloop
  endfacet
  facet normal -0.751483 -0.659753 0
    outer loop
      vertex -52.9686 -49.2086 34
      vertex -53.0808 -49.0808 46
      vertex -53.0808 -49.0808 34
    endloop
  endfacet
  facet normal -0.751483 -0.659753 0
    outer loop
      vertex -53.0808 -49.0808 46
      vertex -52.9686 -49.2086 34
      vertex -52.9686 -49.2086 46
    endloop
  endfacet
  facet normal -0.980761 0.195211 0
    outer loop
      vertex -52.7443 -50.3365 34
      vertex -52.7111 -50.1697 46
      vertex -52.7111 -50.1697 34
    endloop
  endfacet
  facet normal -0.980761 0.195211 0
    outer loop
      vertex -52.7111 -50.1697 46
      vertex -52.7443 -50.3365 34
      vertex -52.7443 -50.3365 46
    endloop
  endfacet
  facet normal -0.946844 0.321692 0
    outer loop
      vertex -52.799 -50.4975 34
      vertex -52.7443 -50.3365 46
      vertex -52.7443 -50.3365 34
    endloop
  endfacet
  facet normal -0.946844 0.321692 0
    outer loop
      vertex -52.7443 -50.3365 46
      vertex -52.799 -50.4975 34
      vertex -52.799 -50.4975 46
    endloop
  endfacet
  facet normal 0.980761 0.195211 0
    outer loop
      vertex -55.2557 -50.3365 46
      vertex -55.2889 -50.1697 34
      vertex -55.2889 -50.1697 46
    endloop
  endfacet
  facet normal 0.980761 0.195211 0
    outer loop
      vertex -55.2889 -50.1697 34
      vertex -55.2557 -50.3365 46
      vertex -55.2557 -50.3365 34
    endloop
  endfacet
  facet normal 0.751483 0.659753 0
    outer loop
      vertex -54.9192 -50.9192 46
      vertex -55.0314 -50.7914 34
      vertex -55.0314 -50.7914 46
    endloop
  endfacet
  facet normal 0.751483 0.659753 0
    outer loop
      vertex -55.0314 -50.7914 34
      vertex -54.9192 -50.9192 46
      vertex -54.9192 -50.9192 34
    endloop
  endfacet
  facet normal -0.555243 -0.831688 0
    outer loop
      vertex -53.35 -48.8742 34
      vertex -53.2086 -48.9686 46
      vertex -53.35 -48.8742 46
    endloop
  endfacet
  facet normal -0.555243 -0.831688 -0
    outer loop
      vertex -53.2086 -48.9686 46
      vertex -53.35 -48.8742 34
      vertex -53.2086 -48.9686 34
    endloop
  endfacet
  facet normal -0.831688 0.555243 0
    outer loop
      vertex -52.9686 -50.7914 34
      vertex -52.8742 -50.65 46
      vertex -52.8742 -50.65 34
    endloop
  endfacet
  facet normal -0.831688 0.555243 0
    outer loop
      vertex -52.8742 -50.65 46
      vertex -52.9686 -50.7914 34
      vertex -52.9686 -50.7914 46
    endloop
  endfacet
  facet normal -0.321692 0.946844 0
    outer loop
      vertex -53.5025 -51.201 34
      vertex -53.6635 -51.2557 46
      vertex -53.5025 -51.201 46
    endloop
  endfacet
  facet normal -0.321692 0.946844 0
    outer loop
      vertex -53.6635 -51.2557 46
      vertex -53.5025 -51.201 34
      vertex -53.6635 -51.2557 34
    endloop
  endfacet
  facet normal 0.555243 -0.831688 0
    outer loop
      vertex -54.7914 -48.9686 34
      vertex -54.65 -48.8742 46
      vertex -54.7914 -48.9686 46
    endloop
  endfacet
  facet normal 0.555243 -0.831688 0
    outer loop
      vertex -54.65 -48.8742 46
      vertex -54.7914 -48.9686 34
      vertex -54.65 -48.8742 34
    endloop
  endfacet
  facet normal -0.195211 0.980761 0
    outer loop
      vertex -53.6635 -51.2557 34
      vertex -53.8303 -51.2889 46
      vertex -53.6635 -51.2557 46
    endloop
  endfacet
  facet normal -0.195211 0.980761 0
    outer loop
      vertex -53.8303 -51.2889 46
      vertex -53.6635 -51.2557 34
      vertex -53.8303 -51.2889 34
    endloop
  endfacet
  facet normal 0.0652701 0.997868 -0
    outer loop
      vertex -54 -51.3 34
      vertex -54.1697 -51.2889 46
      vertex -54 -51.3 46
    endloop
  endfacet
  facet normal 0.0652701 0.997868 0
    outer loop
      vertex -54.1697 -51.2889 46
      vertex -54 -51.3 34
      vertex -54.1697 -51.2889 34
    endloop
  endfacet
  facet normal 0.659753 0.751483 -0
    outer loop
      vertex -54.7914 -51.0314 34
      vertex -54.9192 -50.9192 46
      vertex -54.7914 -51.0314 46
    endloop
  endfacet
  facet normal 0.659753 0.751483 0
    outer loop
      vertex -54.9192 -50.9192 46
      vertex -54.7914 -51.0314 34
      vertex -54.9192 -50.9192 34
    endloop
  endfacet
  facet normal -0.659753 -0.751483 0
    outer loop
      vertex -53.2086 -48.9686 34
      vertex -53.0808 -49.0808 46
      vertex -53.2086 -48.9686 46
    endloop
  endfacet
  facet normal -0.659753 -0.751483 -0
    outer loop
      vertex -53.0808 -49.0808 46
      vertex -53.2086 -48.9686 34
      vertex -53.0808 -49.0808 34
    endloop
  endfacet
  facet normal 0.980761 -0.195211 0
    outer loop
      vertex -55.2889 -49.8303 46
      vertex -55.2557 -49.6635 34
      vertex -55.2557 -49.6635 46
    endloop
  endfacet
  facet normal 0.980761 -0.195211 0
    outer loop
      vertex -55.2557 -49.6635 34
      vertex -55.2889 -49.8303 46
      vertex -55.2889 -49.8303 34
    endloop
  endfacet
  facet normal 0.321692 -0.946844 0
    outer loop
      vertex -54.4975 -48.799 34
      vertex -54.3365 -48.7443 46
      vertex -54.4975 -48.799 46
    endloop
  endfacet
  facet normal 0.321692 -0.946844 0
    outer loop
      vertex -54.3365 -48.7443 46
      vertex -54.4975 -48.799 34
      vertex -54.3365 -48.7443 34
    endloop
  endfacet
  facet normal 0.946844 0.321692 0
    outer loop
      vertex -55.201 -50.4975 46
      vertex -55.2557 -50.3365 34
      vertex -55.2557 -50.3365 46
    endloop
  endfacet
  facet normal 0.946844 0.321692 0
    outer loop
      vertex -55.2557 -50.3365 34
      vertex -55.201 -50.4975 46
      vertex -55.201 -50.4975 34
    endloop
  endfacet
  facet normal -0.0652701 0.997868 0
    outer loop
      vertex -53.8303 -51.2889 34
      vertex -54 -51.3 46
      vertex -53.8303 -51.2889 46
    endloop
  endfacet
  facet normal -0.0652701 0.997868 0
    outer loop
      vertex -54 -51.3 46
      vertex -53.8303 -51.2889 34
      vertex -54 -51.3 34
    endloop
  endfacet
  facet normal 0.751483 -0.659753 0
    outer loop
      vertex -55.0314 -49.2086 46
      vertex -54.9192 -49.0808 34
      vertex -54.9192 -49.0808 46
    endloop
  endfacet
  facet normal 0.751483 -0.659753 0
    outer loop
      vertex -54.9192 -49.0808 34
      vertex -55.0314 -49.2086 46
      vertex -55.0314 -49.2086 34
    endloop
  endfacet
  facet normal 0.831688 -0.555243 0
    outer loop
      vertex -55.1258 -49.35 46
      vertex -55.0314 -49.2086 34
      vertex -55.0314 -49.2086 46
    endloop
  endfacet
  facet normal 0.831688 -0.555243 0
    outer loop
      vertex -55.0314 -49.2086 34
      vertex -55.1258 -49.35 46
      vertex -55.1258 -49.35 34
    endloop
  endfacet
  facet normal 0.946844 -0.321692 0
    outer loop
      vertex -55.2557 -49.6635 46
      vertex -55.201 -49.5025 34
      vertex -55.201 -49.5025 46
    endloop
  endfacet
  facet normal 0.946844 -0.321692 0
    outer loop
      vertex -55.201 -49.5025 34
      vertex -55.2557 -49.6635 46
      vertex -55.2557 -49.6635 34
    endloop
  endfacet
  facet normal -0.321692 -0.946844 0
    outer loop
      vertex -53.6635 -48.7443 34
      vertex -53.5025 -48.799 46
      vertex -53.6635 -48.7443 46
    endloop
  endfacet
  facet normal -0.321692 -0.946844 -0
    outer loop
      vertex -53.5025 -48.799 46
      vertex -53.6635 -48.7443 34
      vertex -53.5025 -48.799 34
    endloop
  endfacet
  facet normal 0.997868 -0.0652701 0
    outer loop
      vertex -55.3 -50 46
      vertex -55.2889 -49.8303 34
      vertex -55.2889 -49.8303 46
    endloop
  endfacet
  facet normal 0.997868 -0.0652701 0
    outer loop
      vertex -55.2889 -49.8303 34
      vertex -55.3 -50 46
      vertex -55.3 -50 34
    endloop
  endfacet
  facet normal 0.831688 0.555243 0
    outer loop
      vertex -55.0314 -50.7914 46
      vertex -55.1258 -50.65 34
      vertex -55.1258 -50.65 46
    endloop
  endfacet
  facet normal 0.831688 0.555243 0
    outer loop
      vertex -55.1258 -50.65 34
      vertex -55.0314 -50.7914 46
      vertex -55.0314 -50.7914 34
    endloop
  endfacet
  facet normal -0.997868 0.0652701 0
    outer loop
      vertex -52.7111 -50.1697 34
      vertex -52.7 -50 46
      vertex -52.7 -50 34
    endloop
  endfacet
  facet normal -0.997868 0.0652701 0
    outer loop
      vertex -52.7 -50 46
      vertex -52.7111 -50.1697 34
      vertex -52.7111 -50.1697 46
    endloop
  endfacet
  facet normal 0.0652701 -0.997868 0
    outer loop
      vertex -54.1697 -48.7111 34
      vertex -54 -48.7 46
      vertex -54.1697 -48.7111 46
    endloop
  endfacet
  facet normal 0.0652701 -0.997868 0
    outer loop
      vertex -54 -48.7 46
      vertex -54.1697 -48.7111 34
      vertex -54 -48.7 34
    endloop
  endfacet
  facet normal -0.555243 0.831688 0
    outer loop
      vertex -53.2086 -51.0314 34
      vertex -53.35 -51.1258 46
      vertex -53.2086 -51.0314 46
    endloop
  endfacet
  facet normal -0.555243 0.831688 0
    outer loop
      vertex -53.35 -51.1258 46
      vertex -53.2086 -51.0314 34
      vertex -53.35 -51.1258 34
    endloop
  endfacet
  facet normal 0.195211 -0.980761 0
    outer loop
      vertex -54.3365 -48.7443 34
      vertex -54.1697 -48.7111 46
      vertex -54.3365 -48.7443 46
    endloop
  endfacet
  facet normal 0.195211 -0.980761 0
    outer loop
      vertex -54.1697 -48.7111 46
      vertex -54.3365 -48.7443 34
      vertex -54.1697 -48.7111 34
    endloop
  endfacet
  facet normal 0.896884 -0.442267 0
    outer loop
      vertex -55.201 -49.5025 46
      vertex -55.1258 -49.35 34
      vertex -55.1258 -49.35 46
    endloop
  endfacet
  facet normal 0.896884 -0.442267 0
    outer loop
      vertex -55.1258 -49.35 34
      vertex -55.201 -49.5025 46
      vertex -55.201 -49.5025 34
    endloop
  endfacet
  facet normal 0.321692 0.946844 -0
    outer loop
      vertex -54.3365 -51.2557 34
      vertex -54.4975 -51.201 46
      vertex -54.3365 -51.2557 46
    endloop
  endfacet
  facet normal 0.321692 0.946844 0
    outer loop
      vertex -54.4975 -51.201 46
      vertex -54.3365 -51.2557 34
      vertex -54.4975 -51.201 34
    endloop
  endfacet
  facet normal -0.0652701 -0.997868 0
    outer loop
      vertex -54 -48.7 34
      vertex -53.8303 -48.7111 46
      vertex -54 -48.7 46
    endloop
  endfacet
  facet normal -0.0652701 -0.997868 -0
    outer loop
      vertex -53.8303 -48.7111 46
      vertex -54 -48.7 34
      vertex -53.8303 -48.7111 34
    endloop
  endfacet
  facet normal -0.195211 -0.980761 0
    outer loop
      vertex -53.8303 -48.7111 34
      vertex -53.6635 -48.7443 46
      vertex -53.8303 -48.7111 46
    endloop
  endfacet
  facet normal -0.195211 -0.980761 -0
    outer loop
      vertex -53.6635 -48.7443 46
      vertex -53.8303 -48.7111 34
      vertex -53.6635 -48.7443 34
    endloop
  endfacet
  facet normal -0.442267 0.896884 0
    outer loop
      vertex -53.35 -51.1258 34
      vertex -53.5025 -51.201 46
      vertex -53.35 -51.1258 46
    endloop
  endfacet
  facet normal -0.442267 0.896884 0
    outer loop
      vertex -53.5025 -51.201 46
      vertex -53.35 -51.1258 34
      vertex -53.5025 -51.201 34
    endloop
  endfacet
  facet normal 0.442267 0.896884 -0
    outer loop
      vertex -54.4975 -51.201 34
      vertex -54.65 -51.1258 46
      vertex -54.4975 -51.201 46
    endloop
  endfacet
  facet normal 0.442267 0.896884 0
    outer loop
      vertex -54.65 -51.1258 46
      vertex -54.4975 -51.201 34
      vertex -54.65 -51.1258 34
    endloop
  endfacet
  facet normal -0.659753 0.751483 0
    outer loop
      vertex -53.0808 -50.9192 34
      vertex -53.2086 -51.0314 46
      vertex -53.0808 -50.9192 46
    endloop
  endfacet
  facet normal -0.659753 0.751483 0
    outer loop
      vertex -53.2086 -51.0314 46
      vertex -53.0808 -50.9192 34
      vertex -53.2086 -51.0314 34
    endloop
  endfacet
  facet normal 0.896884 0.442267 0
    outer loop
      vertex -55.1258 -50.65 46
      vertex -55.201 -50.4975 34
      vertex -55.201 -50.4975 46
    endloop
  endfacet
  facet normal 0.896884 0.442267 0
    outer loop
      vertex -55.201 -50.4975 34
      vertex -55.1258 -50.65 46
      vertex -55.1258 -50.65 34
    endloop
  endfacet
  facet normal 0 0 1
    outer loop
      vertex -52.7111 -49.8303 34
      vertex -52.7111 -50.1697 34
      vertex -52.7 -50 34
    endloop
  endfacet
  facet normal 0 0 1
    outer loop
      vertex -52.7443 -49.6635 34
      vertex -52.7111 -50.1697 34
      vertex -52.7111 -49.8303 34
    endloop
  endfacet
  facet normal 0 0 1
    outer loop
      vertex -52.7443 -49.6635 34
      vertex -52.7443 -50.3365 34
      vertex -52.7111 -50.1697 34
    endloop
  endfacet
  facet normal 0 0 1
    outer loop
      vertex -52.799 -49.5025 34
      vertex -52.7443 -50.3365 34
      vertex -52.7443 -49.6635 34
    endloop
  endfacet
  facet normal 0 0 1
    outer loop
      vertex -52.799 -49.5025 34
      vertex -52.799 -50.4975 34
      vertex -52.7443 -50.3365 34
    endloop
  endfacet
  facet normal 0 0 1
    outer loop
      vertex -52.8742 -49.35 34
      vertex -52.799 -50.4975 34
      vertex -52.799 -49.5025 34
    endloop
  endfacet
  facet normal 0 0 1
    outer loop
      vertex -52.8742 -49.35 34
      vertex -52.8742 -50.65 34
      vertex -52.799 -50.4975 34
    endloop
  endfacet
  facet normal 0 0 1
    outer loop
      vertex -52.9686 -49.2086 34
      vertex -52.8742 -50.65 34
      vertex -52.8742 -49.35 34
    endloop
  endfacet
  facet normal 0 0 1
    outer loop
      vertex -52.9686 -49.2086 34
      vertex -52.9686 -50.7914 34
      vertex -52.8742 -50.65 34
    endloop
  endfacet
  facet normal 0 0 1
    outer loop
      vertex -53.0808 -49.0808 34
      vertex -52.9686 -50.7914 34
      vertex -52.9686 -49.2086 34
    endloop
  endfacet
  facet normal 0 0 1
    outer loop
      vertex -53.0808 -49.0808 34
      vertex -53.0808 -50.9192 34
      vertex -52.9686 -50.7914 34
    endloop
  endfacet
  facet normal 0 0 1
    outer loop
      vertex -53.2086 -48.9686 34
      vertex -53.0808 -50.9192 34
      vertex -53.0808 -49.0808 34
    endloop
  endfacet
  facet normal 0 0 1
    outer loop
      vertex -53.2086 -48.9686 34
      vertex -53.2086 -51.0314 34
      vertex -53.0808 -50.9192 34
    endloop
  endfacet
  facet normal 0 0 1
    outer loop
      vertex -53.35 -48.8742 34
      vertex -53.2086 -51.0314 34
      vertex -53.2086 -48.9686 34
    endloop
  endfacet
  facet normal 0 0 1
    outer loop
      vertex -53.35 -48.8742 34
      vertex -53.35 -51.1258 34
      vertex -53.2086 -51.0314 34
    endloop
  endfacet
  facet normal 0 0 1
    outer loop
      vertex -53.5025 -48.799 34
      vertex -53.35 -51.1258 34
      vertex -53.35 -48.8742 34
    endloop
  endfacet
  facet normal 0 0 1
    outer loop
      vertex -53.5025 -48.799 34
      vertex -53.5025 -51.201 34
      vertex -53.35 -51.1258 34
    endloop
  endfacet
  facet normal 0 0 1
    outer loop
      vertex -53.6635 -48.7443 34
      vertex -53.5025 -51.201 34
      vertex -53.5025 -48.799 34
    endloop
  endfacet
  facet normal 0 0 1
    outer loop
      vertex -53.6635 -48.7443 34
      vertex -53.6635 -51.2557 34
      vertex -53.5025 -51.201 34
    endloop
  endfacet
  facet normal 0 0 1
    outer loop
      vertex -53.8303 -48.7111 34
      vertex -53.6635 -51.2557 34
      vertex -53.6635 -48.7443 34
    endloop
  endfacet
  facet normal 0 0 1
    outer loop
      vertex -53.8303 -48.7111 34
      vertex -53.8303 -51.2889 34
      vertex -53.6635 -51.2557 34
    endloop
  endfacet
  facet normal 0 0 1
    outer loop
      vertex -54 -48.7 34
      vertex -53.8303 -51.2889 34
      vertex -53.8303 -48.7111 34
    endloop
  endfacet
  facet normal 0 0 1
    outer loop
      vertex -54 -48.7 34
      vertex -54 -51.3 34
      vertex -53.8303 -51.2889 34
    endloop
  endfacet
  facet normal -0 0 1
    outer loop
      vertex -54.1697 -48.7111 34
      vertex -54 -51.3 34
      vertex -54 -48.7 34
    endloop
  endfacet
  facet normal 0 0 1
    outer loop
      vertex -54.1697 -48.7111 34
      vertex -54.1697 -51.2889 34
      vertex -54 -51.3 34
    endloop
  endfacet
  facet normal -0 0 1
    outer loop
      vertex -54.3365 -48.7443 34
      vertex -54.1697 -51.2889 34
      vertex -54.1697 -48.7111 34
    endloop
  endfacet
  facet normal 0 0 1
    outer loop
      vertex -54.3365 -48.7443 34
      vertex -54.3365 -51.2557 34
      vertex -54.1697 -51.2889 34
    endloop
  endfacet
  facet normal -0 0 1
    outer loop
      vertex -54.4975 -48.799 34
      vertex -54.3365 -51.2557 34
      vertex -54.3365 -48.7443 34
    endloop
  endfacet
  facet normal 0 0 1
    outer loop
      vertex -54.4975 -48.799 34
      vertex -54.4975 -51.201 34
      vertex -54.3365 -51.2557 34
    endloop
  endfacet
  facet normal -0 0 1
    outer loop
      vertex -54.65 -48.8742 34
      vertex -54.4975 -51.201 34
      vertex -54.4975 -48.799 34
    endloop
  endfacet
  facet normal 0 0 1
    outer loop
      vertex -54.65 -48.8742 34
      vertex -54.65 -51.1258 34
      vertex -54.4975 -51.201 34
    endloop
  endfacet
  facet normal -0 0 1
    outer loop
      vertex -54.7914 -48.9686 34
      vertex -54.65 -51.1258 34
      vertex -54.65 -48.8742 34
    endloop
  endfacet
  facet normal 0 0 1
    outer loop
      vertex -54.7914 -48.9686 34
      vertex -54.7914 -51.0314 34
      vertex -54.65 -51.1258 34
    endloop
  endfacet
  facet normal -0 0 1
    outer loop
      vertex -54.9192 -49.0808 34
      vertex -54.7914 -51.0314 34
      vertex -54.7914 -48.9686 34
    endloop
  endfacet
  facet normal 0 0 1
    outer loop
      vertex -54.9192 -49.0808 34
      vertex -54.9192 -50.9192 34
      vertex -54.7914 -51.0314 34
    endloop
  endfacet
  facet normal -0 0 1
    outer loop
      vertex -55.0314 -49.2086 34
      vertex -54.9192 -50.9192 34
      vertex -54.9192 -49.0808 34
    endloop
  endfacet
  facet normal 0 0 1
    outer loop
      vertex -55.0314 -49.2086 34
      vertex -55.0314 -50.7914 34
      vertex -54.9192 -50.9192 34
    endloop
  endfacet
  facet normal -0 0 1
    outer loop
      vertex -55.1258 -49.35 34
      vertex -55.0314 -50.7914 34
      vertex -55.0314 -49.2086 34
    endloop
  endfacet
  facet normal 0 0 1
    outer loop
      vertex -55.1258 -49.35 34
      vertex -55.1258 -50.65 34
      vertex -55.0314 -50.7914 34
    endloop
  endfacet
  facet normal -0 0 1
    outer loop
      vertex -55.201 -49.5025 34
      vertex -55.1258 -50.65 34
      vertex -55.1258 -49.35 34
    endloop
  endfacet
  facet normal 0 0 1
    outer loop
      vertex -55.201 -49.5025 34
      vertex -55.201 -50.4975 34
      vertex -55.1258 -50.65 34
    endloop
  endfacet
  facet normal -0 0 1
    outer loop
      vertex -55.2557 -49.6635 34
      vertex -55.201 -50.4975 34
      vertex -55.201 -49.5025 34
    endloop
  endfacet
  facet normal 0 0 1
    outer loop
      vertex -55.2557 -49.6635 34
      vertex -55.2557 -50.3365 34
      vertex -55.201 -50.4975 34
    endloop
  endfacet
  facet normal -0 0 1
    outer loop
      vertex -55.2889 -49.8303 34
      vertex -55.2557 -50.3365 34
      vertex -55.2557 -49.6635 34
    endloop
  endfacet
  facet normal 0 0 1
    outer loop
      vertex -55.2889 -49.8303 34
      vertex -55.2889 -50.1697 34
      vertex -55.2557 -50.3365 34
    endloop
  endfacet
  facet normal 0 -0 1
    outer loop
      vertex -55.2889 -50.1697 34
      vertex -55.2889 -49.8303 34
      vertex -55.3 -50 34
    endloop
  endfacet
  facet normal 0.555243 0.831688 -0
    outer loop
      vertex -54.65 -51.1258 34
      vertex -54.7914 -51.0314 46
      vertex -54.65 -51.1258 46
    endloop
  endfacet
  facet normal 0.555243 0.831688 0
    outer loop
      vertex -54.7914 -51.0314 46
      vertex -54.65 -51.1258 34
      vertex -54.7914 -51.0314 34
    endloop
  endfacet
  facet normal 1 -0 0
    outer loop
      vertex -19.2 -53.6 32.39
      vertex -19.2 -13.61 2.4
      vertex -19.2 -13.61 32.39
    endloop
  endfacet
  facet normal 1 0 0
    outer loop
      vertex -19.2 -13.61 2.4
      vertex -19.2 -53.6 32.39
      vertex -19.2 -53.6 2.4
    endloop
  endfacet
  facet normal -0 0 1
    outer loop
      vertex -20.8 -13.61 32.39
      vertex -19.2 -53.6 32.39
      vertex -19.2 -13.61 32.39
    endloop
  endfacet
  facet normal 0 0 1
    outer loop
      vertex -19.2 -53.6 32.39
      vertex -20.8 -13.61 32.39
      vertex -20.8 -53.6 32.39
    endloop
  endfacet
  facet normal -1 0 0
    outer loop
      vertex -20.8 -53.6 2.4
      vertex -20.8 -13.61 32.39
      vertex -20.8 -13.61 2.4
    endloop
  endfacet
  facet normal -1 -0 0
    outer loop
      vertex -20.8 -13.61 32.39
      vertex -20.8 -53.6 2.4
      vertex -20.8 -53.6 32.39
    endloop
  endfacet
  facet normal 0 1 -0
    outer loop
      vertex -19.2 -13.61 2.4
      vertex -20.8 -13.61 32.39
      vertex -19.2 -13.61 32.39
    endloop
  endfacet
  facet normal 0 1 0
    outer loop
      vertex -20.8 -13.61 32.39
      vertex -19.2 -13.61 2.4
      vertex -20.8 -13.61 2.4
    endloop
  endfacet
  facet normal 1 -0 0
    outer loop
      vertex 20.8 -53.6 32.39
      vertex 20.8 -13.61 2.4
      vertex 20.8 -13.61 32.39
    endloop
  endfacet
  facet normal 1 0 0
    outer loop
      vertex 20.8 -13.61 2.4
      vertex 20.8 -53.6 32.39
      vertex 20.8 -53.6 2.4
    endloop
  endfacet
  facet normal -0 0 1
    outer loop
      vertex 19.2 -13.61 32.39
      vertex 20.8 -53.6 32.39
      vertex 20.8 -13.61 32.39
    endloop
  endfacet
  facet normal 0 0 1
    outer loop
      vertex 20.8 -53.6 32.39
      vertex 19.2 -13.61 32.39
      vertex 19.2 -53.6 32.39
    endloop
  endfacet
  facet normal -1 0 0
    outer loop
      vertex 19.2 -53.6 2.4
      vertex 19.2 -13.61 32.39
      vertex 19.2 -13.61 2.4
    endloop
  endfacet
  facet normal -1 -0 0
    outer loop
      vertex 19.2 -13.61 32.39
      vertex 19.2 -53.6 2.4
      vertex 19.2 -53.6 32.39
    endloop
  endfacet
  facet normal 0 1 -0
    outer loop
      vertex 20.8 -13.61 2.4
      vertex 19.2 -13.61 32.39
      vertex 20.8 -13.61 32.39
    endloop
  endfacet
  facet normal 0 1 0
    outer loop
      vertex 19.2 -13.61 32.39
      vertex 20.8 -13.61 2.4
      vertex 19.2 -13.61 2.4
    endloop
  endfacet
  facet normal -0 0 1
    outer loop
      vertex -16.4 22 5.39
      vertex -14.8 10 5.39
      vertex -14.8 22 5.39
    endloop
  endfacet
  facet normal 0 0 1
    outer loop
      vertex -14.8 10 5.39
      vertex -16.4 22 5.39
      vertex -16.4 10 5.39
    endloop
  endfacet
  facet normal 0 -1 0
    outer loop
      vertex -16.4 22 5.39
      vertex -14.8 22 12.39
      vertex -16.4 22 12.39
    endloop
  endfacet
  facet normal 0 -1 -0
    outer loop
      vertex -14.8 22 12.39
      vertex -16.4 22 5.39
      vertex -14.8 22 5.39
    endloop
  endfacet
  facet normal 0 1 -0
    outer loop
      vertex -14.8 10 5.39
      vertex -16.4 10 12.39
      vertex -14.8 10 12.39
    endloop
  endfacet
  facet normal 0 1 0
    outer loop
      vertex -16.4 10 12.39
      vertex -14.8 10 5.39
      vertex -16.4 10 5.39
    endloop
  endfacet
  facet normal -0 0 1
    outer loop
      vertex 14.8 22 5.39
      vertex 16.4 10 5.39
      vertex 16.4 22 5.39
    endloop
  endfacet
  facet normal 0 0 1
    outer loop
      vertex 16.4 10 5.39
      vertex 14.8 22 5.39
      vertex 14.8 10 5.39
    endloop
  endfacet
  facet normal 0 -1 0
    outer loop
      vertex 14.8 22 5.39
      vertex 16.4 22 12.39
      vertex 14.8 22 12.39
    endloop
  endfacet
  facet normal 0 -1 -0
    outer loop
      vertex 16.4 22 12.39
      vertex 14.8 22 5.39
      vertex 16.4 22 5.39
    endloop
  endfacet
  facet normal 0 1 -0
    outer loop
      vertex 16.4 10 5.39
      vertex 14.8 10 12.39
      vertex 16.4 10 12.39
    endloop
  endfacet
  facet normal 0 1 0
    outer loop
      vertex 14.8 10 12.39
      vertex 16.4 10 5.39
      vertex 14.8 10 5.39
    endloop
  endfacet
  facet normal 1 0 0
    outer loop
      vertex 16.4 10 12.39
      vertex 16.4 -12.1 12.39
      vertex 16.4 10 5.39
    endloop
  endfacet
  facet normal 1 0 0
    outer loop
      vertex 16.4 22 5.39
      vertex 16.4 44.1 12.39
      vertex 16.4 22 12.39
    endloop
  endfacet
  facet normal 1 0 0
    outer loop
      vertex 16.4 44.1 12.39
      vertex 16.4 22 5.39
      vertex 16.4 44.1 2.4
    endloop
  endfacet
  facet normal 1 -0 0
    outer loop
      vertex 16.4 10 5.39
      vertex 16.4 44.1 2.4
      vertex 16.4 22 5.39
    endloop
  endfacet
  facet normal 1 0 0
    outer loop
      vertex 16.4 10 5.39
      vertex 16.4 -12.1 2.4
      vertex 16.4 44.1 2.4
    endloop
  endfacet
  facet normal 1 0 0
    outer loop
      vertex 16.4 -12.1 2.4
      vertex 16.4 10 5.39
      vertex 16.4 -12.1 12.39
    endloop
  endfacet
  facet normal 0 0 1
    outer loop
      vertex 16.4 44.1 12.39
      vertex 14.8 42.5 12.39
      vertex 16.4 22 12.39
    endloop
  endfacet
  facet normal 0 0 1
    outer loop
      vertex 16.4 44.1 12.39
      vertex -14.8 42.5 12.39
      vertex 14.8 42.5 12.39
    endloop
  endfacet
  facet normal -0 0 1
    outer loop
      vertex -16.4 44.1 12.39
      vertex -14.8 42.5 12.39
      vertex 16.4 44.1 12.39
    endloop
  endfacet
  facet normal 0 0 1
    outer loop
      vertex -16.4 22 12.39
      vertex -14.8 42.5 12.39
      vertex -16.4 44.1 12.39
    endloop
  endfacet
  facet normal 0 0 1
    outer loop
      vertex -14.8 42.5 12.39
      vertex -16.4 22 12.39
      vertex -14.8 22 12.39
    endloop
  endfacet
  facet normal 0 0 1
    outer loop
      vertex 16.4 22 12.39
      vertex 14.8 42.5 12.39
      vertex 14.8 22 12.39
    endloop
  endfacet
  facet normal 0 0 1
    outer loop
      vertex -14.8 10 12.39
      vertex -16.4 10 12.39
      vertex -14.8 -10.5 12.39
    endloop
  endfacet
  facet normal -0 0 1
    outer loop
      vertex -14.8 -10.5 12.39
      vertex -8 -12.1 12.39
      vertex -8 -10.5 12.39
    endloop
  endfacet
  facet normal 0 0 1
    outer loop
      vertex -14.8 -10.5 12.39
      vertex -16.4 -12.1 12.39
      vertex -8 -12.1 12.39
    endloop
  endfacet
  facet normal 0 0 1
    outer loop
      vertex -16.4 -12.1 12.39
      vertex -14.8 -10.5 12.39
      vertex -16.4 10 12.39
    endloop
  endfacet
  facet normal 0 0 1
    outer loop
      vertex 14.8 -10.5 12.39
      vertex 16.4 10 12.39
      vertex 14.8 10 12.39
    endloop
  endfacet
  facet normal 0 0 1
    outer loop
      vertex 16.4 10 12.39
      vertex 14.8 -10.5 12.39
      vertex 16.4 -12.1 12.39
    endloop
  endfacet
  facet normal 0 0 1
    outer loop
      vertex 8 -12.1 12.39
      vertex 14.8 -10.5 12.39
      vertex 8 -10.5 12.39
    endloop
  endfacet
  facet normal 0 0 1
    outer loop
      vertex 14.8 -10.5 12.39
      vertex 8 -12.1 12.39
      vertex 16.4 -12.1 12.39
    endloop
  endfacet
  facet normal -1 0 0
    outer loop
      vertex -16.4 44.1 2.4
      vertex -16.4 22 5.39
      vertex -16.4 44.1 12.39
    endloop
  endfacet
  facet normal -1 0 0
    outer loop
      vertex -16.4 44.1 2.4
      vertex -16.4 10 5.39
      vertex -16.4 22 5.39
    endloop
  endfacet
  facet normal -1 0 0
    outer loop
      vertex -16.4 -12.1 2.4
      vertex -16.4 10 5.39
      vertex -16.4 44.1 2.4
    endloop
  endfacet
  facet normal -1 0 0
    outer loop
      vertex -16.4 -12.1 12.39
      vertex -16.4 10 5.39
      vertex -16.4 -12.1 2.4
    endloop
  endfacet
  facet normal -1 0 0
    outer loop
      vertex -16.4 10 5.39
      vertex -16.4 -12.1 12.39
      vertex -16.4 10 12.39
    endloop
  endfacet
  facet normal -1 -0 0
    outer loop
      vertex -16.4 44.1 12.39
      vertex -16.4 22 5.39
      vertex -16.4 22 12.39
    endloop
  endfacet
  facet normal 0 1 -0
    outer loop
      vertex 16.4 44.1 2.4
      vertex -16.4 44.1 12.39
      vertex 16.4 44.1 12.39
    endloop
  endfacet
  facet normal 0 1 0
    outer loop
      vertex -16.4 44.1 12.39
      vertex 16.4 44.1 2.4
      vertex -16.4 44.1 2.4
    endloop
  endfacet
  facet normal 0 -1 0
    outer loop
      vertex -16.4 -12.1 12.39
      vertex -8 -12.1 4.39
      vertex -8 -12.1 12.39
    endloop
  endfacet
  facet normal 0 -1 -0
    outer loop
      vertex -8 -12.1 4.39
      vertex -16.4 -12.1 2.4
      vertex 8 -12.1 4.39
    endloop
  endfacet
  facet normal 0 -1 0
    outer loop
      vertex -16.4 -12.1 2.4
      vertex -8 -12.1 4.39
      vertex -16.4 -12.1 12.39
    endloop
  endfacet
  facet normal 0 -1 0
    outer loop
      vertex 8 -12.1 4.39
      vertex 16.4 -12.1 12.39
      vertex 8 -12.1 12.39
    endloop
  endfacet
  facet normal 0 -1 0
    outer loop
      vertex 8 -12.1 4.39
      vertex 16.4 -12.1 2.4
      vertex 16.4 -12.1 12.39
    endloop
  endfacet
  facet normal 0 -1 0
    outer loop
      vertex 16.4 -12.1 2.4
      vertex 8 -12.1 4.39
      vertex -16.4 -12.1 2.4
    endloop
  endfacet
  facet normal -1 0 0
    outer loop
      vertex 14.8 42.5 2.4
      vertex 14.8 22 5.39
      vertex 14.8 42.5 12.39
    endloop
  endfacet
  facet normal -1 0 0
    outer loop
      vertex 14.8 42.5 2.4
      vertex 14.8 10 5.39
      vertex 14.8 22 5.39
    endloop
  endfacet
  facet normal -1 0 0
    outer loop
      vertex 14.8 -10.5 2.4
      vertex 14.8 10 5.39
      vertex 14.8 42.5 2.4
    endloop
  endfacet
  facet normal -1 0 0
    outer loop
      vertex 14.8 -10.5 12.39
      vertex 14.8 10 5.39
      vertex 14.8 -10.5 2.4
    endloop
  endfacet
  facet normal -1 0 0
    outer loop
      vertex 14.8 10 5.39
      vertex 14.8 -10.5 12.39
      vertex 14.8 10 12.39
    endloop
  endfacet
  facet normal -1 -0 0
    outer loop
      vertex 14.8 42.5 12.39
      vertex 14.8 22 5.39
      vertex 14.8 22 12.39
    endloop
  endfacet
  facet normal 1 0 0
    outer loop
      vertex -14.8 10 12.39
      vertex -14.8 -10.5 12.39
      vertex -14.8 10 5.39
    endloop
  endfacet
  facet normal 1 0 0
    outer loop
      vertex -14.8 22 5.39
      vertex -14.8 42.5 12.39
      vertex -14.8 22 12.39
    endloop
  endfacet
  facet normal 1 0 0
    outer loop
      vertex -14.8 42.5 12.39
      vertex -14.8 22 5.39
      vertex -14.8 42.5 2.4
    endloop
  endfacet
  facet normal 1 -0 0
    outer loop
      vertex -14.8 10 5.39
      vertex -14.8 42.5 2.4
      vertex -14.8 22 5.39
    endloop
  endfacet
  facet normal 1 0 0
    outer loop
      vertex -14.8 10 5.39
      vertex -14.8 -10.5 2.4
      vertex -14.8 42.5 2.4
    endloop
  endfacet
  facet normal 1 0 0
    outer loop
      vertex -14.8 -10.5 2.4
      vertex -14.8 10 5.39
      vertex -14.8 -10.5 12.39
    endloop
  endfacet
  facet normal 0 -1 0
    outer loop
      vertex -14.8 42.5 2.4
      vertex 14.8 42.5 12.39
      vertex -14.8 42.5 12.39
    endloop
  endfacet
  facet normal 0 -1 -0
    outer loop
      vertex 14.8 42.5 12.39
      vertex -14.8 42.5 2.4
      vertex 14.8 42.5 2.4
    endloop
  endfacet
  facet normal 0 1 0
    outer loop
      vertex 14.8 -10.5 12.39
      vertex 8 -10.5 4.39
      vertex 8 -10.5 12.39
    endloop
  endfacet
  facet normal 0 1 0
    outer loop
      vertex 8 -10.5 4.39
      vertex 14.8 -10.5 2.4
      vertex -8 -10.5 4.39
    endloop
  endfacet
  facet normal 0 1 -0
    outer loop
      vertex 14.8 -10.5 2.4
      vertex 8 -10.5 4.39
      vertex 14.8 -10.5 12.39
    endloop
  endfacet
  facet normal 0 1 -0
    outer loop
      vertex -8 -10.5 4.39
      vertex -14.8 -10.5 12.39
      vertex -8 -10.5 12.39
    endloop
  endfacet
  facet normal 0 1 0
    outer loop
      vertex -8 -10.5 4.39
      vertex -14.8 -10.5 2.4
      vertex -14.8 -10.5 12.39
    endloop
  endfacet
  facet normal 0 1 0
    outer loop
      vertex -14.8 -10.5 2.4
      vertex -8 -10.5 4.39
      vertex 14.8 -10.5 2.4
    endloop
  endfacet
  facet normal -1 0 0
    outer loop
      vertex 8 -12.1 4.39
      vertex 8 -10.5 12.39
      vertex 8 -10.5 4.39
    endloop
  endfacet
  facet normal -1 -0 0
    outer loop
      vertex 8 -10.5 12.39
      vertex 8 -12.1 4.39
      vertex 8 -12.1 12.39
    endloop
  endfacet
  facet normal -0 0 1
    outer loop
      vertex -8 -10.5 4.39
      vertex 8 -12.1 4.39
      vertex 8 -10.5 4.39
    endloop
  endfacet
  facet normal 0 0 1
    outer loop
      vertex 8 -12.1 4.39
      vertex -8 -10.5 4.39
      vertex -8 -12.1 4.39
    endloop
  endfacet
  facet normal 1 -0 0
    outer loop
      vertex -8 -12.1 12.39
      vertex -8 -10.5 4.39
      vertex -8 -10.5 12.39
    endloop
  endfacet
  facet normal 1 0 0
    outer loop
      vertex -8 -10.5 4.39
      vertex -8 -12.1 12.39
      vertex -8 -12.1 4.39
    endloop
  endfacet
  facet normal -1 0 0
    outer loop
      vertex -48.5 -56 8
      vertex -48.5 -53.6 32
      vertex -48.5 -53.6 8
    endloop
  endfacet
  facet normal -1 -0 0
    outer loop
      vertex -48.5 -53.6 32
      vertex -48.5 -56 8
      vertex -48.5 -56 32
    endloop
  endfacet
  facet normal 0 0 -1
    outer loop
      vertex -51.5 -56 32
      vertex -48.5 -53.6 32
      vertex -48.5 -56 32
    endloop
  endfacet
  facet normal -0 0 -1
    outer loop
      vertex -48.5 -53.6 32
      vertex -51.5 -56 32
      vertex -51.5 -53.6 32
    endloop
  endfacet
  facet normal -0 0 1
    outer loop
      vertex -51.5 -53.6 8
      vertex -48.5 -56 8
      vertex -48.5 -53.6 8
    endloop
  endfacet
  facet normal 0 0 1
    outer loop
      vertex -48.5 -56 8
      vertex -51.5 -53.6 8
      vertex -51.5 -56 8
    endloop
  endfacet
  facet normal 1 -0 0
    outer loop
      vertex -51.5 -56 32
      vertex -51.5 -53.6 8
      vertex -51.5 -53.6 32
    endloop
  endfacet
  facet normal 1 0 0
    outer loop
      vertex -51.5 -53.6 8
      vertex -51.5 -56 32
      vertex -51.5 -56 8
    endloop
  endfacet
  facet normal -1 0 0
    outer loop
      vertex -42.5 -56 8
      vertex -42.5 -53.6 32
      vertex -42.5 -53.6 8
    endloop
  endfacet
  facet normal -1 -0 0
    outer loop
      vertex -42.5 -53.6 32
      vertex -42.5 -56 8
      vertex -42.5 -56 32
    endloop
  endfacet
  facet normal 0 0 -1
    outer loop
      vertex -45.5 -56 32
      vertex -42.5 -53.6 32
      vertex -42.5 -56 32
    endloop
  endfacet
  facet normal -0 0 -1
    outer loop
      vertex -42.5 -53.6 32
      vertex -45.5 -56 32
      vertex -45.5 -53.6 32
    endloop
  endfacet
  facet normal -0 0 1
    outer loop
      vertex -45.5 -53.6 8
      vertex -42.5 -56 8
      vertex -42.5 -53.6 8
    endloop
  endfacet
  facet normal 0 0 1
    outer loop
      vertex -42.5 -56 8
      vertex -45.5 -53.6 8
      vertex -45.5 -56 8
    endloop
  endfacet
  facet normal 1 -0 0
    outer loop
      vertex -45.5 -56 32
      vertex -45.5 -53.6 8
      vertex -45.5 -53.6 32
    endloop
  endfacet
  facet normal 1 0 0
    outer loop
      vertex -45.5 -53.6 8
      vertex -45.5 -56 32
      vertex -45.5 -56 8
    endloop
  endfacet
  facet normal -1 0 0
    outer loop
      vertex -36.5 -56 8
      vertex -36.5 -53.6 32
      vertex -36.5 -53.6 8
    endloop
  endfacet
  facet normal -1 -0 0
    outer loop
      vertex -36.5 -53.6 32
      vertex -36.5 -56 8
      vertex -36.5 -56 32
    endloop
  endfacet
  facet normal 0 0 -1
    outer loop
      vertex -39.5 -56 32
      vertex -36.5 -53.6 32
      vertex -36.5 -56 32
    endloop
  endfacet
  facet normal -0 0 -1
    outer loop
      vertex -36.5 -53.6 32
      vertex -39.5 -56 32
      vertex -39.5 -53.6 32
    endloop
  endfacet
  facet normal -0 0 1
    outer loop
      vertex -39.5 -53.6 8
      vertex -36.5 -56 8
      vertex -36.5 -53.6 8
    endloop
  endfacet
  facet normal 0 0 1
    outer loop
      vertex -36.5 -56 8
      vertex -39.5 -53.6 8
      vertex -39.5 -56 8
    endloop
  endfacet
  facet normal 1 -0 0
    outer loop
      vertex -39.5 -56 32
      vertex -39.5 -53.6 8
      vertex -39.5 -53.6 32
    endloop
  endfacet
  facet normal 1 0 0
    outer loop
      vertex -39.5 -53.6 8
      vertex -39.5 -56 32
      vertex -39.5 -56 8
    endloop
  endfacet
  facet normal -1 0 0
    outer loop
      vertex -30.5 -56 8
      vertex -30.5 -53.6 32
      vertex -30.5 -53.6 8
    endloop
  endfacet
  facet normal -1 -0 0
    outer loop
      vertex -30.5 -53.6 32
      vertex -30.5 -56 8
      vertex -30.5 -56 32
    endloop
  endfacet
  facet normal 0 0 -1
    outer loop
      vertex -33.5 -56 32
      vertex -30.5 -53.6 32
      vertex -30.5 -56 32
    endloop
  endfacet
  facet normal -0 0 -1
    outer loop
      vertex -30.5 -53.6 32
      vertex -33.5 -56 32
      vertex -33.5 -53.6 32
    endloop
  endfacet
  facet normal -0 0 1
    outer loop
      vertex -33.5 -53.6 8
      vertex -30.5 -56 8
      vertex -30.5 -53.6 8
    endloop
  endfacet
  facet normal 0 0 1
    outer loop
      vertex -30.5 -56 8
      vertex -33.5 -53.6 8
      vertex -33.5 -56 8
    endloop
  endfacet
  facet normal 1 -0 0
    outer loop
      vertex -33.5 -56 32
      vertex -33.5 -53.6 8
      vertex -33.5 -53.6 32
    endloop
  endfacet
  facet normal 1 0 0
    outer loop
      vertex -33.5 -53.6 8
      vertex -33.5 -56 32
      vertex -33.5 -56 8
    endloop
  endfacet
  facet normal -1 0 0
    outer loop
      vertex -24.5 -56 8
      vertex -24.5 -53.6 32
      vertex -24.5 -53.6 8
    endloop
  endfacet
  facet normal -1 -0 0
    outer loop
      vertex -24.5 -53.6 32
      vertex -24.5 -56 8
      vertex -24.5 -56 32
    endloop
  endfacet
  facet normal 0 0 -1
    outer loop
      vertex -27.5 -56 32
      vertex -24.5 -53.6 32
      vertex -24.5 -56 32
    endloop
  endfacet
  facet normal -0 0 -1
    outer loop
      vertex -24.5 -53.6 32
      vertex -27.5 -56 32
      vertex -27.5 -53.6 32
    endloop
  endfacet
  facet normal -0 0 1
    outer loop
      vertex -27.5 -53.6 8
      vertex -24.5 -56 8
      vertex -24.5 -53.6 8
    endloop
  endfacet
  facet normal 0 0 1
    outer loop
      vertex -24.5 -56 8
      vertex -27.5 -53.6 8
      vertex -27.5 -56 8
    endloop
  endfacet
  facet normal 1 -0 0
    outer loop
      vertex -27.5 -56 32
      vertex -27.5 -53.6 8
      vertex -27.5 -53.6 32
    endloop
  endfacet
  facet normal 1 0 0
    outer loop
      vertex -27.5 -53.6 8
      vertex -27.5 -56 32
      vertex -27.5 -56 8
    endloop
  endfacet
  facet normal -1 0 0
    outer loop
      vertex 27.5 -56 8
      vertex 27.5 -53.6 32
      vertex 27.5 -53.6 8
    endloop
  endfacet
  facet normal -1 -0 0
    outer loop
      vertex 27.5 -53.6 32
      vertex 27.5 -56 8
      vertex 27.5 -56 32
    endloop
  endfacet
  facet normal 0 0 -1
    outer loop
      vertex 24.5 -56 32
      vertex 27.5 -53.6 32
      vertex 27.5 -56 32
    endloop
  endfacet
  facet normal -0 0 -1
    outer loop
      vertex 27.5 -53.6 32
      vertex 24.5 -56 32
      vertex 24.5 -53.6 32
    endloop
  endfacet
  facet normal -0 0 1
    outer loop
      vertex 24.5 -53.6 8
      vertex 27.5 -56 8
      vertex 27.5 -53.6 8
    endloop
  endfacet
  facet normal 0 0 1
    outer loop
      vertex 27.5 -56 8
      vertex 24.5 -53.6 8
      vertex 24.5 -56 8
    endloop
  endfacet
  facet normal 1 -0 0
    outer loop
      vertex 24.5 -56 32
      vertex 24.5 -53.6 8
      vertex 24.5 -53.6 32
    endloop
  endfacet
  facet normal 1 0 0
    outer loop
      vertex 24.5 -53.6 8
      vertex 24.5 -56 32
      vertex 24.5 -56 8
    endloop
  endfacet
  facet normal -1 0 0
    outer loop
      vertex 33.5 -56 8
      vertex 33.5 -53.6 32
      vertex 33.5 -53.6 8
    endloop
  endfacet
  facet normal -1 -0 0
    outer loop
      vertex 33.5 -53.6 32
      vertex 33.5 -56 8
      vertex 33.5 -56 32
    endloop
  endfacet
  facet normal 0 0 -1
    outer loop
      vertex 30.5 -56 32
      vertex 33.5 -53.6 32
      vertex 33.5 -56 32
    endloop
  endfacet
  facet normal -0 0 -1
    outer loop
      vertex 33.5 -53.6 32
      vertex 30.5 -56 32
      vertex 30.5 -53.6 32
    endloop
  endfacet
  facet normal -0 0 1
    outer loop
      vertex 30.5 -53.6 8
      vertex 33.5 -56 8
      vertex 33.5 -53.6 8
    endloop
  endfacet
  facet normal 0 0 1
    outer loop
      vertex 33.5 -56 8
      vertex 30.5 -53.6 8
      vertex 30.5 -56 8
    endloop
  endfacet
  facet normal 1 -0 0
    outer loop
      vertex 30.5 -56 32
      vertex 30.5 -53.6 8
      vertex 30.5 -53.6 32
    endloop
  endfacet
  facet normal 1 0 0
    outer loop
      vertex 30.5 -53.6 8
      vertex 30.5 -56 32
      vertex 30.5 -56 8
    endloop
  endfacet
  facet normal -1 0 0
    outer loop
      vertex 39.5 -56 8
      vertex 39.5 -53.6 32
      vertex 39.5 -53.6 8
    endloop
  endfacet
  facet normal -1 -0 0
    outer loop
      vertex 39.5 -53.6 32
      vertex 39.5 -56 8
      vertex 39.5 -56 32
    endloop
  endfacet
  facet normal 0 0 -1
    outer loop
      vertex 36.5 -56 32
      vertex 39.5 -53.6 32
      vertex 39.5 -56 32
    endloop
  endfacet
  facet normal -0 0 -1
    outer loop
      vertex 39.5 -53.6 32
      vertex 36.5 -56 32
      vertex 36.5 -53.6 32
    endloop
  endfacet
  facet normal -0 0 1
    outer loop
      vertex 36.5 -53.6 8
      vertex 39.5 -56 8
      vertex 39.5 -53.6 8
    endloop
  endfacet
  facet normal 0 0 1
    outer loop
      vertex 39.5 -56 8
      vertex 36.5 -53.6 8
      vertex 36.5 -56 8
    endloop
  endfacet
  facet normal 1 -0 0
    outer loop
      vertex 36.5 -56 32
      vertex 36.5 -53.6 8
      vertex 36.5 -53.6 32
    endloop
  endfacet
  facet normal 1 0 0
    outer loop
      vertex 36.5 -53.6 8
      vertex 36.5 -56 32
      vertex 36.5 -56 8
    endloop
  endfacet
  facet normal -1 0 0
    outer loop
      vertex 45.5 -56 8
      vertex 45.5 -53.6 32
      vertex 45.5 -53.6 8
    endloop
  endfacet
  facet normal -1 -0 0
    outer loop
      vertex 45.5 -53.6 32
      vertex 45.5 -56 8
      vertex 45.5 -56 32
    endloop
  endfacet
  facet normal 0 0 -1
    outer loop
      vertex 42.5 -56 32
      vertex 45.5 -53.6 32
      vertex 45.5 -56 32
    endloop
  endfacet
  facet normal -0 0 -1
    outer loop
      vertex 45.5 -53.6 32
      vertex 42.5 -56 32
      vertex 42.5 -53.6 32
    endloop
  endfacet
  facet normal -0 0 1
    outer loop
      vertex 42.5 -53.6 8
      vertex 45.5 -56 8
      vertex 45.5 -53.6 8
    endloop
  endfacet
  facet normal 0 0 1
    outer loop
      vertex 45.5 -56 8
      vertex 42.5 -53.6 8
      vertex 42.5 -56 8
    endloop
  endfacet
  facet normal 1 -0 0
    outer loop
      vertex 42.5 -56 32
      vertex 42.5 -53.6 8
      vertex 42.5 -53.6 32
    endloop
  endfacet
  facet normal 1 0 0
    outer loop
      vertex 42.5 -53.6 8
      vertex 42.5 -56 32
      vertex 42.5 -56 8
    endloop
  endfacet
  facet normal -1 0 0
    outer loop
      vertex 51.5 -56 8
      vertex 51.5 -53.6 32
      vertex 51.5 -53.6 8
    endloop
  endfacet
  facet normal -1 -0 0
    outer loop
      vertex 51.5 -53.6 32
      vertex 51.5 -56 8
      vertex 51.5 -56 32
    endloop
  endfacet
  facet normal 0 0 -1
    outer loop
      vertex 48.5 -56 32
      vertex 51.5 -53.6 32
      vertex 51.5 -56 32
    endloop
  endfacet
  facet normal -0 0 -1
    outer loop
      vertex 51.5 -53.6 32
      vertex 48.5 -56 32
      vertex 48.5 -53.6 32
    endloop
  endfacet
  facet normal -0 0 1
    outer loop
      vertex 48.5 -53.6 8
      vertex 51.5 -56 8
      vertex 51.5 -53.6 8
    endloop
  endfacet
  facet normal 0 0 1
    outer loop
      vertex 51.5 -56 8
      vertex 48.5 -53.6 8
      vertex 48.5 -56 8
    endloop
  endfacet
  facet normal 1 -0 0
    outer loop
      vertex 48.5 -56 32
      vertex 48.5 -53.6 8
      vertex 48.5 -53.6 32
    endloop
  endfacet
  facet normal 1 0 0
    outer loop
      vertex 48.5 -53.6 8
      vertex 48.5 -56 32
      vertex 48.5 -56 8
    endloop
  endfacet
  facet normal -1 0 0
    outer loop
      vertex 27.5 53.6 8
      vertex 27.5 56 32
      vertex 27.5 56 8
    endloop
  endfacet
  facet normal -1 -0 0
    outer loop
      vertex 27.5 56 32
      vertex 27.5 53.6 8
      vertex 27.5 53.6 32
    endloop
  endfacet
  facet normal 0 0 -1
    outer loop
      vertex 24.5 53.6 32
      vertex 27.5 56 32
      vertex 27.5 53.6 32
    endloop
  endfacet
  facet normal -0 0 -1
    outer loop
      vertex 27.5 56 32
      vertex 24.5 53.6 32
      vertex 24.5 56 32
    endloop
  endfacet
  facet normal -0 0 1
    outer loop
      vertex 24.5 56 8
      vertex 27.5 53.6 8
      vertex 27.5 56 8
    endloop
  endfacet
  facet normal 0 0 1
    outer loop
      vertex 27.5 53.6 8
      vertex 24.5 56 8
      vertex 24.5 53.6 8
    endloop
  endfacet
  facet normal 1 -0 0
    outer loop
      vertex 24.5 53.6 32
      vertex 24.5 56 8
      vertex 24.5 56 32
    endloop
  endfacet
  facet normal 1 0 0
    outer loop
      vertex 24.5 56 8
      vertex 24.5 53.6 32
      vertex 24.5 53.6 8
    endloop
  endfacet
  facet normal -1 0 0
    outer loop
      vertex 33.5 53.6 8
      vertex 33.5 56 32
      vertex 33.5 56 8
    endloop
  endfacet
  facet normal -1 -0 0
    outer loop
      vertex 33.5 56 32
      vertex 33.5 53.6 8
      vertex 33.5 53.6 32
    endloop
  endfacet
  facet normal 0 0 -1
    outer loop
      vertex 30.5 53.6 32
      vertex 33.5 56 32
      vertex 33.5 53.6 32
    endloop
  endfacet
  facet normal -0 0 -1
    outer loop
      vertex 33.5 56 32
      vertex 30.5 53.6 32
      vertex 30.5 56 32
    endloop
  endfacet
  facet normal -0 0 1
    outer loop
      vertex 30.5 56 8
      vertex 33.5 53.6 8
      vertex 33.5 56 8
    endloop
  endfacet
  facet normal 0 0 1
    outer loop
      vertex 33.5 53.6 8
      vertex 30.5 56 8
      vertex 30.5 53.6 8
    endloop
  endfacet
  facet normal 1 -0 0
    outer loop
      vertex 30.5 53.6 32
      vertex 30.5 56 8
      vertex 30.5 56 32
    endloop
  endfacet
  facet normal 1 0 0
    outer loop
      vertex 30.5 56 8
      vertex 30.5 53.6 32
      vertex 30.5 53.6 8
    endloop
  endfacet
  facet normal -1 0 0
    outer loop
      vertex 39.5 53.6 8
      vertex 39.5 56 32
      vertex 39.5 56 8
    endloop
  endfacet
  facet normal -1 -0 0
    outer loop
      vertex 39.5 56 32
      vertex 39.5 53.6 8
      vertex 39.5 53.6 32
    endloop
  endfacet
  facet normal 0 0 -1
    outer loop
      vertex 36.5 53.6 32
      vertex 39.5 56 32
      vertex 39.5 53.6 32
    endloop
  endfacet
  facet normal -0 0 -1
    outer loop
      vertex 39.5 56 32
      vertex 36.5 53.6 32
      vertex 36.5 56 32
    endloop
  endfacet
  facet normal -0 0 1
    outer loop
      vertex 36.5 56 8
      vertex 39.5 53.6 8
      vertex 39.5 56 8
    endloop
  endfacet
  facet normal 0 0 1
    outer loop
      vertex 39.5 53.6 8
      vertex 36.5 56 8
      vertex 36.5 53.6 8
    endloop
  endfacet
  facet normal 1 -0 0
    outer loop
      vertex 36.5 53.6 32
      vertex 36.5 56 8
      vertex 36.5 56 32
    endloop
  endfacet
  facet normal 1 0 0
    outer loop
      vertex 36.5 56 8
      vertex 36.5 53.6 32
      vertex 36.5 53.6 8
    endloop
  endfacet
  facet normal -1 0 0
    outer loop
      vertex 45.5 53.6 8
      vertex 45.5 56 32
      vertex 45.5 56 8
    endloop
  endfacet
  facet normal -1 -0 0
    outer loop
      vertex 45.5 56 32
      vertex 45.5 53.6 8
      vertex 45.5 53.6 32
    endloop
  endfacet
  facet normal 0 0 -1
    outer loop
      vertex 42.5 53.6 32
      vertex 45.5 56 32
      vertex 45.5 53.6 32
    endloop
  endfacet
  facet normal -0 0 -1
    outer loop
      vertex 45.5 56 32
      vertex 42.5 53.6 32
      vertex 42.5 56 32
    endloop
  endfacet
  facet normal -0 0 1
    outer loop
      vertex 42.5 56 8
      vertex 45.5 53.6 8
      vertex 45.5 56 8
    endloop
  endfacet
  facet normal 0 0 1
    outer loop
      vertex 45.5 53.6 8
      vertex 42.5 56 8
      vertex 42.5 53.6 8
    endloop
  endfacet
  facet normal 1 -0 0
    outer loop
      vertex 42.5 53.6 32
      vertex 42.5 56 8
      vertex 42.5 56 32
    endloop
  endfacet
  facet normal 1 0 0
    outer loop
      vertex 42.5 56 8
      vertex 42.5 53.6 32
      vertex 42.5 53.6 8
    endloop
  endfacet
  facet normal -1 0 0
    outer loop
      vertex 51.5 53.6 8
      vertex 51.5 56 32
      vertex 51.5 56 8
    endloop
  endfacet
  facet normal -1 -0 0
    outer loop
      vertex 51.5 56 32
      vertex 51.5 53.6 8
      vertex 51.5 53.6 32
    endloop
  endfacet
  facet normal 0 0 -1
    outer loop
      vertex 48.5 53.6 32
      vertex 51.5 56 32
      vertex 51.5 53.6 32
    endloop
  endfacet
  facet normal -0 0 -1
    outer loop
      vertex 51.5 56 32
      vertex 48.5 53.6 32
      vertex 48.5 56 32
    endloop
  endfacet
  facet normal -0 0 1
    outer loop
      vertex 48.5 56 8
      vertex 51.5 53.6 8
      vertex 51.5 56 8
    endloop
  endfacet
  facet normal 0 0 1
    outer loop
      vertex 51.5 53.6 8
      vertex 48.5 56 8
      vertex 48.5 53.6 8
    endloop
  endfacet
  facet normal 1 -0 0
    outer loop
      vertex 48.5 53.6 32
      vertex 48.5 56 8
      vertex 48.5 56 32
    endloop
  endfacet
  facet normal 1 0 0
    outer loop
      vertex 48.5 56 8
      vertex 48.5 53.6 32
      vertex 48.5 53.6 8
    endloop
  endfacet
  facet normal -0.980796 -0.195038 0
    outer loop
      vertex -25.5385 35.5874 0
      vertex -25.6533 36.1647 2.4
      vertex -25.6533 36.1647 0
    endloop
  endfacet
  facet normal -0.980796 -0.195038 0
    outer loop
      vertex -25.6533 36.1647 2.4
      vertex -25.5385 35.5874 0
      vertex -25.5385 35.5874 2.4
    endloop
  endfacet
  facet normal -0.997859 -0.0654027 0
    outer loop
      vertex -25.5 35 0
      vertex -25.5385 35.5874 2.4
      vertex -25.5385 35.5874 0
    endloop
  endfacet
  facet normal -0.997859 -0.0654027 0
    outer loop
      vertex -25.5385 35.5874 2.4
      vertex -25.5 35 0
      vertex -25.5 35 2.4
    endloop
  endfacet
  facet normal -0.980796 0.195038 0
    outer loop
      vertex -25.6533 33.8353 0
      vertex -25.5385 34.4126 2.4
      vertex -25.5385 34.4126 0
    endloop
  endfacet
  facet normal -0.980796 0.195038 0
    outer loop
      vertex -25.5385 34.4126 2.4
      vertex -25.6533 33.8353 0
      vertex -25.6533 33.8353 2.4
    endloop
  endfacet
  facet normal -0.831475 -0.555562 0
    outer loop
      vertex -26.1029 37.25 0
      vertex -26.4299 37.7394 2.4
      vertex -26.4299 37.7394 0
    endloop
  endfacet
  facet normal -0.831475 -0.555562 0
    outer loop
      vertex -26.4299 37.7394 2.4
      vertex -26.1029 37.25 0
      vertex -26.1029 37.25 2.4
    endloop
  endfacet
  facet normal -0.555562 -0.831475 0
    outer loop
      vertex -27.75 38.8971 0
      vertex -27.2606 38.5701 2.4
      vertex -27.75 38.8971 2.4
    endloop
  endfacet
  facet normal -0.555562 -0.831475 -0
    outer loop
      vertex -27.2606 38.5701 2.4
      vertex -27.75 38.8971 0
      vertex -27.2606 38.5701 0
    endloop
  endfacet
  facet normal -0.896827 0.442382 0
    outer loop
      vertex -26.1029 32.75 0
      vertex -25.8425 33.2779 2.4
      vertex -25.8425 33.2779 0
    endloop
  endfacet
  facet normal -0.896827 0.442382 0
    outer loop
      vertex -25.8425 33.2779 2.4
      vertex -26.1029 32.75 0
      vertex -26.1029 32.75 2.4
    endloop
  endfacet
  facet normal -0.997859 0.0654027 0
    outer loop
      vertex -25.5385 34.4126 0
      vertex -25.5 35 2.4
      vertex -25.5 35 0
    endloop
  endfacet
  facet normal -0.997859 0.0654027 0
    outer loop
      vertex -25.5 35 2.4
      vertex -25.5385 34.4126 0
      vertex -25.5385 34.4126 2.4
    endloop
  endfacet
  facet normal -0.321421 -0.946936 0
    outer loop
      vertex -28.8353 39.3467 0
      vertex -28.2779 39.1575 2.4
      vertex -28.8353 39.3467 2.4
    endloop
  endfacet
  facet normal -0.321421 -0.946936 -0
    outer loop
      vertex -28.2779 39.1575 2.4
      vertex -28.8353 39.3467 0
      vertex -28.2779 39.1575 0
    endloop
  endfacet
  facet normal 0.896827 -0.442382 0
    outer loop
      vertex -34.1575 36.7221 2.4
      vertex -33.8971 37.25 0
      vertex -33.8971 37.25 2.4
    endloop
  endfacet
  facet normal 0.896827 -0.442382 0
    outer loop
      vertex -33.8971 37.25 0
      vertex -34.1575 36.7221 2.4
      vertex -34.1575 36.7221 0
    endloop
  endfacet
  facet normal 0.659298 -0.751882 0
    outer loop
      vertex -33.182 38.182 0
      vertex -32.7394 38.5701 2.4
      vertex -33.182 38.182 2.4
    endloop
  endfacet
  facet normal 0.659298 -0.751882 0
    outer loop
      vertex -32.7394 38.5701 2.4
      vertex -33.182 38.182 0
      vertex -32.7394 38.5701 0
    endloop
  endfacet
  facet normal 0.997859 0.0654027 0
    outer loop
      vertex -34.4615 34.4126 2.4
      vertex -34.5 35 0
      vertex -34.5 35 2.4
    endloop
  endfacet
  facet normal 0.997859 0.0654027 0
    outer loop
      vertex -34.5 35 0
      vertex -34.4615 34.4126 2.4
      vertex -34.4615 34.4126 0
    endloop
  endfacet
  facet normal 0.659298 0.751882 -0
    outer loop
      vertex -32.7394 31.4299 0
      vertex -33.182 31.818 2.4
      vertex -32.7394 31.4299 2.4
    endloop
  endfacet
  facet normal 0.659298 0.751882 0
    outer loop
      vertex -33.182 31.818 2.4
      vertex -32.7394 31.4299 0
      vertex -33.182 31.818 0
    endloop
  endfacet
  facet normal 0.321421 -0.946936 0
    outer loop
      vertex -31.7221 39.1575 0
      vertex -31.1647 39.3467 2.4
      vertex -31.7221 39.1575 2.4
    endloop
  endfacet
  facet normal 0.321421 -0.946936 0
    outer loop
      vertex -31.1647 39.3467 2.4
      vertex -31.7221 39.1575 0
      vertex -31.1647 39.3467 0
    endloop
  endfacet
  facet normal 0.831475 0.555562 0
    outer loop
      vertex -33.5701 32.2606 2.4
      vertex -33.8971 32.75 0
      vertex -33.8971 32.75 2.4
    endloop
  endfacet
  facet normal 0.831475 0.555562 0
    outer loop
      vertex -33.8971 32.75 0
      vertex -33.5701 32.2606 2.4
      vertex -33.5701 32.2606 0
    endloop
  endfacet
  facet normal 0.555562 -0.831475 0
    outer loop
      vertex -32.7394 38.5701 0
      vertex -32.25 38.8971 2.4
      vertex -32.7394 38.5701 2.4
    endloop
  endfacet
  facet normal 0.555562 -0.831475 0
    outer loop
      vertex -32.25 38.8971 2.4
      vertex -32.7394 38.5701 0
      vertex -32.25 38.8971 0
    endloop
  endfacet
  facet normal -0.195038 -0.980796 0
    outer loop
      vertex -29.4126 39.4615 0
      vertex -28.8353 39.3467 2.4
      vertex -29.4126 39.4615 2.4
    endloop
  endfacet
  facet normal -0.195038 -0.980796 -0
    outer loop
      vertex -28.8353 39.3467 2.4
      vertex -29.4126 39.4615 0
      vertex -28.8353 39.3467 0
    endloop
  endfacet
  facet normal 0.442382 -0.896827 0
    outer loop
      vertex -32.25 38.8971 0
      vertex -31.7221 39.1575 2.4
      vertex -32.25 38.8971 2.4
    endloop
  endfacet
  facet normal 0.442382 -0.896827 0
    outer loop
      vertex -31.7221 39.1575 2.4
      vertex -32.25 38.8971 0
      vertex -31.7221 39.1575 0
    endloop
  endfacet
  facet normal -0.659298 0.751882 0
    outer loop
      vertex -26.818 31.818 0
      vertex -27.2606 31.4299 2.4
      vertex -26.818 31.818 2.4
    endloop
  endfacet
  facet normal -0.659298 0.751882 0
    outer loop
      vertex -27.2606 31.4299 2.4
      vertex -26.818 31.818 0
      vertex -27.2606 31.4299 0
    endloop
  endfacet
  facet normal 0.946936 0.321421 0
    outer loop
      vertex -34.1575 33.2779 2.4
      vertex -34.3467 33.8353 0
      vertex -34.3467 33.8353 2.4
    endloop
  endfacet
  facet normal 0.946936 0.321421 0
    outer loop
      vertex -34.3467 33.8353 0
      vertex -34.1575 33.2779 2.4
      vertex -34.1575 33.2779 0
    endloop
  endfacet
  facet normal -0.946936 0.321421 0
    outer loop
      vertex -25.8425 33.2779 0
      vertex -25.6533 33.8353 2.4
      vertex -25.6533 33.8353 0
    endloop
  endfacet
  facet normal -0.946936 0.321421 0
    outer loop
      vertex -25.6533 33.8353 2.4
      vertex -25.8425 33.2779 0
      vertex -25.8425 33.2779 2.4
    endloop
  endfacet
  facet normal -0.442382 -0.896827 0
    outer loop
      vertex -28.2779 39.1575 0
      vertex -27.75 38.8971 2.4
      vertex -28.2779 39.1575 2.4
    endloop
  endfacet
  facet normal -0.442382 -0.896827 -0
    outer loop
      vertex -27.75 38.8971 2.4
      vertex -28.2779 39.1575 0
      vertex -27.75 38.8971 0
    endloop
  endfacet
  facet normal 0.195038 -0.980796 0
    outer loop
      vertex -31.1647 39.3467 0
      vertex -30.5874 39.4615 2.4
      vertex -31.1647 39.3467 2.4
    endloop
  endfacet
  facet normal 0.195038 -0.980796 0
    outer loop
      vertex -30.5874 39.4615 2.4
      vertex -31.1647 39.3467 0
      vertex -30.5874 39.4615 0
    endloop
  endfacet
  facet normal -0.751882 -0.659298 0
    outer loop
      vertex -26.4299 37.7394 0
      vertex -26.818 38.182 2.4
      vertex -26.818 38.182 0
    endloop
  endfacet
  facet normal -0.751882 -0.659298 0
    outer loop
      vertex -26.818 38.182 2.4
      vertex -26.4299 37.7394 0
      vertex -26.4299 37.7394 2.4
    endloop
  endfacet
  facet normal -0.751882 0.659298 0
    outer loop
      vertex -26.818 31.818 0
      vertex -26.4299 32.2606 2.4
      vertex -26.4299 32.2606 0
    endloop
  endfacet
  facet normal -0.751882 0.659298 0
    outer loop
      vertex -26.4299 32.2606 2.4
      vertex -26.818 31.818 0
      vertex -26.818 31.818 2.4
    endloop
  endfacet
  facet normal 0.946936 -0.321421 0
    outer loop
      vertex -34.3467 36.1647 2.4
      vertex -34.1575 36.7221 0
      vertex -34.1575 36.7221 2.4
    endloop
  endfacet
  facet normal 0.946936 -0.321421 0
    outer loop
      vertex -34.1575 36.7221 0
      vertex -34.3467 36.1647 2.4
      vertex -34.3467 36.1647 0
    endloop
  endfacet
  facet normal 0.751882 -0.659298 0
    outer loop
      vertex -33.5701 37.7394 2.4
      vertex -33.182 38.182 0
      vertex -33.182 38.182 2.4
    endloop
  endfacet
  facet normal 0.751882 -0.659298 0
    outer loop
      vertex -33.182 38.182 0
      vertex -33.5701 37.7394 2.4
      vertex -33.5701 37.7394 0
    endloop
  endfacet
  facet normal -0.659298 -0.751882 0
    outer loop
      vertex -27.2606 38.5701 0
      vertex -26.818 38.182 2.4
      vertex -27.2606 38.5701 2.4
    endloop
  endfacet
  facet normal -0.659298 -0.751882 -0
    outer loop
      vertex -26.818 38.182 2.4
      vertex -27.2606 38.5701 0
      vertex -26.818 38.182 0
    endloop
  endfacet
  facet normal 0.896827 0.442382 0
    outer loop
      vertex -33.8971 32.75 2.4
      vertex -34.1575 33.2779 0
      vertex -34.1575 33.2779 2.4
    endloop
  endfacet
  facet normal 0.896827 0.442382 0
    outer loop
      vertex -34.1575 33.2779 0
      vertex -33.8971 32.75 2.4
      vertex -33.8971 32.75 0
    endloop
  endfacet
  facet normal 0.997859 -0.0654027 0
    outer loop
      vertex -34.5 35 2.4
      vertex -34.4615 35.5874 0
      vertex -34.4615 35.5874 2.4
    endloop
  endfacet
  facet normal 0.997859 -0.0654027 0
    outer loop
      vertex -34.4615 35.5874 0
      vertex -34.5 35 2.4
      vertex -34.5 35 0
    endloop
  endfacet
  facet normal -0.831475 0.555562 0
    outer loop
      vertex -26.4299 32.2606 0
      vertex -26.1029 32.75 2.4
      vertex -26.1029 32.75 0
    endloop
  endfacet
  facet normal -0.831475 0.555562 0
    outer loop
      vertex -26.1029 32.75 2.4
      vertex -26.4299 32.2606 0
      vertex -26.4299 32.2606 2.4
    endloop
  endfacet
  facet normal -0.896827 -0.442382 0
    outer loop
      vertex -25.8425 36.7221 0
      vertex -26.1029 37.25 2.4
      vertex -26.1029 37.25 0
    endloop
  endfacet
  facet normal -0.896827 -0.442382 0
    outer loop
      vertex -26.1029 37.25 2.4
      vertex -25.8425 36.7221 0
      vertex -25.8425 36.7221 2.4
    endloop
  endfacet
  facet normal 0.555562 0.831475 -0
    outer loop
      vertex -32.25 31.1029 0
      vertex -32.7394 31.4299 2.4
      vertex -32.25 31.1029 2.4
    endloop
  endfacet
  facet normal 0.555562 0.831475 0
    outer loop
      vertex -32.7394 31.4299 2.4
      vertex -32.25 31.1029 0
      vertex -32.7394 31.4299 0
    endloop
  endfacet
  facet normal -0.555562 0.831475 0
    outer loop
      vertex -27.2606 31.4299 0
      vertex -27.75 31.1029 2.4
      vertex -27.2606 31.4299 2.4
    endloop
  endfacet
  facet normal -0.555562 0.831475 0
    outer loop
      vertex -27.75 31.1029 2.4
      vertex -27.2606 31.4299 0
      vertex -27.75 31.1029 0
    endloop
  endfacet
  facet normal -0.946936 -0.321421 0
    outer loop
      vertex -25.6533 36.1647 0
      vertex -25.8425 36.7221 2.4
      vertex -25.8425 36.7221 0
    endloop
  endfacet
  facet normal -0.946936 -0.321421 0
    outer loop
      vertex -25.8425 36.7221 2.4
      vertex -25.6533 36.1647 0
      vertex -25.6533 36.1647 2.4
    endloop
  endfacet
  facet normal 0.980796 -0.195038 0
    outer loop
      vertex -34.4615 35.5874 2.4
      vertex -34.3467 36.1647 0
      vertex -34.3467 36.1647 2.4
    endloop
  endfacet
  facet normal 0.980796 -0.195038 0
    outer loop
      vertex -34.3467 36.1647 0
      vertex -34.4615 35.5874 2.4
      vertex -34.4615 35.5874 0
    endloop
  endfacet
  facet normal 0.0654027 -0.997859 0
    outer loop
      vertex -30.5874 39.4615 0
      vertex -30 39.5 2.4
      vertex -30.5874 39.4615 2.4
    endloop
  endfacet
  facet normal 0.0654027 -0.997859 0
    outer loop
      vertex -30 39.5 2.4
      vertex -30.5874 39.4615 0
      vertex -30 39.5 0
    endloop
  endfacet
  facet normal 0.980796 0.195038 0
    outer loop
      vertex -34.3467 33.8353 2.4
      vertex -34.4615 34.4126 0
      vertex -34.4615 34.4126 2.4
    endloop
  endfacet
  facet normal 0.980796 0.195038 0
    outer loop
      vertex -34.4615 34.4126 0
      vertex -34.3467 33.8353 2.4
      vertex -34.3467 33.8353 0
    endloop
  endfacet
  facet normal 0.751882 0.659298 0
    outer loop
      vertex -33.182 31.818 2.4
      vertex -33.5701 32.2606 0
      vertex -33.5701 32.2606 2.4
    endloop
  endfacet
  facet normal 0.751882 0.659298 0
    outer loop
      vertex -33.5701 32.2606 0
      vertex -33.182 31.818 2.4
      vertex -33.182 31.818 0
    endloop
  endfacet
  facet normal -0.0654027 -0.997859 0
    outer loop
      vertex -30 39.5 0
      vertex -29.4126 39.4615 2.4
      vertex -30 39.5 2.4
    endloop
  endfacet
  facet normal -0.0654027 -0.997859 -0
    outer loop
      vertex -29.4126 39.4615 2.4
      vertex -30 39.5 0
      vertex -29.4126 39.4615 0
    endloop
  endfacet
  facet normal 0.831475 -0.555562 0
    outer loop
      vertex -33.8971 37.25 2.4
      vertex -33.5701 37.7394 0
      vertex -33.5701 37.7394 2.4
    endloop
  endfacet
  facet normal 0.831475 -0.555562 0
    outer loop
      vertex -33.5701 37.7394 0
      vertex -33.8971 37.25 2.4
      vertex -33.8971 37.25 0
    endloop
  endfacet
  facet normal -1 0 0
    outer loop
      vertex -27.75 27 0
      vertex -27.75 31.1029 2.4
      vertex -27.75 31.1029 0
    endloop
  endfacet
  facet normal -1 -0 0
    outer loop
      vertex -27.75 31.1029 2.4
      vertex -27.75 27 0
      vertex -27.75 27 2.4
    endloop
  endfacet
  facet normal -0.99787 0.0652336 0
    outer loop
      vertex -27.7692 26.7063 0
      vertex -27.75 27 2.4
      vertex -27.75 27 0
    endloop
  endfacet
  facet normal -0.99787 0.0652336 0
    outer loop
      vertex -27.75 27 2.4
      vertex -27.7692 26.7063 0
      vertex -27.7692 26.7063 2.4
    endloop
  endfacet
  facet normal 0.99787 0.0652336 0
    outer loop
      vertex -32.2308 26.7063 2.4
      vertex -32.25 27 0
      vertex -32.25 27 2.4
    endloop
  endfacet
  facet normal 0.99787 0.0652336 0
    outer loop
      vertex -32.25 27 0
      vertex -32.2308 26.7063 2.4
      vertex -32.2308 26.7063 0
    endloop
  endfacet
  facet normal 0.195397 0.980724 -0
    outer loop
      vertex -30.2937 24.7692 0
      vertex -30.5823 24.8267 2.4
      vertex -30.2937 24.7692 2.4
    endloop
  endfacet
  facet normal 0.195397 0.980724 0
    outer loop
      vertex -30.5823 24.8267 2.4
      vertex -30.2937 24.7692 0
      vertex -30.5823 24.8267 0
    endloop
  endfacet
  facet normal 0.751966 0.659202 0
    outer loop
      vertex -31.591 25.409 2.4
      vertex -31.785 25.6303 0
      vertex -31.785 25.6303 2.4
    endloop
  endfacet
  facet normal 0.751966 0.659202 0
    outer loop
      vertex -31.785 25.6303 0
      vertex -31.591 25.409 2.4
      vertex -31.591 25.409 0
    endloop
  endfacet
  facet normal -0.659202 0.751966 0
    outer loop
      vertex -28.409 25.409 0
      vertex -28.6303 25.215 2.4
      vertex -28.409 25.409 2.4
    endloop
  endfacet
  facet normal -0.659202 0.751966 0
    outer loop
      vertex -28.6303 25.215 2.4
      vertex -28.409 25.409 0
      vertex -28.6303 25.215 0
    endloop
  endfacet
  facet normal 0.659202 0.751966 -0
    outer loop
      vertex -31.3697 25.215 0
      vertex -31.591 25.409 2.4
      vertex -31.3697 25.215 2.4
    endloop
  endfacet
  facet normal 0.659202 0.751966 0
    outer loop
      vertex -31.591 25.409 2.4
      vertex -31.3697 25.215 0
      vertex -31.591 25.409 0
    endloop
  endfacet
  facet normal 1 -0 0
    outer loop
      vertex -32.25 27 2.4
      vertex -32.25 31.1029 0
      vertex -32.25 31.1029 2.4
    endloop
  endfacet
  facet normal 1 0 0
    outer loop
      vertex -32.25 31.1029 0
      vertex -32.25 27 2.4
      vertex -32.25 27 0
    endloop
  endfacet
  facet normal -0.980724 0.195397 0
    outer loop
      vertex -27.8267 26.4177 0
      vertex -27.7692 26.7063 2.4
      vertex -27.7692 26.7063 0
    endloop
  endfacet
  facet normal -0.980724 0.195397 0
    outer loop
      vertex -27.7692 26.7063 2.4
      vertex -27.8267 26.4177 0
      vertex -27.8267 26.4177 2.4
    endloop
  endfacet
  facet normal 0.896995 0.442042 0
    outer loop
      vertex -31.9486 25.875 2.4
      vertex -32.0787 26.139 0
      vertex -32.0787 26.139 2.4
    endloop
  endfacet
  facet normal 0.896995 0.442042 0
    outer loop
      vertex -32.0787 26.139 0
      vertex -31.9486 25.875 2.4
      vertex -31.9486 25.875 0
    endloop
  endfacet
  facet normal -0.555797 0.831318 0
    outer loop
      vertex -28.6303 25.215 0
      vertex -28.875 25.0514 2.4
      vertex -28.6303 25.215 2.4
    endloop
  endfacet
  facet normal -0.555797 0.831318 0
    outer loop
      vertex -28.875 25.0514 2.4
      vertex -28.6303 25.215 0
      vertex -28.875 25.0514 0
    endloop
  endfacet
  facet normal -0.0652336 0.99787 0
    outer loop
      vertex -29.7063 24.7692 0
      vertex -30 24.75 2.4
      vertex -29.7063 24.7692 2.4
    endloop
  endfacet
  facet normal -0.0652336 0.99787 0
    outer loop
      vertex -30 24.75 2.4
      vertex -29.7063 24.7692 0
      vertex -30 24.75 0
    endloop
  endfacet
  facet normal 0.980724 0.195397 0
    outer loop
      vertex -32.1733 26.4177 2.4
      vertex -32.2308 26.7063 0
      vertex -32.2308 26.7063 2.4
    endloop
  endfacet
  facet normal 0.980724 0.195397 0
    outer loop
      vertex -32.2308 26.7063 0
      vertex -32.1733 26.4177 2.4
      vertex -32.1733 26.4177 0
    endloop
  endfacet
  facet normal 0.831318 0.555797 0
    outer loop
      vertex -31.785 25.6303 2.4
      vertex -31.9486 25.875 0
      vertex -31.9486 25.875 2.4
    endloop
  endfacet
  facet normal 0.831318 0.555797 0
    outer loop
      vertex -31.9486 25.875 0
      vertex -31.785 25.6303 2.4
      vertex -31.785 25.6303 0
    endloop
  endfacet
  facet normal 0.442042 0.896995 -0
    outer loop
      vertex -30.861 24.9213 0
      vertex -31.125 25.0514 2.4
      vertex -30.861 24.9213 2.4
    endloop
  endfacet
  facet normal 0.442042 0.896995 0
    outer loop
      vertex -31.125 25.0514 2.4
      vertex -30.861 24.9213 0
      vertex -31.125 25.0514 0
    endloop
  endfacet
  facet normal -0.896995 0.442042 0
    outer loop
      vertex -28.0514 25.875 0
      vertex -27.9213 26.139 2.4
      vertex -27.9213 26.139 0
    endloop
  endfacet
  facet normal -0.896995 0.442042 0
    outer loop
      vertex -27.9213 26.139 2.4
      vertex -28.0514 25.875 0
      vertex -28.0514 25.875 2.4
    endloop
  endfacet
  facet normal 0.321421 0.946936 -0
    outer loop
      vertex -30.5823 24.8267 0
      vertex -30.861 24.9213 2.4
      vertex -30.5823 24.8267 2.4
    endloop
  endfacet
  facet normal 0.321421 0.946936 0
    outer loop
      vertex -30.861 24.9213 2.4
      vertex -30.5823 24.8267 0
      vertex -30.861 24.9213 0
    endloop
  endfacet
  facet normal 0.555797 0.831318 -0
    outer loop
      vertex -31.125 25.0514 0
      vertex -31.3697 25.215 2.4
      vertex -31.125 25.0514 2.4
    endloop
  endfacet
  facet normal 0.555797 0.831318 0
    outer loop
      vertex -31.3697 25.215 2.4
      vertex -31.125 25.0514 0
      vertex -31.3697 25.215 0
    endloop
  endfacet
  facet normal -0.442042 0.896995 0
    outer loop
      vertex -28.875 25.0514 0
      vertex -29.139 24.9213 2.4
      vertex -28.875 25.0514 2.4
    endloop
  endfacet
  facet normal -0.442042 0.896995 0
    outer loop
      vertex -29.139 24.9213 2.4
      vertex -28.875 25.0514 0
      vertex -29.139 24.9213 0
    endloop
  endfacet
  facet normal 0.946936 0.321421 0
    outer loop
      vertex -32.0787 26.139 2.4
      vertex -32.1733 26.4177 0
      vertex -32.1733 26.4177 2.4
    endloop
  endfacet
  facet normal 0.946936 0.321421 0
    outer loop
      vertex -32.1733 26.4177 0
      vertex -32.0787 26.139 2.4
      vertex -32.0787 26.139 0
    endloop
  endfacet
  facet normal -0.831318 0.555797 0
    outer loop
      vertex -28.215 25.6303 0
      vertex -28.0514 25.875 2.4
      vertex -28.0514 25.875 0
    endloop
  endfacet
  facet normal -0.831318 0.555797 0
    outer loop
      vertex -28.0514 25.875 2.4
      vertex -28.215 25.6303 0
      vertex -28.215 25.6303 2.4
    endloop
  endfacet
  facet normal 0.0652336 0.99787 -0
    outer loop
      vertex -30 24.75 0
      vertex -30.2937 24.7692 2.4
      vertex -30 24.75 2.4
    endloop
  endfacet
  facet normal 0.0652336 0.99787 0
    outer loop
      vertex -30.2937 24.7692 2.4
      vertex -30 24.75 0
      vertex -30.2937 24.7692 0
    endloop
  endfacet
  facet normal -0.751966 0.659202 0
    outer loop
      vertex -28.409 25.409 0
      vertex -28.215 25.6303 2.4
      vertex -28.215 25.6303 0
    endloop
  endfacet
  facet normal -0.751966 0.659202 0
    outer loop
      vertex -28.215 25.6303 2.4
      vertex -28.409 25.409 0
      vertex -28.409 25.409 2.4
    endloop
  endfacet
  facet normal -0.321421 0.946936 0
    outer loop
      vertex -29.139 24.9213 0
      vertex -29.4177 24.8267 2.4
      vertex -29.139 24.9213 2.4
    endloop
  endfacet
  facet normal -0.321421 0.946936 0
    outer loop
      vertex -29.4177 24.8267 2.4
      vertex -29.139 24.9213 0
      vertex -29.4177 24.8267 0
    endloop
  endfacet
  facet normal -0.946936 0.321421 0
    outer loop
      vertex -27.9213 26.139 0
      vertex -27.8267 26.4177 2.4
      vertex -27.8267 26.4177 0
    endloop
  endfacet
  facet normal -0.946936 0.321421 0
    outer loop
      vertex -27.8267 26.4177 2.4
      vertex -27.9213 26.139 0
      vertex -27.9213 26.139 2.4
    endloop
  endfacet
  facet normal -0.195397 0.980724 0
    outer loop
      vertex -29.4177 24.8267 0
      vertex -29.7063 24.7692 2.4
      vertex -29.4177 24.8267 2.4
    endloop
  endfacet
  facet normal -0.195397 0.980724 0
    outer loop
      vertex -29.7063 24.7692 2.4
      vertex -29.4177 24.8267 0
      vertex -29.7063 24.7692 0
    endloop
  endfacet
  facet normal -0.980796 -0.195038 0
    outer loop
      vertex 34.4615 35.5874 0
      vertex 34.3467 36.1647 2.4
      vertex 34.3467 36.1647 0
    endloop
  endfacet
  facet normal -0.980796 -0.195038 0
    outer loop
      vertex 34.3467 36.1647 2.4
      vertex 34.4615 35.5874 0
      vertex 34.4615 35.5874 2.4
    endloop
  endfacet
  facet normal -0.997859 -0.0654027 0
    outer loop
      vertex 34.5 35 0
      vertex 34.4615 35.5874 2.4
      vertex 34.4615 35.5874 0
    endloop
  endfacet
  facet normal -0.997859 -0.0654027 0
    outer loop
      vertex 34.4615 35.5874 2.4
      vertex 34.5 35 0
      vertex 34.5 35 2.4
    endloop
  endfacet
  facet normal -0.980796 0.195038 0
    outer loop
      vertex 34.3467 33.8353 0
      vertex 34.4615 34.4126 2.4
      vertex 34.4615 34.4126 0
    endloop
  endfacet
  facet normal -0.980796 0.195038 0
    outer loop
      vertex 34.4615 34.4126 2.4
      vertex 34.3467 33.8353 0
      vertex 34.3467 33.8353 2.4
    endloop
  endfacet
  facet normal -0.831475 -0.555562 0
    outer loop
      vertex 33.8971 37.25 0
      vertex 33.5701 37.7394 2.4
      vertex 33.5701 37.7394 0
    endloop
  endfacet
  facet normal -0.831475 -0.555562 0
    outer loop
      vertex 33.5701 37.7394 2.4
      vertex 33.8971 37.25 0
      vertex 33.8971 37.25 2.4
    endloop
  endfacet
  facet normal -0.555562 -0.831475 0
    outer loop
      vertex 32.25 38.8971 0
      vertex 32.7394 38.5701 2.4
      vertex 32.25 38.8971 2.4
    endloop
  endfacet
  facet normal -0.555562 -0.831475 -0
    outer loop
      vertex 32.7394 38.5701 2.4
      vertex 32.25 38.8971 0
      vertex 32.7394 38.5701 0
    endloop
  endfacet
  facet normal -0.896827 0.442382 0
    outer loop
      vertex 33.8971 32.75 0
      vertex 34.1575 33.2779 2.4
      vertex 34.1575 33.2779 0
    endloop
  endfacet
  facet normal -0.896827 0.442382 0
    outer loop
      vertex 34.1575 33.2779 2.4
      vertex 33.8971 32.75 0
      vertex 33.8971 32.75 2.4
    endloop
  endfacet
  facet normal -0.997859 0.0654027 0
    outer loop
      vertex 34.4615 34.4126 0
      vertex 34.5 35 2.4
      vertex 34.5 35 0
    endloop
  endfacet
  facet normal -0.997859 0.0654027 0
    outer loop
      vertex 34.5 35 2.4
      vertex 34.4615 34.4126 0
      vertex 34.4615 34.4126 2.4
    endloop
  endfacet
  facet normal -0.321421 -0.946936 0
    outer loop
      vertex 31.1647 39.3467 0
      vertex 31.7221 39.1575 2.4
      vertex 31.1647 39.3467 2.4
    endloop
  endfacet
  facet normal -0.321421 -0.946936 -0
    outer loop
      vertex 31.7221 39.1575 2.4
      vertex 31.1647 39.3467 0
      vertex 31.7221 39.1575 0
    endloop
  endfacet
  facet normal 0.896827 -0.442382 0
    outer loop
      vertex 25.8425 36.7221 2.4
      vertex 26.1029 37.25 0
      vertex 26.1029 37.25 2.4
    endloop
  endfacet
  facet normal 0.896827 -0.442382 0
    outer loop
      vertex 26.1029 37.25 0
      vertex 25.8425 36.7221 2.4
      vertex 25.8425 36.7221 0
    endloop
  endfacet
  facet normal 0.659298 -0.751882 0
    outer loop
      vertex 26.818 38.182 0
      vertex 27.2606 38.5701 2.4
      vertex 26.818 38.182 2.4
    endloop
  endfacet
  facet normal 0.659298 -0.751882 0
    outer loop
      vertex 27.2606 38.5701 2.4
      vertex 26.818 38.182 0
      vertex 27.2606 38.5701 0
    endloop
  endfacet
  facet normal 0.997859 0.0654027 0
    outer loop
      vertex 25.5385 34.4126 2.4
      vertex 25.5 35 0
      vertex 25.5 35 2.4
    endloop
  endfacet
  facet normal 0.997859 0.0654027 0
    outer loop
      vertex 25.5 35 0
      vertex 25.5385 34.4126 2.4
      vertex 25.5385 34.4126 0
    endloop
  endfacet
  facet normal 0.659298 0.751882 -0
    outer loop
      vertex 27.2606 31.4299 0
      vertex 26.818 31.818 2.4
      vertex 27.2606 31.4299 2.4
    endloop
  endfacet
  facet normal 0.659298 0.751882 0
    outer loop
      vertex 26.818 31.818 2.4
      vertex 27.2606 31.4299 0
      vertex 26.818 31.818 0
    endloop
  endfacet
  facet normal 0.321421 -0.946936 0
    outer loop
      vertex 28.2779 39.1575 0
      vertex 28.8353 39.3467 2.4
      vertex 28.2779 39.1575 2.4
    endloop
  endfacet
  facet normal 0.321421 -0.946936 0
    outer loop
      vertex 28.8353 39.3467 2.4
      vertex 28.2779 39.1575 0
      vertex 28.8353 39.3467 0
    endloop
  endfacet
  facet normal 0.831475 0.555562 0
    outer loop
      vertex 26.4299 32.2606 2.4
      vertex 26.1029 32.75 0
      vertex 26.1029 32.75 2.4
    endloop
  endfacet
  facet normal 0.831475 0.555562 0
    outer loop
      vertex 26.1029 32.75 0
      vertex 26.4299 32.2606 2.4
      vertex 26.4299 32.2606 0
    endloop
  endfacet
  facet normal 0.555562 -0.831475 0
    outer loop
      vertex 27.2606 38.5701 0
      vertex 27.75 38.8971 2.4
      vertex 27.2606 38.5701 2.4
    endloop
  endfacet
  facet normal 0.555562 -0.831475 0
    outer loop
      vertex 27.75 38.8971 2.4
      vertex 27.2606 38.5701 0
      vertex 27.75 38.8971 0
    endloop
  endfacet
  facet normal -0.195038 -0.980796 0
    outer loop
      vertex 30.5874 39.4615 0
      vertex 31.1647 39.3467 2.4
      vertex 30.5874 39.4615 2.4
    endloop
  endfacet
  facet normal -0.195038 -0.980796 -0
    outer loop
      vertex 31.1647 39.3467 2.4
      vertex 30.5874 39.4615 0
      vertex 31.1647 39.3467 0
    endloop
  endfacet
  facet normal 0.442382 -0.896827 0
    outer loop
      vertex 27.75 38.8971 0
      vertex 28.2779 39.1575 2.4
      vertex 27.75 38.8971 2.4
    endloop
  endfacet
  facet normal 0.442382 -0.896827 0
    outer loop
      vertex 28.2779 39.1575 2.4
      vertex 27.75 38.8971 0
      vertex 28.2779 39.1575 0
    endloop
  endfacet
  facet normal -0.659298 0.751882 0
    outer loop
      vertex 33.182 31.818 0
      vertex 32.7394 31.4299 2.4
      vertex 33.182 31.818 2.4
    endloop
  endfacet
  facet normal -0.659298 0.751882 0
    outer loop
      vertex 32.7394 31.4299 2.4
      vertex 33.182 31.818 0
      vertex 32.7394 31.4299 0
    endloop
  endfacet
  facet normal 0.946936 0.321421 0
    outer loop
      vertex 25.8425 33.2779 2.4
      vertex 25.6533 33.8353 0
      vertex 25.6533 33.8353 2.4
    endloop
  endfacet
  facet normal 0.946936 0.321421 0
    outer loop
      vertex 25.6533 33.8353 0
      vertex 25.8425 33.2779 2.4
      vertex 25.8425 33.2779 0
    endloop
  endfacet
  facet normal -0.946936 0.321421 0
    outer loop
      vertex 34.1575 33.2779 0
      vertex 34.3467 33.8353 2.4
      vertex 34.3467 33.8353 0
    endloop
  endfacet
  facet normal -0.946936 0.321421 0
    outer loop
      vertex 34.3467 33.8353 2.4
      vertex 34.1575 33.2779 0
      vertex 34.1575 33.2779 2.4
    endloop
  endfacet
  facet normal -0.442382 -0.896827 0
    outer loop
      vertex 31.7221 39.1575 0
      vertex 32.25 38.8971 2.4
      vertex 31.7221 39.1575 2.4
    endloop
  endfacet
  facet normal -0.442382 -0.896827 -0
    outer loop
      vertex 32.25 38.8971 2.4
      vertex 31.7221 39.1575 0
      vertex 32.25 38.8971 0
    endloop
  endfacet
  facet normal 0.195038 -0.980796 0
    outer loop
      vertex 28.8353 39.3467 0
      vertex 29.4126 39.4615 2.4
      vertex 28.8353 39.3467 2.4
    endloop
  endfacet
  facet normal 0.195038 -0.980796 0
    outer loop
      vertex 29.4126 39.4615 2.4
      vertex 28.8353 39.3467 0
      vertex 29.4126 39.4615 0
    endloop
  endfacet
  facet normal -0.751882 -0.659298 0
    outer loop
      vertex 33.5701 37.7394 0
      vertex 33.182 38.182 2.4
      vertex 33.182 38.182 0
    endloop
  endfacet
  facet normal -0.751882 -0.659298 0
    outer loop
      vertex 33.182 38.182 2.4
      vertex 33.5701 37.7394 0
      vertex 33.5701 37.7394 2.4
    endloop
  endfacet
  facet normal -0.751882 0.659298 0
    outer loop
      vertex 33.182 31.818 0
      vertex 33.5701 32.2606 2.4
      vertex 33.5701 32.2606 0
    endloop
  endfacet
  facet normal -0.751882 0.659298 0
    outer loop
      vertex 33.5701 32.2606 2.4
      vertex 33.182 31.818 0
      vertex 33.182 31.818 2.4
    endloop
  endfacet
  facet normal 0.946936 -0.321421 0
    outer loop
      vertex 25.6533 36.1647 2.4
      vertex 25.8425 36.7221 0
      vertex 25.8425 36.7221 2.4
    endloop
  endfacet
  facet normal 0.946936 -0.321421 0
    outer loop
      vertex 25.8425 36.7221 0
      vertex 25.6533 36.1647 2.4
      vertex 25.6533 36.1647 0
    endloop
  endfacet
  facet normal 0.751882 -0.659298 0
    outer loop
      vertex 26.4299 37.7394 2.4
      vertex 26.818 38.182 0
      vertex 26.818 38.182 2.4
    endloop
  endfacet
  facet normal 0.751882 -0.659298 0
    outer loop
      vertex 26.818 38.182 0
      vertex 26.4299 37.7394 2.4
      vertex 26.4299 37.7394 0
    endloop
  endfacet
  facet normal -0.659298 -0.751882 0
    outer loop
      vertex 32.7394 38.5701 0
      vertex 33.182 38.182 2.4
      vertex 32.7394 38.5701 2.4
    endloop
  endfacet
  facet normal -0.659298 -0.751882 -0
    outer loop
      vertex 33.182 38.182 2.4
      vertex 32.7394 38.5701 0
      vertex 33.182 38.182 0
    endloop
  endfacet
  facet normal 0.896827 0.442382 0
    outer loop
      vertex 26.1029 32.75 2.4
      vertex 25.8425 33.2779 0
      vertex 25.8425 33.2779 2.4
    endloop
  endfacet
  facet normal 0.896827 0.442382 0
    outer loop
      vertex 25.8425 33.2779 0
      vertex 26.1029 32.75 2.4
      vertex 26.1029 32.75 0
    endloop
  endfacet
  facet normal 0.997859 -0.0654027 0
    outer loop
      vertex 25.5 35 2.4
      vertex 25.5385 35.5874 0
      vertex 25.5385 35.5874 2.4
    endloop
  endfacet
  facet normal 0.997859 -0.0654027 0
    outer loop
      vertex 25.5385 35.5874 0
      vertex 25.5 35 2.4
      vertex 25.5 35 0
    endloop
  endfacet
  facet normal -0.831475 0.555562 0
    outer loop
      vertex 33.5701 32.2606 0
      vertex 33.8971 32.75 2.4
      vertex 33.8971 32.75 0
    endloop
  endfacet
  facet normal -0.831475 0.555562 0
    outer loop
      vertex 33.8971 32.75 2.4
      vertex 33.5701 32.2606 0
      vertex 33.5701 32.2606 2.4
    endloop
  endfacet
  facet normal -0.896827 -0.442382 0
    outer loop
      vertex 34.1575 36.7221 0
      vertex 33.8971 37.25 2.4
      vertex 33.8971 37.25 0
    endloop
  endfacet
  facet normal -0.896827 -0.442382 0
    outer loop
      vertex 33.8971 37.25 2.4
      vertex 34.1575 36.7221 0
      vertex 34.1575 36.7221 2.4
    endloop
  endfacet
  facet normal 0.555562 0.831475 -0
    outer loop
      vertex 27.75 31.1029 0
      vertex 27.2606 31.4299 2.4
      vertex 27.75 31.1029 2.4
    endloop
  endfacet
  facet normal 0.555562 0.831475 0
    outer loop
      vertex 27.2606 31.4299 2.4
      vertex 27.75 31.1029 0
      vertex 27.2606 31.4299 0
    endloop
  endfacet
  facet normal -0.555562 0.831475 0
    outer loop
      vertex 32.7394 31.4299 0
      vertex 32.25 31.1029 2.4
      vertex 32.7394 31.4299 2.4
    endloop
  endfacet
  facet normal -0.555562 0.831475 0
    outer loop
      vertex 32.25 31.1029 2.4
      vertex 32.7394 31.4299 0
      vertex 32.25 31.1029 0
    endloop
  endfacet
  facet normal -0.946936 -0.321421 0
    outer loop
      vertex 34.3467 36.1647 0
      vertex 34.1575 36.7221 2.4
      vertex 34.1575 36.7221 0
    endloop
  endfacet
  facet normal -0.946936 -0.321421 0
    outer loop
      vertex 34.1575 36.7221 2.4
      vertex 34.3467 36.1647 0
      vertex 34.3467 36.1647 2.4
    endloop
  endfacet
  facet normal 0.980796 -0.195038 0
    outer loop
      vertex 25.5385 35.5874 2.4
      vertex 25.6533 36.1647 0
      vertex 25.6533 36.1647 2.4
    endloop
  endfacet
  facet normal 0.980796 -0.195038 0
    outer loop
      vertex 25.6533 36.1647 0
      vertex 25.5385 35.5874 2.4
      vertex 25.5385 35.5874 0
    endloop
  endfacet
  facet normal 0.0654027 -0.997859 0
    outer loop
      vertex 29.4126 39.4615 0
      vertex 30 39.5 2.4
      vertex 29.4126 39.4615 2.4
    endloop
  endfacet
  facet normal 0.0654027 -0.997859 0
    outer loop
      vertex 30 39.5 2.4
      vertex 29.4126 39.4615 0
      vertex 30 39.5 0
    endloop
  endfacet
  facet normal 0.980796 0.195038 0
    outer loop
      vertex 25.6533 33.8353 2.4
      vertex 25.5385 34.4126 0
      vertex 25.5385 34.4126 2.4
    endloop
  endfacet
  facet normal 0.980796 0.195038 0
    outer loop
      vertex 25.5385 34.4126 0
      vertex 25.6533 33.8353 2.4
      vertex 25.6533 33.8353 0
    endloop
  endfacet
  facet normal 0.751882 0.659298 0
    outer loop
      vertex 26.818 31.818 2.4
      vertex 26.4299 32.2606 0
      vertex 26.4299 32.2606 2.4
    endloop
  endfacet
  facet normal 0.751882 0.659298 0
    outer loop
      vertex 26.4299 32.2606 0
      vertex 26.818 31.818 2.4
      vertex 26.818 31.818 0
    endloop
  endfacet
  facet normal -0.0654027 -0.997859 0
    outer loop
      vertex 30 39.5 0
      vertex 30.5874 39.4615 2.4
      vertex 30 39.5 2.4
    endloop
  endfacet
  facet normal -0.0654027 -0.997859 -0
    outer loop
      vertex 30.5874 39.4615 2.4
      vertex 30 39.5 0
      vertex 30.5874 39.4615 0
    endloop
  endfacet
  facet normal 0.831475 -0.555562 0
    outer loop
      vertex 26.1029 37.25 2.4
      vertex 26.4299 37.7394 0
      vertex 26.4299 37.7394 2.4
    endloop
  endfacet
  facet normal 0.831475 -0.555562 0
    outer loop
      vertex 26.4299 37.7394 0
      vertex 26.1029 37.25 2.4
      vertex 26.1029 37.25 0
    endloop
  endfacet
  facet normal -1 0 0
    outer loop
      vertex 32.25 27 0
      vertex 32.25 31.1029 2.4
      vertex 32.25 31.1029 0
    endloop
  endfacet
  facet normal -1 -0 0
    outer loop
      vertex 32.25 31.1029 2.4
      vertex 32.25 27 0
      vertex 32.25 27 2.4
    endloop
  endfacet
  facet normal -0.99787 0.0652336 0
    outer loop
      vertex 32.2308 26.7063 0
      vertex 32.25 27 2.4
      vertex 32.25 27 0
    endloop
  endfacet
  facet normal -0.99787 0.0652336 0
    outer loop
      vertex 32.25 27 2.4
      vertex 32.2308 26.7063 0
      vertex 32.2308 26.7063 2.4
    endloop
  endfacet
  facet normal 0.99787 0.0652336 0
    outer loop
      vertex 27.7692 26.7063 2.4
      vertex 27.75 27 0
      vertex 27.75 27 2.4
    endloop
  endfacet
  facet normal 0.99787 0.0652336 0
    outer loop
      vertex 27.75 27 0
      vertex 27.7692 26.7063 2.4
      vertex 27.7692 26.7063 0
    endloop
  endfacet
  facet normal 0.195397 0.980724 -0
    outer loop
      vertex 29.7063 24.7692 0
      vertex 29.4177 24.8267 2.4
      vertex 29.7063 24.7692 2.4
    endloop
  endfacet
  facet normal 0.195397 0.980724 0
    outer loop
      vertex 29.4177 24.8267 2.4
      vertex 29.7063 24.7692 0
      vertex 29.4177 24.8267 0
    endloop
  endfacet
  facet normal 0.751966 0.659202 0
    outer loop
      vertex 28.409 25.409 2.4
      vertex 28.215 25.6303 0
      vertex 28.215 25.6303 2.4
    endloop
  endfacet
  facet normal 0.751966 0.659202 0
    outer loop
      vertex 28.215 25.6303 0
      vertex 28.409 25.409 2.4
      vertex 28.409 25.409 0
    endloop
  endfacet
  facet normal -0.659202 0.751966 0
    outer loop
      vertex 31.591 25.409 0
      vertex 31.3697 25.215 2.4
      vertex 31.591 25.409 2.4
    endloop
  endfacet
  facet normal -0.659202 0.751966 0
    outer loop
      vertex 31.3697 25.215 2.4
      vertex 31.591 25.409 0
      vertex 31.3697 25.215 0
    endloop
  endfacet
  facet normal 0.659202 0.751966 -0
    outer loop
      vertex 28.6303 25.215 0
      vertex 28.409 25.409 2.4
      vertex 28.6303 25.215 2.4
    endloop
  endfacet
  facet normal 0.659202 0.751966 0
    outer loop
      vertex 28.409 25.409 2.4
      vertex 28.6303 25.215 0
      vertex 28.409 25.409 0
    endloop
  endfacet
  facet normal 1 -0 0
    outer loop
      vertex 27.75 27 2.4
      vertex 27.75 31.1029 0
      vertex 27.75 31.1029 2.4
    endloop
  endfacet
  facet normal 1 0 0
    outer loop
      vertex 27.75 31.1029 0
      vertex 27.75 27 2.4
      vertex 27.75 27 0
    endloop
  endfacet
  facet normal -0.980724 0.195397 0
    outer loop
      vertex 32.1733 26.4177 0
      vertex 32.2308 26.7063 2.4
      vertex 32.2308 26.7063 0
    endloop
  endfacet
  facet normal -0.980724 0.195397 0
    outer loop
      vertex 32.2308 26.7063 2.4
      vertex 32.1733 26.4177 0
      vertex 32.1733 26.4177 2.4
    endloop
  endfacet
  facet normal 0.896995 0.442042 0
    outer loop
      vertex 28.0514 25.875 2.4
      vertex 27.9213 26.139 0
      vertex 27.9213 26.139 2.4
    endloop
  endfacet
  facet normal 0.896995 0.442042 0
    outer loop
      vertex 27.9213 26.139 0
      vertex 28.0514 25.875 2.4
      vertex 28.0514 25.875 0
    endloop
  endfacet
  facet normal -0.555797 0.831318 0
    outer loop
      vertex 31.3697 25.215 0
      vertex 31.125 25.0514 2.4
      vertex 31.3697 25.215 2.4
    endloop
  endfacet
  facet normal -0.555797 0.831318 0
    outer loop
      vertex 31.125 25.0514 2.4
      vertex 31.3697 25.215 0
      vertex 31.125 25.0514 0
    endloop
  endfacet
  facet normal -0.0652336 0.99787 0
    outer loop
      vertex 30.2937 24.7692 0
      vertex 30 24.75 2.4
      vertex 30.2937 24.7692 2.4
    endloop
  endfacet
  facet normal -0.0652336 0.99787 0
    outer loop
      vertex 30 24.75 2.4
      vertex 30.2937 24.7692 0
      vertex 30 24.75 0
    endloop
  endfacet
  facet normal 0.980724 0.195397 0
    outer loop
      vertex 27.8267 26.4177 2.4
      vertex 27.7692 26.7063 0
      vertex 27.7692 26.7063 2.4
    endloop
  endfacet
  facet normal 0.980724 0.195397 0
    outer loop
      vertex 27.7692 26.7063 0
      vertex 27.8267 26.4177 2.4
      vertex 27.8267 26.4177 0
    endloop
  endfacet
  facet normal 0.831318 0.555797 0
    outer loop
      vertex 28.215 25.6303 2.4
      vertex 28.0514 25.875 0
      vertex 28.0514 25.875 2.4
    endloop
  endfacet
  facet normal 0.831318 0.555797 0
    outer loop
      vertex 28.0514 25.875 0
      vertex 28.215 25.6303 2.4
      vertex 28.215 25.6303 0
    endloop
  endfacet
  facet normal 0.442042 0.896995 -0
    outer loop
      vertex 29.139 24.9213 0
      vertex 28.875 25.0514 2.4
      vertex 29.139 24.9213 2.4
    endloop
  endfacet
  facet normal 0.442042 0.896995 0
    outer loop
      vertex 28.875 25.0514 2.4
      vertex 29.139 24.9213 0
      vertex 28.875 25.0514 0
    endloop
  endfacet
  facet normal -0.896995 0.442042 0
    outer loop
      vertex 31.9486 25.875 0
      vertex 32.0787 26.139 2.4
      vertex 32.0787 26.139 0
    endloop
  endfacet
  facet normal -0.896995 0.442042 0
    outer loop
      vertex 32.0787 26.139 2.4
      vertex 31.9486 25.875 0
      vertex 31.9486 25.875 2.4
    endloop
  endfacet
  facet normal 0.321421 0.946936 -0
    outer loop
      vertex 29.4177 24.8267 0
      vertex 29.139 24.9213 2.4
      vertex 29.4177 24.8267 2.4
    endloop
  endfacet
  facet normal 0.321421 0.946936 0
    outer loop
      vertex 29.139 24.9213 2.4
      vertex 29.4177 24.8267 0
      vertex 29.139 24.9213 0
    endloop
  endfacet
  facet normal 0.555797 0.831318 -0
    outer loop
      vertex 28.875 25.0514 0
      vertex 28.6303 25.215 2.4
      vertex 28.875 25.0514 2.4
    endloop
  endfacet
  facet normal 0.555797 0.831318 0
    outer loop
      vertex 28.6303 25.215 2.4
      vertex 28.875 25.0514 0
      vertex 28.6303 25.215 0
    endloop
  endfacet
  facet normal -0.442042 0.896995 0
    outer loop
      vertex 31.125 25.0514 0
      vertex 30.861 24.9213 2.4
      vertex 31.125 25.0514 2.4
    endloop
  endfacet
  facet normal -0.442042 0.896995 0
    outer loop
      vertex 30.861 24.9213 2.4
      vertex 31.125 25.0514 0
      vertex 30.861 24.9213 0
    endloop
  endfacet
  facet normal 0.946936 0.321421 0
    outer loop
      vertex 27.9213 26.139 2.4
      vertex 27.8267 26.4177 0
      vertex 27.8267 26.4177 2.4
    endloop
  endfacet
  facet normal 0.946936 0.321421 0
    outer loop
      vertex 27.8267 26.4177 0
      vertex 27.9213 26.139 2.4
      vertex 27.9213 26.139 0
    endloop
  endfacet
  facet normal -0.831318 0.555797 0
    outer loop
      vertex 31.785 25.6303 0
      vertex 31.9486 25.875 2.4
      vertex 31.9486 25.875 0
    endloop
  endfacet
  facet normal -0.831318 0.555797 0
    outer loop
      vertex 31.9486 25.875 2.4
      vertex 31.785 25.6303 0
      vertex 31.785 25.6303 2.4
    endloop
  endfacet
  facet normal 0.0652336 0.99787 -0
    outer loop
      vertex 30 24.75 0
      vertex 29.7063 24.7692 2.4
      vertex 30 24.75 2.4
    endloop
  endfacet
  facet normal 0.0652336 0.99787 0
    outer loop
      vertex 29.7063 24.7692 2.4
      vertex 30 24.75 0
      vertex 29.7063 24.7692 0
    endloop
  endfacet
  facet normal -0.751966 0.659202 0
    outer loop
      vertex 31.591 25.409 0
      vertex 31.785 25.6303 2.4
      vertex 31.785 25.6303 0
    endloop
  endfacet
  facet normal -0.751966 0.659202 0
    outer loop
      vertex 31.785 25.6303 2.4
      vertex 31.591 25.409 0
      vertex 31.591 25.409 2.4
    endloop
  endfacet
  facet normal -0.321421 0.946936 0
    outer loop
      vertex 30.861 24.9213 0
      vertex 30.5823 24.8267 2.4
      vertex 30.861 24.9213 2.4
    endloop
  endfacet
  facet normal -0.321421 0.946936 0
    outer loop
      vertex 30.5823 24.8267 2.4
      vertex 30.861 24.9213 0
      vertex 30.5823 24.8267 0
    endloop
  endfacet
  facet normal -0.946936 0.321421 0
    outer loop
      vertex 32.0787 26.139 0
      vertex 32.1733 26.4177 2.4
      vertex 32.1733 26.4177 0
    endloop
  endfacet
  facet normal -0.946936 0.321421 0
    outer loop
      vertex 32.1733 26.4177 2.4
      vertex 32.0787 26.139 0
      vertex 32.0787 26.139 2.4
    endloop
  endfacet
  facet normal -0.195397 0.980724 0
    outer loop
      vertex 30.5823 24.8267 0
      vertex 30.2937 24.7692 2.4
      vertex 30.5823 24.8267 2.4
    endloop
  endfacet
  facet normal -0.195397 0.980724 0
    outer loop
      vertex 30.2937 24.7692 2.4
      vertex 30.5823 24.8267 0
      vertex 30.2937 24.7692 0
    endloop
  endfacet
  facet normal -1 0 0
    outer loop
      vertex 7 -56 4
      vertex 7 -53.6 14
      vertex 7 -53.6 4
    endloop
  endfacet
  facet normal -1 -0 0
    outer loop
      vertex 7 -53.6 14
      vertex 7 -56 4
      vertex 7 -56 14
    endloop
  endfacet
  facet normal 0 0 -1
    outer loop
      vertex -7 -56 14
      vertex 7 -53.6 14
      vertex 7 -56 14
    endloop
  endfacet
  facet normal -0 0 -1
    outer loop
      vertex 7 -53.6 14
      vertex -7 -56 14
      vertex -7 -53.6 14
    endloop
  endfacet
  facet normal -0 0 1
    outer loop
      vertex -7 -53.6 4
      vertex 7 -56 4
      vertex 7 -53.6 4
    endloop
  endfacet
  facet normal 0 0 1
    outer loop
      vertex 7 -56 4
      vertex -7 -53.6 4
      vertex -7 -56 4
    endloop
  endfacet
  facet normal 1 -0 0
    outer loop
      vertex -7 -56 14
      vertex -7 -53.6 4
      vertex -7 -53.6 14
    endloop
  endfacet
  facet normal 1 0 0
    outer loop
      vertex -7 -53.6 4
      vertex -7 -56 14
      vertex -7 -56 4
    endloop
  endfacet
endsolid OpenSCAD_Model
